<?xml version="1.0" encoding="UTF-8"?>
<!DOCTYPE mapper PUBLIC "-//mybatis.org//DTD Mapper 3.0//EN" "http://mybatis.org/dtd/mybatis-3-mapper.dtd">
<mapper namespace="com.leniao.huanbao.mapper.AlternateProductionMapper">

    <resultMap id="BaseResultMap" type="com.leniao.huanbao.dto.alternateproduction.ReduceEmmissionDto">
        <id column="plan_id" jdbcType="BIGINT" property="planId" />
        <result column="plan_name" jdbcType="VARCHAR" property="planName" />
        <result column="agcyName" jdbcType="VARCHAR" property="agcyName" />
        <result column="plan_type" jdbcType="INTEGER" property="planType" />
        <result column="begin_time" jdbcType="TIMESTAMP" property="beginTime" />
        <result column="end_time" jdbcType="TIMESTAMP" property="endTime" />
        <result column="update_time" jdbcType="TIMESTAMP" property="updateTime" />
        <result column="limit_produc_time_count" jdbcType="INTEGER" property="limitProducTimeCount" />
        <result column="warn_level" jdbcType="INTEGER" property="warnLevel" />
        <result column="remark" jdbcType="VARCHAR" property="remark" />
        <result column="is_using" jdbcType="INTEGER" property="isUsing" />
        <result column="create_user" jdbcType="INTEGER" property="createUser" />
        <result column="bind_unit_count" jdbcType="INTEGER" property="bindUnitCount" />
        <result column="belong_agency" jdbcType="INTEGER" property="belongAgency" />
        <result column="only_read" jdbcType="INTEGER" property="onlyRead" />
        <result column="stop_produc_time_list" jdbcType="LONGVARCHAR" property="stopProducTimeListStr" />
    </resultMap>
    <sql id="Example_Where_Clause">
        <where>
            <foreach collection="oredCriteria" item="criteria" separator="or">
                <if test="criteria.valid">
                    <trim prefix="(" prefixOverrides="and" suffix=")">
                        <foreach collection="criteria.criteria" item="criterion">
                            <choose>
                                <when test="criterion.noValue">
                                    and ${criterion.condition}
                                </when>
                                <when test="criterion.singleValue">
                                    and ${criterion.condition} #{criterion.value}
                                </when>
                                <when test="criterion.betweenValue">
                                    and ${criterion.condition} #{criterion.value} and #{criterion.secondValue}
                                </when>
                                <when test="criterion.listValue">
                                    and ${criterion.condition}
                                    <foreach close=")" collection="criterion.value" item="listItem" open="(" separator=",">
                                        #{listItem}
                                    </foreach>
                                </when>
                            </choose>
                        </foreach>
                    </trim>
                </if>
            </foreach>
        </where>
    </sql>
    <sql id="Base_Column_List">
        plan_id, plan_name, province_code, city_code, area_code, plan_type, begin_time, end_time,
        limit_produc_time_count, warn_level, remark, is_using, update_user, update_time,
        create_user, create_time, is_delete, bind_unit_count, platform_id, belong_agency
    </sql>
        <sql id="Blob_Column_List">
        stop_produc_time_list
    </sql>

    <select id="selectReduceEmmissionDto" resultMap="BaseResultMap">
        SELECT
            IF(a.province_code = #{areaCode.provinceCode} AND a.city_code = #{areaCode.cityCode} AND a.area_code = #{areaCode.areaCode},'1','0') as only_read,
            IFNULL((SELECT count(*) FROM `hby_reduceplan_join_project` c where a.plan_id = c.plan_id GROUP BY c.plan_id),0) AS bind_unit_count,
            a.plan_id, a.plan_name, a.province_code, a.city_code, a.area_code, a.plan_type, a.begin_time, a.end_time,
            a.limit_produc_time_count, a.warn_level, remark, a.is_using, a.update_user, a.update_time, a.stop_produc_time_list,
        a.create_user, a.create_time, a.is_delete, a.platform_id, a.belong_agency, b.agcy_name agcyName
        FROM hby_reduce_emmission_plan a INNER JOIN hby_agency b on a.belong_agency = b.id
        WHERE a.is_delete = 0 AND a.platform_id = #{platformId}
        <if test="isUsing != null">
            AND a.is_using = 1 AND a.end_time &gt;= #{nowTime}
        </if>
        <!--<if test="agcyId != null">-->
            <!--AND b.id = #{agcyId}-->
        <!--</if>-->
        <if test="warnLevel != null">
            AND a.warn_level = #{warnLevel}
        </if>
        <if test="beginTime != null">
            AND a.end_time &gt;= #{beginTime}
        </if>
        <if test="endTime != null">
            AND a.begin_time &lt;= #{endTime}
        </if>
        <if test="userGrade == 1 and areaCode != null">
            AND a.province_code = #{areaCode.provinceCode}
        </if>
        <if test="userGrade == 2 and areaCode != null">
            AND a.city_code = #{areaCode.cityCode}
        </if>
        <if test="userGrade == 3 and areaCode != null">
            AND a.area_code = #{areaCode.areaCode}
        </if>
        ORDER BY only_read DESC, update_time DESC
    </select>


    <update id="updateReduceEmmissionPlanState" >
        update hby_reduce_emmission_plan set is_delete = 1, update_user = #{userId}, update_time = NOW() where plan_id = #{planId}
    </update>

    <select id="selectBindCount" resultType="java.lang.Integer">
        SELECT count(*) FROM `hby_reduceplan_join_project` c where c.plan_id = #{planId}
    </select>

</mapper>