<?xml version="1.0" encoding="UTF-8"?>
<!DOCTYPE mapper PUBLIC "-//mybatis.org//DTD Mapper 3.0//EN" "http://mybatis.org/dtd/mybatis-3-mapper.dtd">
<mapper namespace="com.leniao.huanbao.mapper.CommonSimpleBeanInfoMapper">

    <select id="findDevicesOfOverLookPointByUnitID" resultType="com.leniao.huanbao.dto.schedule.DevDto">
        SELECT DISTINCT
            d.devIdpk,
            d.projId unitId,
            c.platformId,
            d.devSignature,
            d.installLocation,
            b.dev_pro_ty devProTy,
            ifnull(b.dev_work_state, 0) devWorkState,
            c.industryId
        FROM
            hby_overlookpoint a
        INNER JOIN hby_overlook_dev_join b ON a.id = b.look_id
        INNER JOIN tblndeviceinfo d on b.dev_idpk = d.devIdpk
        LEFT JOIN tblnprojectinfo c ON d.projId = c.projId
        where d.isDelete =0 and d.projId = #{unitId}
    </select>

    <select id="findUnitBasicInfoByID" resultType="com.leniao.huanbao.dto.schedule.UnitBasicInfoDto">
        SELECT DISTINCT
        a.projId unitId,
        a.industryId,
        a.projName unitName,
        a.proProvinceCode provinceCode,
        a.proCityCode cityCode,
        a.proAreaCode areaCode,
        a.platformId
        FROM
        tblnprojectinfo a
        JOIN hby_overlookpoint b ON a.projId = b.unit_id
        <where>
            <if test="unitId != null">
                a.projId = #{unitId}
            </if>
        </where>
    </select>
    <select id="findAllOverlookDevErrs" resultType="com.leniao.huanbao.dto.schedule.HbyErrorDto$ForwardSyncErrorDto">
        SELECT
            a.warnTime errorTime,
            0 AS dealStatus,
            a.warnTy errorEventType,
            a.warnId rawErrID,
            a.warnNode1 rawNode,
            n.devNode1Desc nodeDesc,
            a.warnTy rawType,
            a.warnValue rawValue,
            a.warnUint rawUnit,
            a.UUID rawUuid,
            r.IdDesc errorDesc,
            b.projId unitId,
            dj.dev_pro_ty type,
            dj.dev_pro_ty pollOrCon,
            b.devIdpk,
            b.devSignature,
            b.installLocation,
            c.proProvinceCode provinceCode,
            c.proCityCode cityCode,
            c.proAreaCode areaCode,
            c.platformId,
            c.industryId,
            j.plan_id planId
        FROM
            tblnrealtimewarninfo a
        LEFT JOIN tblndeviceinfo b ON a.devIdpk = b.devIdpk
        join (SELECT DISTINCT dev_idpk,dev_pro_ty FROM hby_overlook_dev_join) dj on a.devIdpk =dj.dev_idpk
        JOIN tblnprojectinfo c ON c.projId = b.projId
        LEFT JOIN hby_reduceplan_join_project j ON c.projId = j.unit_id
        JOIN tblnerrordescinfo r ON a.warnTy = r.id
        JOIN tblndevicenodeinfo n ON b.devTyId = n.devTy and a.warnNode1 = n.devNode1
        WHERE
            b.isDelete = 0
        AND c.isDelete = 0
        AND a.warnId <![CDATA[ > ]]> #{maxWranId}
    </select>
    <select id="findUnitEveryErrTypeNum" resultType="java.util.HashMap">
        SELECT type, count(1) num FROM hby_project_errorinfo where TO_DAYS(#{errTime}) = TO_DAYS(error_time) and unit_id = #{unitId} GROUP BY type
    </select>
    <select id="findMonthEleUseOfDevice" resultType="com.leniao.huanbao.dto.schedule.DeviceEleUseDto">
        SELECT t1.dev_idpk devIdpk,t1.projId unitId, ROUND(IFNULL(sum(dayTotalQ),0),2)totalQ  FROM (
            SELECT DISTINCT a.dev_idpk,b.projId FROM  hby_overlook_dev_join a
            join tblndeviceinfo b on a.dev_idpk = b.devIdpk ) t1
            LEFT JOIN ushare_device_electricuse t2 ON t1.dev_idpk = t2.devIdpk and t2.elYear = #{year}
            <if test="month > 0">
                and t2.elMonth = #{month}
            </if>
            GROUP BY t1.dev_idpk
    </select>


</mapper>