<?xml version="1.0" encoding="UTF-8"?>
<!DOCTYPE mapper PUBLIC "-//mybatis.org//DTD Mapper 3.0//EN" "http://mybatis.org/dtd/mybatis-3-mapper.dtd">
<mapper namespace="com.leniao.huanbao.mapper.HbyDevalTimeStatusMapper">
  <resultMap id="BaseResultMap" type="com.leniao.huanbao.entity.HbyDevalTimeStatus">
    <id column="id" jdbcType="BIGINT" property="id" />
    <result column="unitId" jdbcType="INTEGER" property="unitId" />
    <result column="devIdpk" jdbcType="INTEGER" property="devIdpk" />
    <result column="devProTy" jdbcType="INTEGER" property="devProTy" />
    <result column="platformId" jdbcType="INTEGER" property="platformId" />
    <result column="updateTime" jdbcType="TIMESTAMP" property="updateTime" />
    <result column="addtime" jdbcType="TIMESTAMP" property="addtime" />
    <result column="H0_1" jdbcType="INTEGER" property="h0_1" />
    <result column="H0_2" jdbcType="INTEGER" property="h0_2" />
    <result column="H0_3" jdbcType="INTEGER" property="h0_3" />
    <result column="H1_1" jdbcType="INTEGER" property="h1_1" />
    <result column="H1_2" jdbcType="INTEGER" property="h1_2" />
    <result column="H1_3" jdbcType="INTEGER" property="h1_3" />
    <result column="H2_1" jdbcType="INTEGER" property="h2_1" />
    <result column="H2_2" jdbcType="INTEGER" property="h2_2" />
    <result column="H2_3" jdbcType="INTEGER" property="h2_3" />
    <result column="H3_1" jdbcType="INTEGER" property="h3_1" />
    <result column="H3_2" jdbcType="INTEGER" property="h3_2" />
    <result column="H3_3" jdbcType="INTEGER" property="h3_3" />
    <result column="H4_1" jdbcType="INTEGER" property="h4_1" />
    <result column="H4_2" jdbcType="INTEGER" property="h4_2" />
    <result column="H4_3" jdbcType="INTEGER" property="h4_3" />
    <result column="H5_1" jdbcType="INTEGER" property="h5_1" />
    <result column="H5_2" jdbcType="INTEGER" property="h5_2" />
    <result column="H5_3" jdbcType="INTEGER" property="h5_3" />
    <result column="H6_1" jdbcType="INTEGER" property="h6_1" />
    <result column="H6_2" jdbcType="INTEGER" property="h6_2" />
    <result column="H6_3" jdbcType="INTEGER" property="h6_3" />
    <result column="H7_1" jdbcType="INTEGER" property="h7_1" />
    <result column="H7_2" jdbcType="INTEGER" property="h7_2" />
    <result column="H7_3" jdbcType="INTEGER" property="h7_3" />
    <result column="H8_1" jdbcType="INTEGER" property="h8_1" />
    <result column="H8_2" jdbcType="INTEGER" property="h8_2" />
    <result column="H8_3" jdbcType="INTEGER" property="h8_3" />
    <result column="H9_1" jdbcType="INTEGER" property="h9_1" />
    <result column="H9_2" jdbcType="INTEGER" property="h9_2" />
    <result column="H9_3" jdbcType="INTEGER" property="h9_3" />
    <result column="H10_1" jdbcType="INTEGER" property="h10_1" />
    <result column="H10_2" jdbcType="INTEGER" property="h10_2" />
    <result column="H10_3" jdbcType="INTEGER" property="h10_3" />
    <result column="H11_1" jdbcType="INTEGER" property="h11_1" />
    <result column="H11_2" jdbcType="INTEGER" property="h11_2" />
    <result column="H11_3" jdbcType="INTEGER" property="h11_3" />
    <result column="H12_1" jdbcType="INTEGER" property="h12_1" />
    <result column="H12_2" jdbcType="INTEGER" property="h12_2" />
    <result column="H12_3" jdbcType="INTEGER" property="h12_3" />
    <result column="H13_1" jdbcType="INTEGER" property="h13_1" />
    <result column="H13_2" jdbcType="INTEGER" property="h13_2" />
    <result column="H13_3" jdbcType="INTEGER" property="h13_3" />
    <result column="H14_1" jdbcType="INTEGER" property="h14_1" />
    <result column="H14_2" jdbcType="INTEGER" property="h14_2" />
    <result column="H14_3" jdbcType="INTEGER" property="h14_3" />
    <result column="H15_1" jdbcType="INTEGER" property="h15_1" />
    <result column="H15_2" jdbcType="INTEGER" property="h15_2" />
    <result column="H15_3" jdbcType="INTEGER" property="h15_3" />
    <result column="H16_1" jdbcType="INTEGER" property="h16_1" />
    <result column="H16_2" jdbcType="INTEGER" property="h16_2" />
    <result column="H16_3" jdbcType="INTEGER" property="h16_3" />
    <result column="H17_1" jdbcType="INTEGER" property="h17_1" />
    <result column="H17_2" jdbcType="INTEGER" property="h17_2" />
    <result column="H17_3" jdbcType="INTEGER" property="h17_3" />
    <result column="H18_1" jdbcType="INTEGER" property="h18_1" />
    <result column="H18_2" jdbcType="INTEGER" property="h18_2" />
    <result column="H18_3" jdbcType="INTEGER" property="h18_3" />
    <result column="H19_1" jdbcType="INTEGER" property="h19_1" />
    <result column="H19_2" jdbcType="INTEGER" property="h19_2" />
    <result column="H19_3" jdbcType="INTEGER" property="h19_3" />
    <result column="H20_1" jdbcType="INTEGER" property="h20_1" />
    <result column="H20_2" jdbcType="INTEGER" property="h20_2" />
    <result column="H20_3" jdbcType="INTEGER" property="h20_3" />
    <result column="H21_1" jdbcType="INTEGER" property="h21_1" />
    <result column="H21_2" jdbcType="INTEGER" property="h21_2" />
    <result column="H21_3" jdbcType="INTEGER" property="h21_3" />
    <result column="H22_1" jdbcType="INTEGER" property="h22_1" />
    <result column="H22_2" jdbcType="INTEGER" property="h22_2" />
    <result column="H22_3" jdbcType="INTEGER" property="h22_3" />
    <result column="H23_1" jdbcType="INTEGER" property="h23_1" />
    <result column="H23_2" jdbcType="INTEGER" property="h23_2" />
    <result column="H23_3" jdbcType="INTEGER" property="h23_3" />
  </resultMap>
  <sql id="Example_Where_Clause">
    <where>
      <foreach collection="oredCriteria" item="criteria" separator="or">
        <if test="criteria.valid">
          <trim prefix="(" prefixOverrides="and" suffix=")">
            <foreach collection="criteria.criteria" item="criterion">
              <choose>
                <when test="criterion.noValue">
                  and ${criterion.condition}
                </when>
                <when test="criterion.singleValue">
                  and ${criterion.condition} #{criterion.value}
                </when>
                <when test="criterion.betweenValue">
                  and ${criterion.condition} #{criterion.value} and #{criterion.secondValue}
                </when>
                <when test="criterion.listValue">
                  and ${criterion.condition}
                  <foreach close=")" collection="criterion.value" item="listItem" open="(" separator=",">
                    #{listItem}
                  </foreach>
                </when>
              </choose>
            </foreach>
          </trim>
        </if>
      </foreach>
    </where>
  </sql>
  <sql id="Update_By_Example_Where_Clause">
    <where>
      <foreach collection="example.oredCriteria" item="criteria" separator="or">
        <if test="criteria.valid">
          <trim prefix="(" prefixOverrides="and" suffix=")">
            <foreach collection="criteria.criteria" item="criterion">
              <choose>
                <when test="criterion.noValue">
                  and ${criterion.condition}
                </when>
                <when test="criterion.singleValue">
                  and ${criterion.condition} #{criterion.value}
                </when>
                <when test="criterion.betweenValue">
                  and ${criterion.condition} #{criterion.value} and #{criterion.secondValue}
                </when>
                <when test="criterion.listValue">
                  and ${criterion.condition}
                  <foreach close=")" collection="criterion.value" item="listItem" open="(" separator=",">
                    #{listItem}
                  </foreach>
                </when>
              </choose>
            </foreach>
          </trim>
        </if>
      </foreach>
    </where>
  </sql>
  <sql id="Base_Column_List">
    id, unitId, devIdpk, devProTy, platformId, updateTime, addtime, H0_1, H0_2, H0_3, 
    H1_1, H1_2, H1_3, H2_1, H2_2, H2_3, H3_1, H3_2, H3_3, H4_1, H4_2, H4_3, H5_1, H5_2, 
    H5_3, H6_1, H6_2, H6_3, H7_1, H7_2, H7_3, H8_1, H8_2, H8_3, H9_1, H9_2, H9_3, H10_1, 
    H10_2, H10_3, H11_1, H11_2, H11_3, H12_1, H12_2, H12_3, H13_1, H13_2, H13_3, H14_1, 
    H14_2, H14_3, H15_1, H15_2, H15_3, H16_1, H16_2, H16_3, H17_1, H17_2, H17_3, H18_1, 
    H18_2, H18_3, H19_1, H19_2, H19_3, H20_1, H20_2, H20_3, H21_1, H21_2, H21_3, H22_1, 
    H22_2, H22_3, H23_1, H23_2, H23_3
  </sql>
  <select id="selectByExample" parameterType="com.leniao.huanbao.entity.HbyDevalTimeStatusExample" resultMap="BaseResultMap">
    select
    <if test="distinct">
      distinct
    </if>
    <include refid="Base_Column_List" />
    from hby_deval_time_status
    <if test="_parameter != null">
      <include refid="Example_Where_Clause" />
    </if>
    <if test="orderByClause != null">
      order by ${orderByClause}
    </if>
  </select>
  <select id="selectByPrimaryKey" parameterType="java.lang.Long" resultMap="BaseResultMap">
    select 
    <include refid="Base_Column_List" />
    from hby_deval_time_status
    where id = #{id,jdbcType=BIGINT}
  </select>
  <delete id="deleteByPrimaryKey" parameterType="java.lang.Long">
    delete from hby_deval_time_status
    where id = #{id,jdbcType=BIGINT}
  </delete>
  <delete id="deleteByExample" parameterType="com.leniao.huanbao.entity.HbyDevalTimeStatusExample">
    delete from hby_deval_time_status
    <if test="_parameter != null">
      <include refid="Example_Where_Clause" />
    </if>
  </delete>
  <insert id="insert" parameterType="com.leniao.huanbao.entity.HbyDevalTimeStatus">
    insert into hby_deval_time_status (id, unitId, devIdpk, 
      devProTy, platformId, updateTime, 
      addtime, H0_1, H0_2, 
      H0_3, H1_1, H1_2, H1_3, 
      H2_1, H2_2, H2_3, H3_1, 
      H3_2, H3_3, H4_1, H4_2, 
      H4_3, H5_1, H5_2, H5_3, 
      H6_1, H6_2, H6_3, H7_1, 
      H7_2, H7_3, H8_1, H8_2, 
      H8_3, H9_1, H9_2, H9_3, 
      H10_1, H10_2, H10_3, 
      H11_1, H11_2, H11_3, 
      H12_1, H12_2, H12_3, 
      H13_1, H13_2, H13_3, 
      H14_1, H14_2, H14_3, 
      H15_1, H15_2, H15_3, 
      H16_1, H16_2, H16_3, 
      H17_1, H17_2, H17_3, 
      H18_1, H18_2, H18_3, 
      H19_1, H19_2, H19_3, 
      H20_1, H20_2, H20_3, 
      H21_1, H21_2, H21_3, 
      H22_1, H22_2, H22_3, 
      H23_1, H23_2, H23_3
      )
    values (#{id,jdbcType=BIGINT}, #{unitId,jdbcType=INTEGER}, #{devIdpk,jdbcType=INTEGER}, 
      #{devProTy,jdbcType=INTEGER}, #{platformId,jdbcType=INTEGER}, #{updateTime,jdbcType=TIMESTAMP}, 
      #{addtime,jdbcType=TIMESTAMP}, #{h0_1,jdbcType=INTEGER}, #{h0_2,jdbcType=INTEGER}, 
      #{h0_3,jdbcType=INTEGER}, #{h1_1,jdbcType=INTEGER}, #{h1_2,jdbcType=INTEGER}, #{h1_3,jdbcType=INTEGER}, 
      #{h2_1,jdbcType=INTEGER}, #{h2_2,jdbcType=INTEGER}, #{h2_3,jdbcType=INTEGER}, #{h3_1,jdbcType=INTEGER}, 
      #{h3_2,jdbcType=INTEGER}, #{h3_3,jdbcType=INTEGER}, #{h4_1,jdbcType=INTEGER}, #{h4_2,jdbcType=INTEGER}, 
      #{h4_3,jdbcType=INTEGER}, #{h5_1,jdbcType=INTEGER}, #{h5_2,jdbcType=INTEGER}, #{h5_3,jdbcType=INTEGER}, 
      #{h6_1,jdbcType=INTEGER}, #{h6_2,jdbcType=INTEGER}, #{h6_3,jdbcType=INTEGER}, #{h7_1,jdbcType=INTEGER}, 
      #{h7_2,jdbcType=INTEGER}, #{h7_3,jdbcType=INTEGER}, #{h8_1,jdbcType=INTEGER}, #{h8_2,jdbcType=INTEGER}, 
      #{h8_3,jdbcType=INTEGER}, #{h9_1,jdbcType=INTEGER}, #{h9_2,jdbcType=INTEGER}, #{h9_3,jdbcType=INTEGER}, 
      #{h10_1,jdbcType=INTEGER}, #{h10_2,jdbcType=INTEGER}, #{h10_3,jdbcType=INTEGER}, 
      #{h11_1,jdbcType=INTEGER}, #{h11_2,jdbcType=INTEGER}, #{h11_3,jdbcType=INTEGER}, 
      #{h12_1,jdbcType=INTEGER}, #{h12_2,jdbcType=INTEGER}, #{h12_3,jdbcType=INTEGER}, 
      #{h13_1,jdbcType=INTEGER}, #{h13_2,jdbcType=INTEGER}, #{h13_3,jdbcType=INTEGER}, 
      #{h14_1,jdbcType=INTEGER}, #{h14_2,jdbcType=INTEGER}, #{h14_3,jdbcType=INTEGER}, 
      #{h15_1,jdbcType=INTEGER}, #{h15_2,jdbcType=INTEGER}, #{h15_3,jdbcType=INTEGER}, 
      #{h16_1,jdbcType=INTEGER}, #{h16_2,jdbcType=INTEGER}, #{h16_3,jdbcType=INTEGER}, 
      #{h17_1,jdbcType=INTEGER}, #{h17_2,jdbcType=INTEGER}, #{h17_3,jdbcType=INTEGER}, 
      #{h18_1,jdbcType=INTEGER}, #{h18_2,jdbcType=INTEGER}, #{h18_3,jdbcType=INTEGER}, 
      #{h19_1,jdbcType=INTEGER}, #{h19_2,jdbcType=INTEGER}, #{h19_3,jdbcType=INTEGER}, 
      #{h20_1,jdbcType=INTEGER}, #{h20_2,jdbcType=INTEGER}, #{h20_3,jdbcType=INTEGER}, 
      #{h21_1,jdbcType=INTEGER}, #{h21_2,jdbcType=INTEGER}, #{h21_3,jdbcType=INTEGER}, 
      #{h22_1,jdbcType=INTEGER}, #{h22_2,jdbcType=INTEGER}, #{h22_3,jdbcType=INTEGER}, 
      #{h23_1,jdbcType=INTEGER}, #{h23_2,jdbcType=INTEGER}, #{h23_3,jdbcType=INTEGER}
      )
  </insert>
  <insert id="insertSelective" parameterType="com.leniao.huanbao.entity.HbyDevalTimeStatus">
    insert into hby_deval_time_status
    <trim prefix="(" suffix=")" suffixOverrides=",">
      <if test="id != null">
        id,
      </if>
      <if test="unitId != null">
        unitId,
      </if>
      <if test="devIdpk != null">
        devIdpk,
      </if>
      <if test="devProTy != null">
        devProTy,
      </if>
      <if test="platformId != null">
        platformId,
      </if>
      <if test="updateTime != null">
        updateTime,
      </if>
      <if test="addtime != null">
        addtime,
      </if>
      <if test="h0_1 != null">
        H0_1,
      </if>
      <if test="h0_2 != null">
        H0_2,
      </if>
      <if test="h0_3 != null">
        H0_3,
      </if>
      <if test="h1_1 != null">
        H1_1,
      </if>
      <if test="h1_2 != null">
        H1_2,
      </if>
      <if test="h1_3 != null">
        H1_3,
      </if>
      <if test="h2_1 != null">
        H2_1,
      </if>
      <if test="h2_2 != null">
        H2_2,
      </if>
      <if test="h2_3 != null">
        H2_3,
      </if>
      <if test="h3_1 != null">
        H3_1,
      </if>
      <if test="h3_2 != null">
        H3_2,
      </if>
      <if test="h3_3 != null">
        H3_3,
      </if>
      <if test="h4_1 != null">
        H4_1,
      </if>
      <if test="h4_2 != null">
        H4_2,
      </if>
      <if test="h4_3 != null">
        H4_3,
      </if>
      <if test="h5_1 != null">
        H5_1,
      </if>
      <if test="h5_2 != null">
        H5_2,
      </if>
      <if test="h5_3 != null">
        H5_3,
      </if>
      <if test="h6_1 != null">
        H6_1,
      </if>
      <if test="h6_2 != null">
        H6_2,
      </if>
      <if test="h6_3 != null">
        H6_3,
      </if>
      <if test="h7_1 != null">
        H7_1,
      </if>
      <if test="h7_2 != null">
        H7_2,
      </if>
      <if test="h7_3 != null">
        H7_3,
      </if>
      <if test="h8_1 != null">
        H8_1,
      </if>
      <if test="h8_2 != null">
        H8_2,
      </if>
      <if test="h8_3 != null">
        H8_3,
      </if>
      <if test="h9_1 != null">
        H9_1,
      </if>
      <if test="h9_2 != null">
        H9_2,
      </if>
      <if test="h9_3 != null">
        H9_3,
      </if>
      <if test="h10_1 != null">
        H10_1,
      </if>
      <if test="h10_2 != null">
        H10_2,
      </if>
      <if test="h10_3 != null">
        H10_3,
      </if>
      <if test="h11_1 != null">
        H11_1,
      </if>
      <if test="h11_2 != null">
        H11_2,
      </if>
      <if test="h11_3 != null">
        H11_3,
      </if>
      <if test="h12_1 != null">
        H12_1,
      </if>
      <if test="h12_2 != null">
        H12_2,
      </if>
      <if test="h12_3 != null">
        H12_3,
      </if>
      <if test="h13_1 != null">
        H13_1,
      </if>
      <if test="h13_2 != null">
        H13_2,
      </if>
      <if test="h13_3 != null">
        H13_3,
      </if>
      <if test="h14_1 != null">
        H14_1,
      </if>
      <if test="h14_2 != null">
        H14_2,
      </if>
      <if test="h14_3 != null">
        H14_3,
      </if>
      <if test="h15_1 != null">
        H15_1,
      </if>
      <if test="h15_2 != null">
        H15_2,
      </if>
      <if test="h15_3 != null">
        H15_3,
      </if>
      <if test="h16_1 != null">
        H16_1,
      </if>
      <if test="h16_2 != null">
        H16_2,
      </if>
      <if test="h16_3 != null">
        H16_3,
      </if>
      <if test="h17_1 != null">
        H17_1,
      </if>
      <if test="h17_2 != null">
        H17_2,
      </if>
      <if test="h17_3 != null">
        H17_3,
      </if>
      <if test="h18_1 != null">
        H18_1,
      </if>
      <if test="h18_2 != null">
        H18_2,
      </if>
      <if test="h18_3 != null">
        H18_3,
      </if>
      <if test="h19_1 != null">
        H19_1,
      </if>
      <if test="h19_2 != null">
        H19_2,
      </if>
      <if test="h19_3 != null">
        H19_3,
      </if>
      <if test="h20_1 != null">
        H20_1,
      </if>
      <if test="h20_2 != null">
        H20_2,
      </if>
      <if test="h20_3 != null">
        H20_3,
      </if>
      <if test="h21_1 != null">
        H21_1,
      </if>
      <if test="h21_2 != null">
        H21_2,
      </if>
      <if test="h21_3 != null">
        H21_3,
      </if>
      <if test="h22_1 != null">
        H22_1,
      </if>
      <if test="h22_2 != null">
        H22_2,
      </if>
      <if test="h22_3 != null">
        H22_3,
      </if>
      <if test="h23_1 != null">
        H23_1,
      </if>
      <if test="h23_2 != null">
        H23_2,
      </if>
      <if test="h23_3 != null">
        H23_3,
      </if>
    </trim>
    <trim prefix="values (" suffix=")" suffixOverrides=",">
      <if test="id != null">
        #{id,jdbcType=BIGINT},
      </if>
      <if test="unitId != null">
        #{unitId,jdbcType=INTEGER},
      </if>
      <if test="devIdpk != null">
        #{devIdpk,jdbcType=INTEGER},
      </if>
      <if test="devProTy != null">
        #{devProTy,jdbcType=INTEGER},
      </if>
      <if test="platformId != null">
        #{platformId,jdbcType=INTEGER},
      </if>
      <if test="updateTime != null">
        #{updateTime,jdbcType=TIMESTAMP},
      </if>
      <if test="addtime != null">
        #{addtime,jdbcType=TIMESTAMP},
      </if>
      <if test="h0_1 != null">
        #{h0_1,jdbcType=INTEGER},
      </if>
      <if test="h0_2 != null">
        #{h0_2,jdbcType=INTEGER},
      </if>
      <if test="h0_3 != null">
        #{h0_3,jdbcType=INTEGER},
      </if>
      <if test="h1_1 != null">
        #{h1_1,jdbcType=INTEGER},
      </if>
      <if test="h1_2 != null">
        #{h1_2,jdbcType=INTEGER},
      </if>
      <if test="h1_3 != null">
        #{h1_3,jdbcType=INTEGER},
      </if>
      <if test="h2_1 != null">
        #{h2_1,jdbcType=INTEGER},
      </if>
      <if test="h2_2 != null">
        #{h2_2,jdbcType=INTEGER},
      </if>
      <if test="h2_3 != null">
        #{h2_3,jdbcType=INTEGER},
      </if>
      <if test="h3_1 != null">
        #{h3_1,jdbcType=INTEGER},
      </if>
      <if test="h3_2 != null">
        #{h3_2,jdbcType=INTEGER},
      </if>
      <if test="h3_3 != null">
        #{h3_3,jdbcType=INTEGER},
      </if>
      <if test="h4_1 != null">
        #{h4_1,jdbcType=INTEGER},
      </if>
      <if test="h4_2 != null">
        #{h4_2,jdbcType=INTEGER},
      </if>
      <if test="h4_3 != null">
        #{h4_3,jdbcType=INTEGER},
      </if>
      <if test="h5_1 != null">
        #{h5_1,jdbcType=INTEGER},
      </if>
      <if test="h5_2 != null">
        #{h5_2,jdbcType=INTEGER},
      </if>
      <if test="h5_3 != null">
        #{h5_3,jdbcType=INTEGER},
      </if>
      <if test="h6_1 != null">
        #{h6_1,jdbcType=INTEGER},
      </if>
      <if test="h6_2 != null">
        #{h6_2,jdbcType=INTEGER},
      </if>
      <if test="h6_3 != null">
        #{h6_3,jdbcType=INTEGER},
      </if>
      <if test="h7_1 != null">
        #{h7_1,jdbcType=INTEGER},
      </if>
      <if test="h7_2 != null">
        #{h7_2,jdbcType=INTEGER},
      </if>
      <if test="h7_3 != null">
        #{h7_3,jdbcType=INTEGER},
      </if>
      <if test="h8_1 != null">
        #{h8_1,jdbcType=INTEGER},
      </if>
      <if test="h8_2 != null">
        #{h8_2,jdbcType=INTEGER},
      </if>
      <if test="h8_3 != null">
        #{h8_3,jdbcType=INTEGER},
      </if>
      <if test="h9_1 != null">
        #{h9_1,jdbcType=INTEGER},
      </if>
      <if test="h9_2 != null">
        #{h9_2,jdbcType=INTEGER},
      </if>
      <if test="h9_3 != null">
        #{h9_3,jdbcType=INTEGER},
      </if>
      <if test="h10_1 != null">
        #{h10_1,jdbcType=INTEGER},
      </if>
      <if test="h10_2 != null">
        #{h10_2,jdbcType=INTEGER},
      </if>
      <if test="h10_3 != null">
        #{h10_3,jdbcType=INTEGER},
      </if>
      <if test="h11_1 != null">
        #{h11_1,jdbcType=INTEGER},
      </if>
      <if test="h11_2 != null">
        #{h11_2,jdbcType=INTEGER},
      </if>
      <if test="h11_3 != null">
        #{h11_3,jdbcType=INTEGER},
      </if>
      <if test="h12_1 != null">
        #{h12_1,jdbcType=INTEGER},
      </if>
      <if test="h12_2 != null">
        #{h12_2,jdbcType=INTEGER},
      </if>
      <if test="h12_3 != null">
        #{h12_3,jdbcType=INTEGER},
      </if>
      <if test="h13_1 != null">
        #{h13_1,jdbcType=INTEGER},
      </if>
      <if test="h13_2 != null">
        #{h13_2,jdbcType=INTEGER},
      </if>
      <if test="h13_3 != null">
        #{h13_3,jdbcType=INTEGER},
      </if>
      <if test="h14_1 != null">
        #{h14_1,jdbcType=INTEGER},
      </if>
      <if test="h14_2 != null">
        #{h14_2,jdbcType=INTEGER},
      </if>
      <if test="h14_3 != null">
        #{h14_3,jdbcType=INTEGER},
      </if>
      <if test="h15_1 != null">
        #{h15_1,jdbcType=INTEGER},
      </if>
      <if test="h15_2 != null">
        #{h15_2,jdbcType=INTEGER},
      </if>
      <if test="h15_3 != null">
        #{h15_3,jdbcType=INTEGER},
      </if>
      <if test="h16_1 != null">
        #{h16_1,jdbcType=INTEGER},
      </if>
      <if test="h16_2 != null">
        #{h16_2,jdbcType=INTEGER},
      </if>
      <if test="h16_3 != null">
        #{h16_3,jdbcType=INTEGER},
      </if>
      <if test="h17_1 != null">
        #{h17_1,jdbcType=INTEGER},
      </if>
      <if test="h17_2 != null">
        #{h17_2,jdbcType=INTEGER},
      </if>
      <if test="h17_3 != null">
        #{h17_3,jdbcType=INTEGER},
      </if>
      <if test="h18_1 != null">
        #{h18_1,jdbcType=INTEGER},
      </if>
      <if test="h18_2 != null">
        #{h18_2,jdbcType=INTEGER},
      </if>
      <if test="h18_3 != null">
        #{h18_3,jdbcType=INTEGER},
      </if>
      <if test="h19_1 != null">
        #{h19_1,jdbcType=INTEGER},
      </if>
      <if test="h19_2 != null">
        #{h19_2,jdbcType=INTEGER},
      </if>
      <if test="h19_3 != null">
        #{h19_3,jdbcType=INTEGER},
      </if>
      <if test="h20_1 != null">
        #{h20_1,jdbcType=INTEGER},
      </if>
      <if test="h20_2 != null">
        #{h20_2,jdbcType=INTEGER},
      </if>
      <if test="h20_3 != null">
        #{h20_3,jdbcType=INTEGER},
      </if>
      <if test="h21_1 != null">
        #{h21_1,jdbcType=INTEGER},
      </if>
      <if test="h21_2 != null">
        #{h21_2,jdbcType=INTEGER},
      </if>
      <if test="h21_3 != null">
        #{h21_3,jdbcType=INTEGER},
      </if>
      <if test="h22_1 != null">
        #{h22_1,jdbcType=INTEGER},
      </if>
      <if test="h22_2 != null">
        #{h22_2,jdbcType=INTEGER},
      </if>
      <if test="h22_3 != null">
        #{h22_3,jdbcType=INTEGER},
      </if>
      <if test="h23_1 != null">
        #{h23_1,jdbcType=INTEGER},
      </if>
      <if test="h23_2 != null">
        #{h23_2,jdbcType=INTEGER},
      </if>
      <if test="h23_3 != null">
        #{h23_3,jdbcType=INTEGER},
      </if>
    </trim>
  </insert>
  <select id="countByExample" parameterType="com.leniao.huanbao.entity.HbyDevalTimeStatusExample" resultType="java.lang.Long">
    select count(*) from hby_deval_time_status
    <if test="_parameter != null">
      <include refid="Example_Where_Clause" />
    </if>
  </select>
  <update id="updateByExampleSelective" parameterType="map">
    update hby_deval_time_status
    <set>
      <if test="record.id != null">
        id = #{record.id,jdbcType=BIGINT},
      </if>
      <if test="record.unitId != null">
        unitId = #{record.unitId,jdbcType=INTEGER},
      </if>
      <if test="record.devIdpk != null">
        devIdpk = #{record.devIdpk,jdbcType=INTEGER},
      </if>
      <if test="record.devProTy != null">
        devProTy = #{record.devProTy,jdbcType=INTEGER},
      </if>
      <if test="record.platformId != null">
        platformId = #{record.platformId,jdbcType=INTEGER},
      </if>
      <if test="record.updateTime != null">
        updateTime = #{record.updateTime,jdbcType=TIMESTAMP},
      </if>
      <if test="record.addtime != null">
        addtime = #{record.addtime,jdbcType=TIMESTAMP},
      </if>
      <if test="record.h0_1 != null">
        H0_1 = #{record.h0_1,jdbcType=INTEGER},
      </if>
      <if test="record.h0_2 != null">
        H0_2 = #{record.h0_2,jdbcType=INTEGER},
      </if>
      <if test="record.h0_3 != null">
        H0_3 = #{record.h0_3,jdbcType=INTEGER},
      </if>
      <if test="record.h1_1 != null">
        H1_1 = #{record.h1_1,jdbcType=INTEGER},
      </if>
      <if test="record.h1_2 != null">
        H1_2 = #{record.h1_2,jdbcType=INTEGER},
      </if>
      <if test="record.h1_3 != null">
        H1_3 = #{record.h1_3,jdbcType=INTEGER},
      </if>
      <if test="record.h2_1 != null">
        H2_1 = #{record.h2_1,jdbcType=INTEGER},
      </if>
      <if test="record.h2_2 != null">
        H2_2 = #{record.h2_2,jdbcType=INTEGER},
      </if>
      <if test="record.h2_3 != null">
        H2_3 = #{record.h2_3,jdbcType=INTEGER},
      </if>
      <if test="record.h3_1 != null">
        H3_1 = #{record.h3_1,jdbcType=INTEGER},
      </if>
      <if test="record.h3_2 != null">
        H3_2 = #{record.h3_2,jdbcType=INTEGER},
      </if>
      <if test="record.h3_3 != null">
        H3_3 = #{record.h3_3,jdbcType=INTEGER},
      </if>
      <if test="record.h4_1 != null">
        H4_1 = #{record.h4_1,jdbcType=INTEGER},
      </if>
      <if test="record.h4_2 != null">
        H4_2 = #{record.h4_2,jdbcType=INTEGER},
      </if>
      <if test="record.h4_3 != null">
        H4_3 = #{record.h4_3,jdbcType=INTEGER},
      </if>
      <if test="record.h5_1 != null">
        H5_1 = #{record.h5_1,jdbcType=INTEGER},
      </if>
      <if test="record.h5_2 != null">
        H5_2 = #{record.h5_2,jdbcType=INTEGER},
      </if>
      <if test="record.h5_3 != null">
        H5_3 = #{record.h5_3,jdbcType=INTEGER},
      </if>
      <if test="record.h6_1 != null">
        H6_1 = #{record.h6_1,jdbcType=INTEGER},
      </if>
      <if test="record.h6_2 != null">
        H6_2 = #{record.h6_2,jdbcType=INTEGER},
      </if>
      <if test="record.h6_3 != null">
        H6_3 = #{record.h6_3,jdbcType=INTEGER},
      </if>
      <if test="record.h7_1 != null">
        H7_1 = #{record.h7_1,jdbcType=INTEGER},
      </if>
      <if test="record.h7_2 != null">
        H7_2 = #{record.h7_2,jdbcType=INTEGER},
      </if>
      <if test="record.h7_3 != null">
        H7_3 = #{record.h7_3,jdbcType=INTEGER},
      </if>
      <if test="record.h8_1 != null">
        H8_1 = #{record.h8_1,jdbcType=INTEGER},
      </if>
      <if test="record.h8_2 != null">
        H8_2 = #{record.h8_2,jdbcType=INTEGER},
      </if>
      <if test="record.h8_3 != null">
        H8_3 = #{record.h8_3,jdbcType=INTEGER},
      </if>
      <if test="record.h9_1 != null">
        H9_1 = #{record.h9_1,jdbcType=INTEGER},
      </if>
      <if test="record.h9_2 != null">
        H9_2 = #{record.h9_2,jdbcType=INTEGER},
      </if>
      <if test="record.h9_3 != null">
        H9_3 = #{record.h9_3,jdbcType=INTEGER},
      </if>
      <if test="record.h10_1 != null">
        H10_1 = #{record.h10_1,jdbcType=INTEGER},
      </if>
      <if test="record.h10_2 != null">
        H10_2 = #{record.h10_2,jdbcType=INTEGER},
      </if>
      <if test="record.h10_3 != null">
        H10_3 = #{record.h10_3,jdbcType=INTEGER},
      </if>
      <if test="record.h11_1 != null">
        H11_1 = #{record.h11_1,jdbcType=INTEGER},
      </if>
      <if test="record.h11_2 != null">
        H11_2 = #{record.h11_2,jdbcType=INTEGER},
      </if>
      <if test="record.h11_3 != null">
        H11_3 = #{record.h11_3,jdbcType=INTEGER},
      </if>
      <if test="record.h12_1 != null">
        H12_1 = #{record.h12_1,jdbcType=INTEGER},
      </if>
      <if test="record.h12_2 != null">
        H12_2 = #{record.h12_2,jdbcType=INTEGER},
      </if>
      <if test="record.h12_3 != null">
        H12_3 = #{record.h12_3,jdbcType=INTEGER},
      </if>
      <if test="record.h13_1 != null">
        H13_1 = #{record.h13_1,jdbcType=INTEGER},
      </if>
      <if test="record.h13_2 != null">
        H13_2 = #{record.h13_2,jdbcType=INTEGER},
      </if>
      <if test="record.h13_3 != null">
        H13_3 = #{record.h13_3,jdbcType=INTEGER},
      </if>
      <if test="record.h14_1 != null">
        H14_1 = #{record.h14_1,jdbcType=INTEGER},
      </if>
      <if test="record.h14_2 != null">
        H14_2 = #{record.h14_2,jdbcType=INTEGER},
      </if>
      <if test="record.h14_3 != null">
        H14_3 = #{record.h14_3,jdbcType=INTEGER},
      </if>
      <if test="record.h15_1 != null">
        H15_1 = #{record.h15_1,jdbcType=INTEGER},
      </if>
      <if test="record.h15_2 != null">
        H15_2 = #{record.h15_2,jdbcType=INTEGER},
      </if>
      <if test="record.h15_3 != null">
        H15_3 = #{record.h15_3,jdbcType=INTEGER},
      </if>
      <if test="record.h16_1 != null">
        H16_1 = #{record.h16_1,jdbcType=INTEGER},
      </if>
      <if test="record.h16_2 != null">
        H16_2 = #{record.h16_2,jdbcType=INTEGER},
      </if>
      <if test="record.h16_3 != null">
        H16_3 = #{record.h16_3,jdbcType=INTEGER},
      </if>
      <if test="record.h17_1 != null">
        H17_1 = #{record.h17_1,jdbcType=INTEGER},
      </if>
      <if test="record.h17_2 != null">
        H17_2 = #{record.h17_2,jdbcType=INTEGER},
      </if>
      <if test="record.h17_3 != null">
        H17_3 = #{record.h17_3,jdbcType=INTEGER},
      </if>
      <if test="record.h18_1 != null">
        H18_1 = #{record.h18_1,jdbcType=INTEGER},
      </if>
      <if test="record.h18_2 != null">
        H18_2 = #{record.h18_2,jdbcType=INTEGER},
      </if>
      <if test="record.h18_3 != null">
        H18_3 = #{record.h18_3,jdbcType=INTEGER},
      </if>
      <if test="record.h19_1 != null">
        H19_1 = #{record.h19_1,jdbcType=INTEGER},
      </if>
      <if test="record.h19_2 != null">
        H19_2 = #{record.h19_2,jdbcType=INTEGER},
      </if>
      <if test="record.h19_3 != null">
        H19_3 = #{record.h19_3,jdbcType=INTEGER},
      </if>
      <if test="record.h20_1 != null">
        H20_1 = #{record.h20_1,jdbcType=INTEGER},
      </if>
      <if test="record.h20_2 != null">
        H20_2 = #{record.h20_2,jdbcType=INTEGER},
      </if>
      <if test="record.h20_3 != null">
        H20_3 = #{record.h20_3,jdbcType=INTEGER},
      </if>
      <if test="record.h21_1 != null">
        H21_1 = #{record.h21_1,jdbcType=INTEGER},
      </if>
      <if test="record.h21_2 != null">
        H21_2 = #{record.h21_2,jdbcType=INTEGER},
      </if>
      <if test="record.h21_3 != null">
        H21_3 = #{record.h21_3,jdbcType=INTEGER},
      </if>
      <if test="record.h22_1 != null">
        H22_1 = #{record.h22_1,jdbcType=INTEGER},
      </if>
      <if test="record.h22_2 != null">
        H22_2 = #{record.h22_2,jdbcType=INTEGER},
      </if>
      <if test="record.h22_3 != null">
        H22_3 = #{record.h22_3,jdbcType=INTEGER},
      </if>
      <if test="record.h23_1 != null">
        H23_1 = #{record.h23_1,jdbcType=INTEGER},
      </if>
      <if test="record.h23_2 != null">
        H23_2 = #{record.h23_2,jdbcType=INTEGER},
      </if>
      <if test="record.h23_3 != null">
        H23_3 = #{record.h23_3,jdbcType=INTEGER},
      </if>
    </set>
    <if test="_parameter != null">
      <include refid="Update_By_Example_Where_Clause" />
    </if>
  </update>
  <update id="updateByExample" parameterType="map">
    update hby_deval_time_status
    set id = #{record.id,jdbcType=BIGINT},
      unitId = #{record.unitId,jdbcType=INTEGER},
      devIdpk = #{record.devIdpk,jdbcType=INTEGER},
      devProTy = #{record.devProTy,jdbcType=INTEGER},
      platformId = #{record.platformId,jdbcType=INTEGER},
      updateTime = #{record.updateTime,jdbcType=TIMESTAMP},
      addtime = #{record.addtime,jdbcType=TIMESTAMP},
      H0_1 = #{record.h0_1,jdbcType=INTEGER},
      H0_2 = #{record.h0_2,jdbcType=INTEGER},
      H0_3 = #{record.h0_3,jdbcType=INTEGER},
      H1_1 = #{record.h1_1,jdbcType=INTEGER},
      H1_2 = #{record.h1_2,jdbcType=INTEGER},
      H1_3 = #{record.h1_3,jdbcType=INTEGER},
      H2_1 = #{record.h2_1,jdbcType=INTEGER},
      H2_2 = #{record.h2_2,jdbcType=INTEGER},
      H2_3 = #{record.h2_3,jdbcType=INTEGER},
      H3_1 = #{record.h3_1,jdbcType=INTEGER},
      H3_2 = #{record.h3_2,jdbcType=INTEGER},
      H3_3 = #{record.h3_3,jdbcType=INTEGER},
      H4_1 = #{record.h4_1,jdbcType=INTEGER},
      H4_2 = #{record.h4_2,jdbcType=INTEGER},
      H4_3 = #{record.h4_3,jdbcType=INTEGER},
      H5_1 = #{record.h5_1,jdbcType=INTEGER},
      H5_2 = #{record.h5_2,jdbcType=INTEGER},
      H5_3 = #{record.h5_3,jdbcType=INTEGER},
      H6_1 = #{record.h6_1,jdbcType=INTEGER},
      H6_2 = #{record.h6_2,jdbcType=INTEGER},
      H6_3 = #{record.h6_3,jdbcType=INTEGER},
      H7_1 = #{record.h7_1,jdbcType=INTEGER},
      H7_2 = #{record.h7_2,jdbcType=INTEGER},
      H7_3 = #{record.h7_3,jdbcType=INTEGER},
      H8_1 = #{record.h8_1,jdbcType=INTEGER},
      H8_2 = #{record.h8_2,jdbcType=INTEGER},
      H8_3 = #{record.h8_3,jdbcType=INTEGER},
      H9_1 = #{record.h9_1,jdbcType=INTEGER},
      H9_2 = #{record.h9_2,jdbcType=INTEGER},
      H9_3 = #{record.h9_3,jdbcType=INTEGER},
      H10_1 = #{record.h10_1,jdbcType=INTEGER},
      H10_2 = #{record.h10_2,jdbcType=INTEGER},
      H10_3 = #{record.h10_3,jdbcType=INTEGER},
      H11_1 = #{record.h11_1,jdbcType=INTEGER},
      H11_2 = #{record.h11_2,jdbcType=INTEGER},
      H11_3 = #{record.h11_3,jdbcType=INTEGER},
      H12_1 = #{record.h12_1,jdbcType=INTEGER},
      H12_2 = #{record.h12_2,jdbcType=INTEGER},
      H12_3 = #{record.h12_3,jdbcType=INTEGER},
      H13_1 = #{record.h13_1,jdbcType=INTEGER},
      H13_2 = #{record.h13_2,jdbcType=INTEGER},
      H13_3 = #{record.h13_3,jdbcType=INTEGER},
      H14_1 = #{record.h14_1,jdbcType=INTEGER},
      H14_2 = #{record.h14_2,jdbcType=INTEGER},
      H14_3 = #{record.h14_3,jdbcType=INTEGER},
      H15_1 = #{record.h15_1,jdbcType=INTEGER},
      H15_2 = #{record.h15_2,jdbcType=INTEGER},
      H15_3 = #{record.h15_3,jdbcType=INTEGER},
      H16_1 = #{record.h16_1,jdbcType=INTEGER},
      H16_2 = #{record.h16_2,jdbcType=INTEGER},
      H16_3 = #{record.h16_3,jdbcType=INTEGER},
      H17_1 = #{record.h17_1,jdbcType=INTEGER},
      H17_2 = #{record.h17_2,jdbcType=INTEGER},
      H17_3 = #{record.h17_3,jdbcType=INTEGER},
      H18_1 = #{record.h18_1,jdbcType=INTEGER},
      H18_2 = #{record.h18_2,jdbcType=INTEGER},
      H18_3 = #{record.h18_3,jdbcType=INTEGER},
      H19_1 = #{record.h19_1,jdbcType=INTEGER},
      H19_2 = #{record.h19_2,jdbcType=INTEGER},
      H19_3 = #{record.h19_3,jdbcType=INTEGER},
      H20_1 = #{record.h20_1,jdbcType=INTEGER},
      H20_2 = #{record.h20_2,jdbcType=INTEGER},
      H20_3 = #{record.h20_3,jdbcType=INTEGER},
      H21_1 = #{record.h21_1,jdbcType=INTEGER},
      H21_2 = #{record.h21_2,jdbcType=INTEGER},
      H21_3 = #{record.h21_3,jdbcType=INTEGER},
      H22_1 = #{record.h22_1,jdbcType=INTEGER},
      H22_2 = #{record.h22_2,jdbcType=INTEGER},
      H22_3 = #{record.h22_3,jdbcType=INTEGER},
      H23_1 = #{record.h23_1,jdbcType=INTEGER},
      H23_2 = #{record.h23_2,jdbcType=INTEGER},
      H23_3 = #{record.h23_3,jdbcType=INTEGER}
    <if test="_parameter != null">
      <include refid="Update_By_Example_Where_Clause" />
    </if>
  </update>
  <update id="updateByPrimaryKeySelective" parameterType="com.leniao.huanbao.entity.HbyDevalTimeStatus">
    update hby_deval_time_status
    <set>
      <if test="unitId != null">
        unitId = #{unitId,jdbcType=INTEGER},
      </if>
      <if test="devIdpk != null">
        devIdpk = #{devIdpk,jdbcType=INTEGER},
      </if>
      <if test="devProTy != null">
        devProTy = #{devProTy,jdbcType=INTEGER},
      </if>
      <if test="platformId != null">
        platformId = #{platformId,jdbcType=INTEGER},
      </if>
      <if test="updateTime != null">
        updateTime = #{updateTime,jdbcType=TIMESTAMP},
      </if>
      <if test="addtime != null">
        addtime = #{addtime,jdbcType=TIMESTAMP},
      </if>
      <if test="h0_1 != null">
        H0_1 = #{h0_1,jdbcType=INTEGER},
      </if>
      <if test="h0_2 != null">
        H0_2 = #{h0_2,jdbcType=INTEGER},
      </if>
      <if test="h0_3 != null">
        H0_3 = #{h0_3,jdbcType=INTEGER},
      </if>
      <if test="h1_1 != null">
        H1_1 = #{h1_1,jdbcType=INTEGER},
      </if>
      <if test="h1_2 != null">
        H1_2 = #{h1_2,jdbcType=INTEGER},
      </if>
      <if test="h1_3 != null">
        H1_3 = #{h1_3,jdbcType=INTEGER},
      </if>
      <if test="h2_1 != null">
        H2_1 = #{h2_1,jdbcType=INTEGER},
      </if>
      <if test="h2_2 != null">
        H2_2 = #{h2_2,jdbcType=INTEGER},
      </if>
      <if test="h2_3 != null">
        H2_3 = #{h2_3,jdbcType=INTEGER},
      </if>
      <if test="h3_1 != null">
        H3_1 = #{h3_1,jdbcType=INTEGER},
      </if>
      <if test="h3_2 != null">
        H3_2 = #{h3_2,jdbcType=INTEGER},
      </if>
      <if test="h3_3 != null">
        H3_3 = #{h3_3,jdbcType=INTEGER},
      </if>
      <if test="h4_1 != null">
        H4_1 = #{h4_1,jdbcType=INTEGER},
      </if>
      <if test="h4_2 != null">
        H4_2 = #{h4_2,jdbcType=INTEGER},
      </if>
      <if test="h4_3 != null">
        H4_3 = #{h4_3,jdbcType=INTEGER},
      </if>
      <if test="h5_1 != null">
        H5_1 = #{h5_1,jdbcType=INTEGER},
      </if>
      <if test="h5_2 != null">
        H5_2 = #{h5_2,jdbcType=INTEGER},
      </if>
      <if test="h5_3 != null">
        H5_3 = #{h5_3,jdbcType=INTEGER},
      </if>
      <if test="h6_1 != null">
        H6_1 = #{h6_1,jdbcType=INTEGER},
      </if>
      <if test="h6_2 != null">
        H6_2 = #{h6_2,jdbcType=INTEGER},
      </if>
      <if test="h6_3 != null">
        H6_3 = #{h6_3,jdbcType=INTEGER},
      </if>
      <if test="h7_1 != null">
        H7_1 = #{h7_1,jdbcType=INTEGER},
      </if>
      <if test="h7_2 != null">
        H7_2 = #{h7_2,jdbcType=INTEGER},
      </if>
      <if test="h7_3 != null">
        H7_3 = #{h7_3,jdbcType=INTEGER},
      </if>
      <if test="h8_1 != null">
        H8_1 = #{h8_1,jdbcType=INTEGER},
      </if>
      <if test="h8_2 != null">
        H8_2 = #{h8_2,jdbcType=INTEGER},
      </if>
      <if test="h8_3 != null">
        H8_3 = #{h8_3,jdbcType=INTEGER},
      </if>
      <if test="h9_1 != null">
        H9_1 = #{h9_1,jdbcType=INTEGER},
      </if>
      <if test="h9_2 != null">
        H9_2 = #{h9_2,jdbcType=INTEGER},
      </if>
      <if test="h9_3 != null">
        H9_3 = #{h9_3,jdbcType=INTEGER},
      </if>
      <if test="h10_1 != null">
        H10_1 = #{h10_1,jdbcType=INTEGER},
      </if>
      <if test="h10_2 != null">
        H10_2 = #{h10_2,jdbcType=INTEGER},
      </if>
      <if test="h10_3 != null">
        H10_3 = #{h10_3,jdbcType=INTEGER},
      </if>
      <if test="h11_1 != null">
        H11_1 = #{h11_1,jdbcType=INTEGER},
      </if>
      <if test="h11_2 != null">
        H11_2 = #{h11_2,jdbcType=INTEGER},
      </if>
      <if test="h11_3 != null">
        H11_3 = #{h11_3,jdbcType=INTEGER},
      </if>
      <if test="h12_1 != null">
        H12_1 = #{h12_1,jdbcType=INTEGER},
      </if>
      <if test="h12_2 != null">
        H12_2 = #{h12_2,jdbcType=INTEGER},
      </if>
      <if test="h12_3 != null">
        H12_3 = #{h12_3,jdbcType=INTEGER},
      </if>
      <if test="h13_1 != null">
        H13_1 = #{h13_1,jdbcType=INTEGER},
      </if>
      <if test="h13_2 != null">
        H13_2 = #{h13_2,jdbcType=INTEGER},
      </if>
      <if test="h13_3 != null">
        H13_3 = #{h13_3,jdbcType=INTEGER},
      </if>
      <if test="h14_1 != null">
        H14_1 = #{h14_1,jdbcType=INTEGER},
      </if>
      <if test="h14_2 != null">
        H14_2 = #{h14_2,jdbcType=INTEGER},
      </if>
      <if test="h14_3 != null">
        H14_3 = #{h14_3,jdbcType=INTEGER},
      </if>
      <if test="h15_1 != null">
        H15_1 = #{h15_1,jdbcType=INTEGER},
      </if>
      <if test="h15_2 != null">
        H15_2 = #{h15_2,jdbcType=INTEGER},
      </if>
      <if test="h15_3 != null">
        H15_3 = #{h15_3,jdbcType=INTEGER},
      </if>
      <if test="h16_1 != null">
        H16_1 = #{h16_1,jdbcType=INTEGER},
      </if>
      <if test="h16_2 != null">
        H16_2 = #{h16_2,jdbcType=INTEGER},
      </if>
      <if test="h16_3 != null">
        H16_3 = #{h16_3,jdbcType=INTEGER},
      </if>
      <if test="h17_1 != null">
        H17_1 = #{h17_1,jdbcType=INTEGER},
      </if>
      <if test="h17_2 != null">
        H17_2 = #{h17_2,jdbcType=INTEGER},
      </if>
      <if test="h17_3 != null">
        H17_3 = #{h17_3,jdbcType=INTEGER},
      </if>
      <if test="h18_1 != null">
        H18_1 = #{h18_1,jdbcType=INTEGER},
      </if>
      <if test="h18_2 != null">
        H18_2 = #{h18_2,jdbcType=INTEGER},
      </if>
      <if test="h18_3 != null">
        H18_3 = #{h18_3,jdbcType=INTEGER},
      </if>
      <if test="h19_1 != null">
        H19_1 = #{h19_1,jdbcType=INTEGER},
      </if>
      <if test="h19_2 != null">
        H19_2 = #{h19_2,jdbcType=INTEGER},
      </if>
      <if test="h19_3 != null">
        H19_3 = #{h19_3,jdbcType=INTEGER},
      </if>
      <if test="h20_1 != null">
        H20_1 = #{h20_1,jdbcType=INTEGER},
      </if>
      <if test="h20_2 != null">
        H20_2 = #{h20_2,jdbcType=INTEGER},
      </if>
      <if test="h20_3 != null">
        H20_3 = #{h20_3,jdbcType=INTEGER},
      </if>
      <if test="h21_1 != null">
        H21_1 = #{h21_1,jdbcType=INTEGER},
      </if>
      <if test="h21_2 != null">
        H21_2 = #{h21_2,jdbcType=INTEGER},
      </if>
      <if test="h21_3 != null">
        H21_3 = #{h21_3,jdbcType=INTEGER},
      </if>
      <if test="h22_1 != null">
        H22_1 = #{h22_1,jdbcType=INTEGER},
      </if>
      <if test="h22_2 != null">
        H22_2 = #{h22_2,jdbcType=INTEGER},
      </if>
      <if test="h22_3 != null">
        H22_3 = #{h22_3,jdbcType=INTEGER},
      </if>
      <if test="h23_1 != null">
        H23_1 = #{h23_1,jdbcType=INTEGER},
      </if>
      <if test="h23_2 != null">
        H23_2 = #{h23_2,jdbcType=INTEGER},
      </if>
      <if test="h23_3 != null">
        H23_3 = #{h23_3,jdbcType=INTEGER},
      </if>
    </set>
    where id = #{id,jdbcType=BIGINT}
  </update>
  <update id="updateByPrimaryKey" parameterType="com.leniao.huanbao.entity.HbyDevalTimeStatus">
    update hby_deval_time_status
    set unitId = #{unitId,jdbcType=INTEGER},
      devIdpk = #{devIdpk,jdbcType=INTEGER},
      devProTy = #{devProTy,jdbcType=INTEGER},
      platformId = #{platformId,jdbcType=INTEGER},
      updateTime = #{updateTime,jdbcType=TIMESTAMP},
      addtime = #{addtime,jdbcType=TIMESTAMP},
      H0_1 = #{h0_1,jdbcType=INTEGER},
      H0_2 = #{h0_2,jdbcType=INTEGER},
      H0_3 = #{h0_3,jdbcType=INTEGER},
      H1_1 = #{h1_1,jdbcType=INTEGER},
      H1_2 = #{h1_2,jdbcType=INTEGER},
      H1_3 = #{h1_3,jdbcType=INTEGER},
      H2_1 = #{h2_1,jdbcType=INTEGER},
      H2_2 = #{h2_2,jdbcType=INTEGER},
      H2_3 = #{h2_3,jdbcType=INTEGER},
      H3_1 = #{h3_1,jdbcType=INTEGER},
      H3_2 = #{h3_2,jdbcType=INTEGER},
      H3_3 = #{h3_3,jdbcType=INTEGER},
      H4_1 = #{h4_1,jdbcType=INTEGER},
      H4_2 = #{h4_2,jdbcType=INTEGER},
      H4_3 = #{h4_3,jdbcType=INTEGER},
      H5_1 = #{h5_1,jdbcType=INTEGER},
      H5_2 = #{h5_2,jdbcType=INTEGER},
      H5_3 = #{h5_3,jdbcType=INTEGER},
      H6_1 = #{h6_1,jdbcType=INTEGER},
      H6_2 = #{h6_2,jdbcType=INTEGER},
      H6_3 = #{h6_3,jdbcType=INTEGER},
      H7_1 = #{h7_1,jdbcType=INTEGER},
      H7_2 = #{h7_2,jdbcType=INTEGER},
      H7_3 = #{h7_3,jdbcType=INTEGER},
      H8_1 = #{h8_1,jdbcType=INTEGER},
      H8_2 = #{h8_2,jdbcType=INTEGER},
      H8_3 = #{h8_3,jdbcType=INTEGER},
      H9_1 = #{h9_1,jdbcType=INTEGER},
      H9_2 = #{h9_2,jdbcType=INTEGER},
      H9_3 = #{h9_3,jdbcType=INTEGER},
      H10_1 = #{h10_1,jdbcType=INTEGER},
      H10_2 = #{h10_2,jdbcType=INTEGER},
      H10_3 = #{h10_3,jdbcType=INTEGER},
      H11_1 = #{h11_1,jdbcType=INTEGER},
      H11_2 = #{h11_2,jdbcType=INTEGER},
      H11_3 = #{h11_3,jdbcType=INTEGER},
      H12_1 = #{h12_1,jdbcType=INTEGER},
      H12_2 = #{h12_2,jdbcType=INTEGER},
      H12_3 = #{h12_3,jdbcType=INTEGER},
      H13_1 = #{h13_1,jdbcType=INTEGER},
      H13_2 = #{h13_2,jdbcType=INTEGER},
      H13_3 = #{h13_3,jdbcType=INTEGER},
      H14_1 = #{h14_1,jdbcType=INTEGER},
      H14_2 = #{h14_2,jdbcType=INTEGER},
      H14_3 = #{h14_3,jdbcType=INTEGER},
      H15_1 = #{h15_1,jdbcType=INTEGER},
      H15_2 = #{h15_2,jdbcType=INTEGER},
      H15_3 = #{h15_3,jdbcType=INTEGER},
      H16_1 = #{h16_1,jdbcType=INTEGER},
      H16_2 = #{h16_2,jdbcType=INTEGER},
      H16_3 = #{h16_3,jdbcType=INTEGER},
      H17_1 = #{h17_1,jdbcType=INTEGER},
      H17_2 = #{h17_2,jdbcType=INTEGER},
      H17_3 = #{h17_3,jdbcType=INTEGER},
      H18_1 = #{h18_1,jdbcType=INTEGER},
      H18_2 = #{h18_2,jdbcType=INTEGER},
      H18_3 = #{h18_3,jdbcType=INTEGER},
      H19_1 = #{h19_1,jdbcType=INTEGER},
      H19_2 = #{h19_2,jdbcType=INTEGER},
      H19_3 = #{h19_3,jdbcType=INTEGER},
      H20_1 = #{h20_1,jdbcType=INTEGER},
      H20_2 = #{h20_2,jdbcType=INTEGER},
      H20_3 = #{h20_3,jdbcType=INTEGER},
      H21_1 = #{h21_1,jdbcType=INTEGER},
      H21_2 = #{h21_2,jdbcType=INTEGER},
      H21_3 = #{h21_3,jdbcType=INTEGER},
      H22_1 = #{h22_1,jdbcType=INTEGER},
      H22_2 = #{h22_2,jdbcType=INTEGER},
      H22_3 = #{h22_3,jdbcType=INTEGER},
      H23_1 = #{h23_1,jdbcType=INTEGER},
      H23_2 = #{h23_2,jdbcType=INTEGER},
      H23_3 = #{h23_3,jdbcType=INTEGER}
    where id = #{id,jdbcType=BIGINT}
  </update>

  <select id="findDevStatus" resultType="java.lang.String">
        ${sql}
  </select>
</mapper>