<?xml version="1.0" encoding="UTF-8" ?>
<!DOCTYPE mapper PUBLIC "-//mybatis.org//DTD Mapper 3.0//EN" "http://mybatis.org/dtd/mybatis-3-mapper.dtd" >
<mapper namespace="com.leniao.huanbao.mapper.HbyOverlookJoinMapper" >
  <resultMap id="BaseResultMap" type="com.leniao.huanbao.entity.HbyOverlookJoin" >
    <id column="id" property="id" jdbcType="BIGINT" />
    <result column="look_id" property="lookId" jdbcType="VARCHAR" />
    <result column="poll_dev_id" property="pollDevId" jdbcType="INTEGER" />
    <result column="con_dev_id" property="conDevId" jdbcType="INTEGER" />
  </resultMap>
  <sql id="Example_Where_Clause" >
    <where >
      <foreach collection="oredCriteria" item="criteria" separator="or" >
        <if test="criteria.valid" >
          <trim prefix="(" suffix=")" prefixOverrides="and" >
            <foreach collection="criteria.criteria" item="criterion" >
              <choose >
                <when test="criterion.noValue" >
                  and ${criterion.condition}
                </when>
                <when test="criterion.singleValue" >
                  and ${criterion.condition} #{criterion.value}
                </when>
                <when test="criterion.betweenValue" >
                  and ${criterion.condition} #{criterion.value} and #{criterion.secondValue}
                </when>
                <when test="criterion.listValue" >
                  and ${criterion.condition}
                  <foreach collection="criterion.value" item="listItem" open="(" close=")" separator="," >
                    #{listItem}
                  </foreach>
                </when>
              </choose>
            </foreach>
          </trim>
        </if>
      </foreach>
    </where>
  </sql>
  <sql id="Update_By_Example_Where_Clause" >
    <where >
      <foreach collection="example.oredCriteria" item="criteria" separator="or" >
        <if test="criteria.valid" >
          <trim prefix="(" suffix=")" prefixOverrides="and" >
            <foreach collection="criteria.criteria" item="criterion" >
              <choose >
                <when test="criterion.noValue" >
                  and ${criterion.condition}
                </when>
                <when test="criterion.singleValue" >
                  and ${criterion.condition} #{criterion.value}
                </when>
                <when test="criterion.betweenValue" >
                  and ${criterion.condition} #{criterion.value} and #{criterion.secondValue}
                </when>
                <when test="criterion.listValue" >
                  and ${criterion.condition}
                  <foreach collection="criterion.value" item="listItem" open="(" close=")" separator="," >
                    #{listItem}
                  </foreach>
                </when>
              </choose>
            </foreach>
          </trim>
        </if>
      </foreach>
    </where>
  </sql>
  <sql id="Base_Column_List" >
    id, look_id, poll_dev_id, con_dev_id
  </sql>
  <select id="selectByExample" resultMap="BaseResultMap" parameterType="com.leniao.huanbao.entity.HbyOverlookJoinExample" >
    select
    <if test="distinct" >
      distinct
    </if>
    <include refid="Base_Column_List" />
    from hby_overlook_join
    <if test="_parameter != null" >
      <include refid="Example_Where_Clause" />
    </if>
    <if test="orderByClause != null" >
      order by ${orderByClause}
    </if>
  </select>
  <select id="selectByPrimaryKey" resultMap="BaseResultMap" parameterType="java.lang.Long" >
    select 
    <include refid="Base_Column_List" />
    from hby_overlook_join
    where id = #{id,jdbcType=BIGINT}
  </select>
  <delete id="deleteByPrimaryKey" parameterType="java.lang.Long" >
    delete from hby_overlook_join
    where id = #{id,jdbcType=BIGINT}
  </delete>
  <delete id="deleteByExample" parameterType="com.leniao.huanbao.entity.HbyOverlookJoinExample" >
    delete from hby_overlook_join
    <if test="_parameter != null" >
      <include refid="Example_Where_Clause" />
    </if>
  </delete>
  <insert id="insert" parameterType="com.leniao.huanbao.entity.HbyOverlookJoin" >
    insert into hby_overlook_join (id, look_id, poll_dev_id, 
      con_dev_id)
    values (#{id,jdbcType=BIGINT}, #{lookId,jdbcType=VARCHAR}, #{pollDevId,jdbcType=INTEGER}, 
      #{conDevId,jdbcType=INTEGER})
  </insert>
  <insert id="insertSelective" parameterType="com.leniao.huanbao.entity.HbyOverlookJoin" >
    insert into hby_overlook_join
    <trim prefix="(" suffix=")" suffixOverrides="," >
      <if test="id != null" >
        id,
      </if>
      <if test="lookId != null" >
        look_id,
      </if>
      <if test="pollDevId != null" >
        poll_dev_id,
      </if>
      <if test="conDevId != null" >
        con_dev_id,
      </if>
    </trim>
    <trim prefix="values (" suffix=")" suffixOverrides="," >
      <if test="id != null" >
        #{id,jdbcType=BIGINT},
      </if>
      <if test="lookId != null" >
        #{lookId,jdbcType=VARCHAR},
      </if>
      <if test="pollDevId != null" >
        #{pollDevId,jdbcType=INTEGER},
      </if>
      <if test="conDevId != null" >
        #{conDevId,jdbcType=INTEGER},
      </if>
    </trim>
  </insert>
  <select id="countByExample" parameterType="com.leniao.huanbao.entity.HbyOverlookJoinExample" resultType="java.lang.Integer" >
    select count(*) from hby_overlook_join
    <if test="_parameter != null" >
      <include refid="Example_Where_Clause" />
    </if>
  </select>
  <update id="updateByExampleSelective" parameterType="map" >
    update hby_overlook_join
    <set >
      <if test="record.id != null" >
        id = #{record.id,jdbcType=BIGINT},
      </if>
      <if test="record.lookId != null" >
        look_id = #{record.lookId,jdbcType=VARCHAR},
      </if>
      <if test="record.pollDevId != null" >
        poll_dev_id = #{record.pollDevId,jdbcType=INTEGER},
      </if>
      <if test="record.conDevId != null" >
        con_dev_id = #{record.conDevId,jdbcType=INTEGER},
      </if>
    </set>
    <if test="_parameter != null" >
      <include refid="Update_By_Example_Where_Clause" />
    </if>
  </update>
  <update id="updateByExample" parameterType="map" >
    update hby_overlook_join
    set id = #{record.id,jdbcType=BIGINT},
      look_id = #{record.lookId,jdbcType=VARCHAR},
      poll_dev_id = #{record.pollDevId,jdbcType=INTEGER},
      con_dev_id = #{record.conDevId,jdbcType=INTEGER}
    <if test="_parameter != null" >
      <include refid="Update_By_Example_Where_Clause" />
    </if>
  </update>
  <update id="updateByPrimaryKeySelective" parameterType="com.leniao.huanbao.entity.HbyOverlookJoin" >
    update hby_overlook_join
    <set >
      <if test="lookId != null" >
        look_id = #{lookId,jdbcType=VARCHAR},
      </if>
      <if test="pollDevId != null" >
        poll_dev_id = #{pollDevId,jdbcType=INTEGER},
      </if>
      <if test="conDevId != null" >
        con_dev_id = #{conDevId,jdbcType=INTEGER},
      </if>
    </set>
    where id = #{id,jdbcType=BIGINT}
  </update>
  <update id="updateByPrimaryKey" parameterType="com.leniao.huanbao.entity.HbyOverlookJoin" >
    update hby_overlook_join
    set look_id = #{lookId,jdbcType=VARCHAR},
      poll_dev_id = #{pollDevId,jdbcType=INTEGER},
      con_dev_id = #{conDevId,jdbcType=INTEGER}
    where id = #{id,jdbcType=BIGINT}
  </update>
</mapper>