<?xml version="1.0" encoding="UTF-8"?>
<!DOCTYPE mapper PUBLIC "-//mybatis.org//DTD Mapper 3.0//EN" "http://mybatis.org/dtd/mybatis-3-mapper.dtd">
<mapper namespace="com.leniao.huanbao.mapper.HbyProjectstatusMapper">
  <resultMap id="BaseResultMap" type="com.leniao.huanbao.entity.HbyProjectstatus">
    <id column="unit_id" jdbcType="INTEGER" property="unitId" />
    <result column="industry_id" jdbcType="BIGINT" property="industryId" />
    <result column="province_code" jdbcType="VARCHAR" property="provinceCode" />
    <result column="city_code" jdbcType="VARCHAR" property="cityCode" />
    <result column="area_code" jdbcType="VARCHAR" property="areaCode" />
    <result column="produc_state" jdbcType="INTEGER" property="producState" />
    <result column="is_err_state" jdbcType="INTEGER" property="isErrState" />
    <result column="stop_dev_num" jdbcType="INTEGER" property="stopDevNum" />
    <result column="lost_dev_num" jdbcType="INTEGER" property="lostDevNum" />
    <result column="run_dev_num" jdbcType="INTEGER" property="runDevNum" />
    <result column="poll_dev_num" jdbcType="INTEGER" property="pollDevNum" />
    <result column="all_device_num" jdbcType="INTEGER" property="allDeviceNum" />
    <result column="con_dev_num" jdbcType="INTEGER" property="conDevNum" />
    <result column="addtime" jdbcType="TIMESTAMP" property="addtime" />
    <result column="platform_id" jdbcType="INTEGER" property="platformId" />
  </resultMap>
  <sql id="Example_Where_Clause">
    <where>
      <foreach collection="oredCriteria" item="criteria" separator="or">
        <if test="criteria.valid">
          <trim prefix="(" prefixOverrides="and" suffix=")">
            <foreach collection="criteria.criteria" item="criterion">
              <choose>
                <when test="criterion.noValue">
                  and ${criterion.condition}
                </when>
                <when test="criterion.singleValue">
                  and ${criterion.condition} #{criterion.value}
                </when>
                <when test="criterion.betweenValue">
                  and ${criterion.condition} #{criterion.value} and #{criterion.secondValue}
                </when>
                <when test="criterion.listValue">
                  and ${criterion.condition}
                  <foreach close=")" collection="criterion.value" item="listItem" open="(" separator=",">
                    #{listItem}
                  </foreach>
                </when>
              </choose>
            </foreach>
          </trim>
        </if>
      </foreach>
    </where>
  </sql>
  <sql id="Update_By_Example_Where_Clause">
    <where>
      <foreach collection="example.oredCriteria" item="criteria" separator="or">
        <if test="criteria.valid">
          <trim prefix="(" prefixOverrides="and" suffix=")">
            <foreach collection="criteria.criteria" item="criterion">
              <choose>
                <when test="criterion.noValue">
                  and ${criterion.condition}
                </when>
                <when test="criterion.singleValue">
                  and ${criterion.condition} #{criterion.value}
                </when>
                <when test="criterion.betweenValue">
                  and ${criterion.condition} #{criterion.value} and #{criterion.secondValue}
                </when>
                <when test="criterion.listValue">
                  and ${criterion.condition}
                  <foreach close=")" collection="criterion.value" item="listItem" open="(" separator=",">
                    #{listItem}
                  </foreach>
                </when>
              </choose>
            </foreach>
          </trim>
        </if>
      </foreach>
    </where>
  </sql>
  <sql id="Base_Column_List">
    unit_id, industry_id, province_code, city_code, area_code, produc_state, is_err_state, 
    stop_dev_num, lost_dev_num, run_dev_num, poll_dev_num, all_device_num, con_dev_num, 
    addtime, platform_id
  </sql>
  <select id="selectByExample" parameterType="com.leniao.huanbao.entity.HbyProjectstatusExample" resultMap="BaseResultMap">
    select
    <if test="distinct">
      distinct
    </if>
    <include refid="Base_Column_List" />
    from hby_projectstatus
    <if test="_parameter != null">
      <include refid="Example_Where_Clause" />
    </if>
    <if test="orderByClause != null">
      order by ${orderByClause}
    </if>
  </select>
  <select id="selectByPrimaryKey" parameterType="java.lang.Integer" resultMap="BaseResultMap">
    select 
    <include refid="Base_Column_List" />
    from hby_projectstatus
    where unit_id = #{unitId,jdbcType=INTEGER}
  </select>
  <delete id="deleteByPrimaryKey" parameterType="java.lang.Integer">
    delete from hby_projectstatus
    where unit_id = #{unitId,jdbcType=INTEGER}
  </delete>
  <delete id="deleteByExample" parameterType="com.leniao.huanbao.entity.HbyProjectstatusExample">
    delete from hby_projectstatus
    <if test="_parameter != null">
      <include refid="Example_Where_Clause" />
    </if>
  </delete>
  <insert id="insert" parameterType="com.leniao.huanbao.entity.HbyProjectstatus">
    insert into hby_projectstatus (unit_id, industry_id, province_code, 
      city_code, area_code, produc_state, 
      is_err_state, stop_dev_num, lost_dev_num, 
      run_dev_num, poll_dev_num, all_device_num, 
      con_dev_num, addtime, platform_id
      )
    values (#{unitId,jdbcType=INTEGER}, #{industryId,jdbcType=BIGINT}, #{provinceCode,jdbcType=VARCHAR}, 
      #{cityCode,jdbcType=VARCHAR}, #{areaCode,jdbcType=VARCHAR}, #{producState,jdbcType=INTEGER}, 
      #{isErrState,jdbcType=INTEGER}, #{stopDevNum,jdbcType=INTEGER}, #{lostDevNum,jdbcType=INTEGER}, 
      #{runDevNum,jdbcType=INTEGER}, #{pollDevNum,jdbcType=INTEGER}, #{allDeviceNum,jdbcType=INTEGER}, 
      #{conDevNum,jdbcType=INTEGER}, #{addtime,jdbcType=TIMESTAMP}, #{platformId,jdbcType=INTEGER}
      )
  </insert>
  <insert id="insertSelective" parameterType="com.leniao.huanbao.entity.HbyProjectstatus">
    insert into hby_projectstatus
    <trim prefix="(" suffix=")" suffixOverrides=",">
      <if test="unitId != null">
        unit_id,
      </if>
      <if test="industryId != null">
        industry_id,
      </if>
      <if test="provinceCode != null">
        province_code,
      </if>
      <if test="cityCode != null">
        city_code,
      </if>
      <if test="areaCode != null">
        area_code,
      </if>
      <if test="producState != null">
        produc_state,
      </if>
      <if test="isErrState != null">
        is_err_state,
      </if>
      <if test="stopDevNum != null">
        stop_dev_num,
      </if>
      <if test="lostDevNum != null">
        lost_dev_num,
      </if>
      <if test="runDevNum != null">
        run_dev_num,
      </if>
      <if test="pollDevNum != null">
        poll_dev_num,
      </if>
      <if test="allDeviceNum != null">
        all_device_num,
      </if>
      <if test="conDevNum != null">
        con_dev_num,
      </if>
      <if test="addtime != null">
        addtime,
      </if>
      <if test="platformId != null">
        platform_id,
      </if>
    </trim>
    <trim prefix="values (" suffix=")" suffixOverrides=",">
      <if test="unitId != null">
        #{unitId,jdbcType=INTEGER},
      </if>
      <if test="industryId != null">
        #{industryId,jdbcType=BIGINT},
      </if>
      <if test="provinceCode != null">
        #{provinceCode,jdbcType=VARCHAR},
      </if>
      <if test="cityCode != null">
        #{cityCode,jdbcType=VARCHAR},
      </if>
      <if test="areaCode != null">
        #{areaCode,jdbcType=VARCHAR},
      </if>
      <if test="producState != null">
        #{producState,jdbcType=INTEGER},
      </if>
      <if test="isErrState != null">
        #{isErrState,jdbcType=INTEGER},
      </if>
      <if test="stopDevNum != null">
        #{stopDevNum,jdbcType=INTEGER},
      </if>
      <if test="lostDevNum != null">
        #{lostDevNum,jdbcType=INTEGER},
      </if>
      <if test="runDevNum != null">
        #{runDevNum,jdbcType=INTEGER},
      </if>
      <if test="pollDevNum != null">
        #{pollDevNum,jdbcType=INTEGER},
      </if>
      <if test="allDeviceNum != null">
        #{allDeviceNum,jdbcType=INTEGER},
      </if>
      <if test="conDevNum != null">
        #{conDevNum,jdbcType=INTEGER},
      </if>
      <if test="addtime != null">
        #{addtime,jdbcType=TIMESTAMP},
      </if>
      <if test="platformId != null">
        #{platformId,jdbcType=INTEGER},
      </if>
    </trim>
  </insert>
  <select id="countByExample" parameterType="com.leniao.huanbao.entity.HbyProjectstatusExample" resultType="java.lang.Long">
    select count(*) from hby_projectstatus
    <if test="_parameter != null">
      <include refid="Example_Where_Clause" />
    </if>
  </select>
  <update id="updateByExampleSelective" parameterType="map">
    update hby_projectstatus
    <set>
      <if test="record.unitId != null">
        unit_id = #{record.unitId,jdbcType=INTEGER},
      </if>
      <if test="record.industryId != null">
        industry_id = #{record.industryId,jdbcType=BIGINT},
      </if>
      <if test="record.provinceCode != null">
        province_code = #{record.provinceCode,jdbcType=VARCHAR},
      </if>
      <if test="record.cityCode != null">
        city_code = #{record.cityCode,jdbcType=VARCHAR},
      </if>
      <if test="record.areaCode != null">
        area_code = #{record.areaCode,jdbcType=VARCHAR},
      </if>
      <if test="record.producState != null">
        produc_state = #{record.producState,jdbcType=INTEGER},
      </if>
      <if test="record.isErrState != null">
        is_err_state = #{record.isErrState,jdbcType=INTEGER},
      </if>
      <if test="record.stopDevNum != null">
        stop_dev_num = #{record.stopDevNum,jdbcType=INTEGER},
      </if>
      <if test="record.lostDevNum != null">
        lost_dev_num = #{record.lostDevNum,jdbcType=INTEGER},
      </if>
      <if test="record.runDevNum != null">
        run_dev_num = #{record.runDevNum,jdbcType=INTEGER},
      </if>
      <if test="record.pollDevNum != null">
        poll_dev_num = #{record.pollDevNum,jdbcType=INTEGER},
      </if>
      <if test="record.allDeviceNum != null">
        all_device_num = #{record.allDeviceNum,jdbcType=INTEGER},
      </if>
      <if test="record.conDevNum != null">
        con_dev_num = #{record.conDevNum,jdbcType=INTEGER},
      </if>
      <if test="record.addtime != null">
        addtime = #{record.addtime,jdbcType=TIMESTAMP},
      </if>
      <if test="record.platformId != null">
        platform_id = #{record.platformId,jdbcType=INTEGER},
      </if>
    </set>
    <if test="_parameter != null">
      <include refid="Update_By_Example_Where_Clause" />
    </if>
  </update>
  <update id="updateByExample" parameterType="map">
    update hby_projectstatus
    set unit_id = #{record.unitId,jdbcType=INTEGER},
      industry_id = #{record.industryId,jdbcType=BIGINT},
      province_code = #{record.provinceCode,jdbcType=VARCHAR},
      city_code = #{record.cityCode,jdbcType=VARCHAR},
      area_code = #{record.areaCode,jdbcType=VARCHAR},
      produc_state = #{record.producState,jdbcType=INTEGER},
      is_err_state = #{record.isErrState,jdbcType=INTEGER},
      stop_dev_num = #{record.stopDevNum,jdbcType=INTEGER},
      lost_dev_num = #{record.lostDevNum,jdbcType=INTEGER},
      run_dev_num = #{record.runDevNum,jdbcType=INTEGER},
      poll_dev_num = #{record.pollDevNum,jdbcType=INTEGER},
      all_device_num = #{record.allDeviceNum,jdbcType=INTEGER},
      con_dev_num = #{record.conDevNum,jdbcType=INTEGER},
      addtime = #{record.addtime,jdbcType=TIMESTAMP},
      platform_id = #{record.platformId,jdbcType=INTEGER}
    <if test="_parameter != null">
      <include refid="Update_By_Example_Where_Clause" />
    </if>
  </update>
  <update id="updateByPrimaryKeySelective" parameterType="com.leniao.huanbao.entity.HbyProjectstatus">
    update hby_projectstatus
    <set>
      <if test="industryId != null">
        industry_id = #{industryId,jdbcType=BIGINT},
      </if>
      <if test="provinceCode != null">
        province_code = #{provinceCode,jdbcType=VARCHAR},
      </if>
      <if test="cityCode != null">
        city_code = #{cityCode,jdbcType=VARCHAR},
      </if>
      <if test="areaCode != null">
        area_code = #{areaCode,jdbcType=VARCHAR},
      </if>
      <if test="producState != null">
        produc_state = #{producState,jdbcType=INTEGER},
      </if>
      <if test="isErrState != null">
        is_err_state = #{isErrState,jdbcType=INTEGER},
      </if>
      <if test="stopDevNum != null">
        stop_dev_num = #{stopDevNum,jdbcType=INTEGER},
      </if>
      <if test="lostDevNum != null">
        lost_dev_num = #{lostDevNum,jdbcType=INTEGER},
      </if>
      <if test="runDevNum != null">
        run_dev_num = #{runDevNum,jdbcType=INTEGER},
      </if>
      <if test="pollDevNum != null">
        poll_dev_num = #{pollDevNum,jdbcType=INTEGER},
      </if>
      <if test="allDeviceNum != null">
        all_device_num = #{allDeviceNum,jdbcType=INTEGER},
      </if>
      <if test="conDevNum != null">
        con_dev_num = #{conDevNum,jdbcType=INTEGER},
      </if>
      <if test="addtime != null">
        addtime = #{addtime,jdbcType=TIMESTAMP},
      </if>
      <if test="platformId != null">
        platform_id = #{platformId,jdbcType=INTEGER},
      </if>
    </set>
    where unit_id = #{unitId,jdbcType=INTEGER}
  </update>
  <update id="updateByPrimaryKey" parameterType="com.leniao.huanbao.entity.HbyProjectstatus">
    update hby_projectstatus
    set industry_id = #{industryId,jdbcType=BIGINT},
      province_code = #{provinceCode,jdbcType=VARCHAR},
      city_code = #{cityCode,jdbcType=VARCHAR},
      area_code = #{areaCode,jdbcType=VARCHAR},
      produc_state = #{producState,jdbcType=INTEGER},
      is_err_state = #{isErrState,jdbcType=INTEGER},
      stop_dev_num = #{stopDevNum,jdbcType=INTEGER},
      lost_dev_num = #{lostDevNum,jdbcType=INTEGER},
      run_dev_num = #{runDevNum,jdbcType=INTEGER},
      poll_dev_num = #{pollDevNum,jdbcType=INTEGER},
      all_device_num = #{allDeviceNum,jdbcType=INTEGER},
      con_dev_num = #{conDevNum,jdbcType=INTEGER},
      addtime = #{addtime,jdbcType=TIMESTAMP},
      platform_id = #{platformId,jdbcType=INTEGER}
    where unit_id = #{unitId,jdbcType=INTEGER}
  </update>
</mapper>