<?xml version="1.0" encoding="UTF-8"?>
<!DOCTYPE mapper PUBLIC "-//mybatis.org//DTD Mapper 3.0//EN" "http://mybatis.org/dtd/mybatis-3-mapper.dtd">
<mapper namespace="com.leniao.huanbao.mapper.HbyReduceplanJoinProjectMapper">
  <resultMap id="BaseResultMap" type="com.leniao.huanbao.entity.HbyReduceplanJoinProject">
    <id column="id" jdbcType="BIGINT" property="id" />
    <result column="unit_id" jdbcType="INTEGER" property="unitId" />
    <result column="plan_id" jdbcType="BIGINT" property="planId" />
    <result column="is_violat" jdbcType="INTEGER" property="isViolat" />
    <result column="is_mark" jdbcType="INTEGER" property="isMark" />
    <result column="sum_pro_time" jdbcType="BIGINT" property="sumProTime" />
    <result column="error_id" jdbcType="BIGINT" property="errorId" />
    <result column="bind_time" jdbcType="TIMESTAMP" property="bindTime" />
  </resultMap>
  <sql id="Example_Where_Clause">
    <where>
      <foreach collection="oredCriteria" item="criteria" separator="or">
        <if test="criteria.valid">
          <trim prefix="(" prefixOverrides="and" suffix=")">
            <foreach collection="criteria.criteria" item="criterion">
              <choose>
                <when test="criterion.noValue">
                  and ${criterion.condition}
                </when>
                <when test="criterion.singleValue">
                  and ${criterion.condition} #{criterion.value}
                </when>
                <when test="criterion.betweenValue">
                  and ${criterion.condition} #{criterion.value} and #{criterion.secondValue}
                </when>
                <when test="criterion.listValue">
                  and ${criterion.condition}
                  <foreach close=")" collection="criterion.value" item="listItem" open="(" separator=",">
                    #{listItem}
                  </foreach>
                </when>
              </choose>
            </foreach>
          </trim>
        </if>
      </foreach>
    </where>
  </sql>
  <sql id="Update_By_Example_Where_Clause">
    <where>
      <foreach collection="example.oredCriteria" item="criteria" separator="or">
        <if test="criteria.valid">
          <trim prefix="(" prefixOverrides="and" suffix=")">
            <foreach collection="criteria.criteria" item="criterion">
              <choose>
                <when test="criterion.noValue">
                  and ${criterion.condition}
                </when>
                <when test="criterion.singleValue">
                  and ${criterion.condition} #{criterion.value}
                </when>
                <when test="criterion.betweenValue">
                  and ${criterion.condition} #{criterion.value} and #{criterion.secondValue}
                </when>
                <when test="criterion.listValue">
                  and ${criterion.condition}
                  <foreach close=")" collection="criterion.value" item="listItem" open="(" separator=",">
                    #{listItem}
                  </foreach>
                </when>
              </choose>
            </foreach>
          </trim>
        </if>
      </foreach>
    </where>
  </sql>
  <sql id="Base_Column_List">
    id, unit_id, plan_id, is_violat, is_mark, sum_pro_time, error_id, bind_time
  </sql>
  <select id="selectByExample" parameterType="com.leniao.huanbao.entity.HbyReduceplanJoinProjectExample" resultMap="BaseResultMap">
    select
    <if test="distinct">
      distinct
    </if>
    <include refid="Base_Column_List" />
    from hby_reduceplan_join_project
    <if test="_parameter != null">
      <include refid="Example_Where_Clause" />
    </if>
    <if test="orderByClause != null">
      order by ${orderByClause}
    </if>
  </select>
  <select id="selectByPrimaryKey" parameterType="java.lang.Long" resultMap="BaseResultMap">
    select 
    <include refid="Base_Column_List" />
    from hby_reduceplan_join_project
    where id = #{id,jdbcType=BIGINT}
  </select>
  <delete id="deleteByPrimaryKey" parameterType="java.lang.Long">
    delete from hby_reduceplan_join_project
    where id = #{id,jdbcType=BIGINT}
  </delete>
  <delete id="deleteByExample" parameterType="com.leniao.huanbao.entity.HbyReduceplanJoinProjectExample">
    delete from hby_reduceplan_join_project
    <if test="_parameter != null">
      <include refid="Example_Where_Clause" />
    </if>
  </delete>
  <insert id="insert" parameterType="com.leniao.huanbao.entity.HbyReduceplanJoinProject">
    insert into hby_reduceplan_join_project (id, unit_id, plan_id, 
      is_violat, is_mark, sum_pro_time, 
      error_id, bind_time)
    values (#{id,jdbcType=BIGINT}, #{unitId,jdbcType=INTEGER}, #{planId,jdbcType=BIGINT}, 
      #{isViolat,jdbcType=INTEGER}, #{isMark,jdbcType=INTEGER}, #{sumProTime,jdbcType=BIGINT}, 
      #{errorId,jdbcType=BIGINT}, #{bindTime,jdbcType=TIMESTAMP})
  </insert>
  <insert id="insertSelective" parameterType="com.leniao.huanbao.entity.HbyReduceplanJoinProject">
    insert into hby_reduceplan_join_project
    <trim prefix="(" suffix=")" suffixOverrides=",">
      <if test="id != null">
        id,
      </if>
      <if test="unitId != null">
        unit_id,
      </if>
      <if test="planId != null">
        plan_id,
      </if>
      <if test="isViolat != null">
        is_violat,
      </if>
      <if test="isMark != null">
        is_mark,
      </if>
      <if test="sumProTime != null">
        sum_pro_time,
      </if>
      <if test="errorId != null">
        error_id,
      </if>
      <if test="bindTime != null">
        bind_time,
      </if>
    </trim>
    <trim prefix="values (" suffix=")" suffixOverrides=",">
      <if test="id != null">
        #{id,jdbcType=BIGINT},
      </if>
      <if test="unitId != null">
        #{unitId,jdbcType=INTEGER},
      </if>
      <if test="planId != null">
        #{planId,jdbcType=BIGINT},
      </if>
      <if test="isViolat != null">
        #{isViolat,jdbcType=INTEGER},
      </if>
      <if test="isMark != null">
        #{isMark,jdbcType=INTEGER},
      </if>
      <if test="sumProTime != null">
        #{sumProTime,jdbcType=BIGINT},
      </if>
      <if test="errorId != null">
        #{errorId,jdbcType=BIGINT},
      </if>
      <if test="bindTime != null">
        #{bindTime,jdbcType=TIMESTAMP},
      </if>
    </trim>
  </insert>
  <select id="countByExample" parameterType="com.leniao.huanbao.entity.HbyReduceplanJoinProjectExample" resultType="java.lang.Long">
    select count(*) from hby_reduceplan_join_project
    <if test="_parameter != null">
      <include refid="Example_Where_Clause" />
    </if>
  </select>
  <update id="updateByExampleSelective" parameterType="map">
    update hby_reduceplan_join_project
    <set>
      <if test="record.id != null">
        id = #{record.id,jdbcType=BIGINT},
      </if>
      <if test="record.unitId != null">
        unit_id = #{record.unitId,jdbcType=INTEGER},
      </if>
      <if test="record.planId != null">
        plan_id = #{record.planId,jdbcType=BIGINT},
      </if>
      <if test="record.isViolat != null">
        is_violat = #{record.isViolat,jdbcType=INTEGER},
      </if>
      <if test="record.isMark != null">
        is_mark = #{record.isMark,jdbcType=INTEGER},
      </if>
      <if test="record.sumProTime != null">
        sum_pro_time = #{record.sumProTime,jdbcType=BIGINT},
      </if>
      <if test="record.errorId != null">
        error_id = #{record.errorId,jdbcType=BIGINT},
      </if>
      <if test="record.bindTime != null">
        bind_time = #{record.bindTime,jdbcType=TIMESTAMP},
      </if>
    </set>
    <if test="_parameter != null">
      <include refid="Update_By_Example_Where_Clause" />
    </if>
  </update>
  <update id="updateByExample" parameterType="map">
    update hby_reduceplan_join_project
    set id = #{record.id,jdbcType=BIGINT},
      unit_id = #{record.unitId,jdbcType=INTEGER},
      plan_id = #{record.planId,jdbcType=BIGINT},
      is_violat = #{record.isViolat,jdbcType=INTEGER},
      is_mark = #{record.isMark,jdbcType=INTEGER},
      sum_pro_time = #{record.sumProTime,jdbcType=BIGINT},
      error_id = #{record.errorId,jdbcType=BIGINT},
      bind_time = #{record.bindTime,jdbcType=TIMESTAMP}
    <if test="_parameter != null">
      <include refid="Update_By_Example_Where_Clause" />
    </if>
  </update>
  <update id="updateByPrimaryKeySelective" parameterType="com.leniao.huanbao.entity.HbyReduceplanJoinProject">
    update hby_reduceplan_join_project
    <set>
      <if test="unitId != null">
        unit_id = #{unitId,jdbcType=INTEGER},
      </if>
      <if test="planId != null">
        plan_id = #{planId,jdbcType=BIGINT},
      </if>
      <if test="isViolat != null">
        is_violat = #{isViolat,jdbcType=INTEGER},
      </if>
      <if test="isMark != null">
        is_mark = #{isMark,jdbcType=INTEGER},
      </if>
      <if test="sumProTime != null">
        sum_pro_time = #{sumProTime,jdbcType=BIGINT},
      </if>
      <if test="errorId != null">
        error_id = #{errorId,jdbcType=BIGINT},
      </if>
      <if test="bindTime != null">
        bind_time = #{bindTime,jdbcType=TIMESTAMP},
      </if>
    </set>
    where id = #{id,jdbcType=BIGINT}
  </update>
  <update id="updateByPrimaryKey" parameterType="com.leniao.huanbao.entity.HbyReduceplanJoinProject">
    update hby_reduceplan_join_project
    set unit_id = #{unitId,jdbcType=INTEGER},
      plan_id = #{planId,jdbcType=BIGINT},
      is_violat = #{isViolat,jdbcType=INTEGER},
      is_mark = #{isMark,jdbcType=INTEGER},
      sum_pro_time = #{sumProTime,jdbcType=BIGINT},
      error_id = #{errorId,jdbcType=BIGINT},
      bind_time = #{bindTime,jdbcType=TIMESTAMP}
    where id = #{id,jdbcType=BIGINT}
  </update>

  <update id="updateBindUnitCount">
    update hby_reduce_emmission_plan set bind_unit_count = bind_unit_count + #{count} where plan_id = #{planId}
  </update>

</mapper>