<?xml version="1.0" encoding="UTF-8"?>
<!DOCTYPE mapper PUBLIC "-//mybatis.org//DTD Mapper 3.0//EN" "http://mybatis.org/dtd/mybatis-3-mapper.dtd">
<mapper namespace="com.leniao.huanbao.mapper.HbyReduceEmmissionPlanMapper">
  <resultMap id="BaseResultMap" type="com.leniao.huanbao.entity.HbyReduceEmmissionPlan">
    <id column="plan_id" jdbcType="BIGINT" property="planId" />
    <result column="plan_name" jdbcType="VARCHAR" property="planName" />
    <result column="province_code" jdbcType="VARCHAR" property="provinceCode" />
    <result column="city_code" jdbcType="VARCHAR" property="cityCode" />
    <result column="area_code" jdbcType="VARCHAR" property="areaCode" />
    <result column="plan_type" jdbcType="INTEGER" property="planType" />
    <result column="begin_time" jdbcType="DATE" property="beginTime" />
    <result column="end_time" jdbcType="DATE" property="endTime" />
    <result column="limit_produc_time_count" jdbcType="INTEGER" property="limitProducTimeCount" />
    <result column="warn_level" jdbcType="INTEGER" property="warnLevel" />
    <result column="remark" jdbcType="VARCHAR" property="remark" />
    <result column="is_using" jdbcType="INTEGER" property="isUsing" />
    <result column="update_user" jdbcType="INTEGER" property="updateUser" />
    <result column="update_time" jdbcType="TIMESTAMP" property="updateTime" />
    <result column="create_user" jdbcType="INTEGER" property="createUser" />
    <result column="create_time" jdbcType="TIMESTAMP" property="createTime" />
    <result column="is_delete" jdbcType="INTEGER" property="isDelete" />
    <result column="bind_unit_count" jdbcType="INTEGER" property="bindUnitCount" />
    <result column="platform_id" jdbcType="INTEGER" property="platformId" />
    <result column="belong_agency" jdbcType="INTEGER" property="belongAgency" />
  </resultMap>
  <resultMap extends="BaseResultMap" id="ResultMapWithBLOBs" type="com.leniao.huanbao.entity.HbyReduceEmmissionPlan">
    <result column="stop_produc_time_list" jdbcType="LONGVARCHAR" property="stopProducTimeList" />
  </resultMap>
  <sql id="Example_Where_Clause">
    <where>
      <foreach collection="oredCriteria" item="criteria" separator="or">
        <if test="criteria.valid">
          <trim prefix="(" prefixOverrides="and" suffix=")">
            <foreach collection="criteria.criteria" item="criterion">
              <choose>
                <when test="criterion.noValue">
                  and ${criterion.condition}
                </when>
                <when test="criterion.singleValue">
                  and ${criterion.condition} #{criterion.value}
                </when>
                <when test="criterion.betweenValue">
                  and ${criterion.condition} #{criterion.value} and #{criterion.secondValue}
                </when>
                <when test="criterion.listValue">
                  and ${criterion.condition}
                  <foreach close=")" collection="criterion.value" item="listItem" open="(" separator=",">
                    #{listItem}
                  </foreach>
                </when>
              </choose>
            </foreach>
          </trim>
        </if>
      </foreach>
    </where>
  </sql>
  <sql id="Update_By_Example_Where_Clause">
    <where>
      <foreach collection="example.oredCriteria" item="criteria" separator="or">
        <if test="criteria.valid">
          <trim prefix="(" prefixOverrides="and" suffix=")">
            <foreach collection="criteria.criteria" item="criterion">
              <choose>
                <when test="criterion.noValue">
                  and ${criterion.condition}
                </when>
                <when test="criterion.singleValue">
                  and ${criterion.condition} #{criterion.value}
                </when>
                <when test="criterion.betweenValue">
                  and ${criterion.condition} #{criterion.value} and #{criterion.secondValue}
                </when>
                <when test="criterion.listValue">
                  and ${criterion.condition}
                  <foreach close=")" collection="criterion.value" item="listItem" open="(" separator=",">
                    #{listItem}
                  </foreach>
                </when>
              </choose>
            </foreach>
          </trim>
        </if>
      </foreach>
    </where>
  </sql>
  <sql id="Base_Column_List">
    plan_id, plan_name, province_code, city_code, area_code, plan_type, begin_time, end_time, 
    limit_produc_time_count, warn_level, remark, is_using, update_user, update_time, 
    create_user, create_time, is_delete, bind_unit_count, platform_id, belong_agency
  </sql>
  <sql id="Blob_Column_List">
    stop_produc_time_list
  </sql>
  <select id="selectByExampleWithBLOBs" parameterType="com.leniao.huanbao.entity.HbyReduceEmmissionPlanExample" resultMap="ResultMapWithBLOBs">
    select
    <if test="distinct">
      distinct
    </if>
    <include refid="Base_Column_List" />
    ,
    <include refid="Blob_Column_List" />
    from hby_reduce_emmission_plan
    <if test="_parameter != null">
      <include refid="Example_Where_Clause" />
    </if>
    <if test="orderByClause != null">
      order by ${orderByClause}
    </if>
  </select>
  <select id="selectByExample" parameterType="com.leniao.huanbao.entity.HbyReduceEmmissionPlanExample" resultMap="BaseResultMap">
    select
    <if test="distinct">
      distinct
    </if>
    <include refid="Base_Column_List" />
    from hby_reduce_emmission_plan
    <if test="_parameter != null">
      <include refid="Example_Where_Clause" />
    </if>
    <if test="orderByClause != null">
      order by ${orderByClause}
    </if>
  </select>
  <select id="selectByPrimaryKey" parameterType="java.lang.Long" resultMap="ResultMapWithBLOBs">
    select 
    <include refid="Base_Column_List" />
    ,
    <include refid="Blob_Column_List" />
    from hby_reduce_emmission_plan
    where plan_id = #{planId,jdbcType=BIGINT}
  </select>
  <delete id="deleteByPrimaryKey" parameterType="java.lang.Long">
    delete from hby_reduce_emmission_plan
    where plan_id = #{planId,jdbcType=BIGINT}
  </delete>
  <delete id="deleteByExample" parameterType="com.leniao.huanbao.entity.HbyReduceEmmissionPlanExample">
    delete from hby_reduce_emmission_plan
    <if test="_parameter != null">
      <include refid="Example_Where_Clause" />
    </if>
  </delete>
  <insert id="insert" parameterType="com.leniao.huanbao.entity.HbyReduceEmmissionPlan">
    insert into hby_reduce_emmission_plan (plan_id, plan_name, province_code, 
      city_code, area_code, plan_type, 
      begin_time, end_time, limit_produc_time_count, 
      warn_level, remark, is_using, 
      update_user, update_time, create_user, 
      create_time, is_delete, bind_unit_count, 
      platform_id, belong_agency, stop_produc_time_list
      )
    values (#{planId,jdbcType=BIGINT}, #{planName,jdbcType=VARCHAR}, #{provinceCode,jdbcType=VARCHAR}, 
      #{cityCode,jdbcType=VARCHAR}, #{areaCode,jdbcType=VARCHAR}, #{planType,jdbcType=INTEGER}, 
      #{beginTime,jdbcType=DATE}, #{endTime,jdbcType=DATE}, #{limitProducTimeCount,jdbcType=INTEGER}, 
      #{warnLevel,jdbcType=INTEGER}, #{remark,jdbcType=VARCHAR}, #{isUsing,jdbcType=INTEGER}, 
      #{updateUser,jdbcType=INTEGER}, #{updateTime,jdbcType=TIMESTAMP}, #{createUser,jdbcType=INTEGER}, 
      #{createTime,jdbcType=TIMESTAMP}, #{isDelete,jdbcType=INTEGER}, #{bindUnitCount,jdbcType=INTEGER}, 
      #{platformId,jdbcType=INTEGER}, #{belongAgency,jdbcType=INTEGER}, #{stopProducTimeList,jdbcType=LONGVARCHAR}
      )
  </insert>
  <insert id="insertSelective" parameterType="com.leniao.huanbao.entity.HbyReduceEmmissionPlan">
    insert into hby_reduce_emmission_plan
    <trim prefix="(" suffix=")" suffixOverrides=",">
      <if test="planId != null">
        plan_id,
      </if>
      <if test="planName != null">
        plan_name,
      </if>
      <if test="provinceCode != null">
        province_code,
      </if>
      <if test="cityCode != null">
        city_code,
      </if>
      <if test="areaCode != null">
        area_code,
      </if>
      <if test="planType != null">
        plan_type,
      </if>
      <if test="beginTime != null">
        begin_time,
      </if>
      <if test="endTime != null">
        end_time,
      </if>
      <if test="limitProducTimeCount != null">
        limit_produc_time_count,
      </if>
      <if test="warnLevel != null">
        warn_level,
      </if>
      <if test="remark != null">
        remark,
      </if>
      <if test="isUsing != null">
        is_using,
      </if>
      <if test="updateUser != null">
        update_user,
      </if>
      <if test="updateTime != null">
        update_time,
      </if>
      <if test="createUser != null">
        create_user,
      </if>
      <if test="createTime != null">
        create_time,
      </if>
      <if test="isDelete != null">
        is_delete,
      </if>
      <if test="bindUnitCount != null">
        bind_unit_count,
      </if>
      <if test="platformId != null">
        platform_id,
      </if>
      <if test="belongAgency != null">
        belong_agency,
      </if>
      <if test="stopProducTimeList != null">
        stop_produc_time_list,
      </if>
    </trim>
    <trim prefix="values (" suffix=")" suffixOverrides=",">
      <if test="planId != null">
        #{planId,jdbcType=BIGINT},
      </if>
      <if test="planName != null">
        #{planName,jdbcType=VARCHAR},
      </if>
      <if test="provinceCode != null">
        #{provinceCode,jdbcType=VARCHAR},
      </if>
      <if test="cityCode != null">
        #{cityCode,jdbcType=VARCHAR},
      </if>
      <if test="areaCode != null">
        #{areaCode,jdbcType=VARCHAR},
      </if>
      <if test="planType != null">
        #{planType,jdbcType=INTEGER},
      </if>
      <if test="beginTime != null">
        #{beginTime,jdbcType=DATE},
      </if>
      <if test="endTime != null">
        #{endTime,jdbcType=DATE},
      </if>
      <if test="limitProducTimeCount != null">
        #{limitProducTimeCount,jdbcType=INTEGER},
      </if>
      <if test="warnLevel != null">
        #{warnLevel,jdbcType=INTEGER},
      </if>
      <if test="remark != null">
        #{remark,jdbcType=VARCHAR},
      </if>
      <if test="isUsing != null">
        #{isUsing,jdbcType=INTEGER},
      </if>
      <if test="updateUser != null">
        #{updateUser,jdbcType=INTEGER},
      </if>
      <if test="updateTime != null">
        #{updateTime,jdbcType=TIMESTAMP},
      </if>
      <if test="createUser != null">
        #{createUser,jdbcType=INTEGER},
      </if>
      <if test="createTime != null">
        #{createTime,jdbcType=TIMESTAMP},
      </if>
      <if test="isDelete != null">
        #{isDelete,jdbcType=INTEGER},
      </if>
      <if test="bindUnitCount != null">
        #{bindUnitCount,jdbcType=INTEGER},
      </if>
      <if test="platformId != null">
        #{platformId,jdbcType=INTEGER},
      </if>
      <if test="belongAgency != null">
        #{belongAgency,jdbcType=INTEGER},
      </if>
      <if test="stopProducTimeList != null">
        #{stopProducTimeList,jdbcType=LONGVARCHAR},
      </if>
    </trim>
  </insert>
  <select id="countByExample" parameterType="com.leniao.huanbao.entity.HbyReduceEmmissionPlanExample" resultType="java.lang.Long">
    select count(*) from hby_reduce_emmission_plan
    <if test="_parameter != null">
      <include refid="Example_Where_Clause" />
    </if>
  </select>
  <update id="updateByExampleSelective" parameterType="map">
    update hby_reduce_emmission_plan
    <set>
      <if test="record.planId != null">
        plan_id = #{record.planId,jdbcType=BIGINT},
      </if>
      <if test="record.planName != null">
        plan_name = #{record.planName,jdbcType=VARCHAR},
      </if>
      <if test="record.provinceCode != null">
        province_code = #{record.provinceCode,jdbcType=VARCHAR},
      </if>
      <if test="record.cityCode != null">
        city_code = #{record.cityCode,jdbcType=VARCHAR},
      </if>
      <if test="record.areaCode != null">
        area_code = #{record.areaCode,jdbcType=VARCHAR},
      </if>
      <if test="record.planType != null">
        plan_type = #{record.planType,jdbcType=INTEGER},
      </if>
      <if test="record.beginTime != null">
        begin_time = #{record.beginTime,jdbcType=DATE},
      </if>
      <if test="record.endTime != null">
        end_time = #{record.endTime,jdbcType=DATE},
      </if>
      <if test="record.limitProducTimeCount != null">
        limit_produc_time_count = #{record.limitProducTimeCount,jdbcType=INTEGER},
      </if>
      <if test="record.warnLevel != null">
        warn_level = #{record.warnLevel,jdbcType=INTEGER},
      </if>
      <if test="record.remark != null">
        remark = #{record.remark,jdbcType=VARCHAR},
      </if>
      <if test="record.isUsing != null">
        is_using = #{record.isUsing,jdbcType=INTEGER},
      </if>
      <if test="record.updateUser != null">
        update_user = #{record.updateUser,jdbcType=INTEGER},
      </if>
      <if test="record.updateTime != null">
        update_time = #{record.updateTime,jdbcType=TIMESTAMP},
      </if>
      <if test="record.createUser != null">
        create_user = #{record.createUser,jdbcType=INTEGER},
      </if>
      <if test="record.createTime != null">
        create_time = #{record.createTime,jdbcType=TIMESTAMP},
      </if>
      <if test="record.isDelete != null">
        is_delete = #{record.isDelete,jdbcType=INTEGER},
      </if>
      <if test="record.bindUnitCount != null">
        bind_unit_count = #{record.bindUnitCount,jdbcType=INTEGER},
      </if>
      <if test="record.platformId != null">
        platform_id = #{record.platformId,jdbcType=INTEGER},
      </if>
      <if test="record.belongAgency != null">
        belong_agency = #{record.belongAgency,jdbcType=INTEGER},
      </if>
      <if test="record.stopProducTimeList != null">
        stop_produc_time_list = #{record.stopProducTimeList,jdbcType=LONGVARCHAR},
      </if>
    </set>
    <if test="_parameter != null">
      <include refid="Update_By_Example_Where_Clause" />
    </if>
  </update>
  <update id="updateByExampleWithBLOBs" parameterType="map">
    update hby_reduce_emmission_plan
    set plan_id = #{record.planId,jdbcType=BIGINT},
      plan_name = #{record.planName,jdbcType=VARCHAR},
      province_code = #{record.provinceCode,jdbcType=VARCHAR},
      city_code = #{record.cityCode,jdbcType=VARCHAR},
      area_code = #{record.areaCode,jdbcType=VARCHAR},
      plan_type = #{record.planType,jdbcType=INTEGER},
      begin_time = #{record.beginTime,jdbcType=DATE},
      end_time = #{record.endTime,jdbcType=DATE},
      limit_produc_time_count = #{record.limitProducTimeCount,jdbcType=INTEGER},
      warn_level = #{record.warnLevel,jdbcType=INTEGER},
      remark = #{record.remark,jdbcType=VARCHAR},
      is_using = #{record.isUsing,jdbcType=INTEGER},
      update_user = #{record.updateUser,jdbcType=INTEGER},
      update_time = #{record.updateTime,jdbcType=TIMESTAMP},
      create_user = #{record.createUser,jdbcType=INTEGER},
      create_time = #{record.createTime,jdbcType=TIMESTAMP},
      is_delete = #{record.isDelete,jdbcType=INTEGER},
      bind_unit_count = #{record.bindUnitCount,jdbcType=INTEGER},
      platform_id = #{record.platformId,jdbcType=INTEGER},
      belong_agency = #{record.belongAgency,jdbcType=INTEGER},
      stop_produc_time_list = #{record.stopProducTimeList,jdbcType=LONGVARCHAR}
    <if test="_parameter != null">
      <include refid="Update_By_Example_Where_Clause" />
    </if>
  </update>
  <update id="updateByExample" parameterType="map">
    update hby_reduce_emmission_plan
    set plan_id = #{record.planId,jdbcType=BIGINT},
      plan_name = #{record.planName,jdbcType=VARCHAR},
      province_code = #{record.provinceCode,jdbcType=VARCHAR},
      city_code = #{record.cityCode,jdbcType=VARCHAR},
      area_code = #{record.areaCode,jdbcType=VARCHAR},
      plan_type = #{record.planType,jdbcType=INTEGER},
      begin_time = #{record.beginTime,jdbcType=DATE},
      end_time = #{record.endTime,jdbcType=DATE},
      limit_produc_time_count = #{record.limitProducTimeCount,jdbcType=INTEGER},
      warn_level = #{record.warnLevel,jdbcType=INTEGER},
      remark = #{record.remark,jdbcType=VARCHAR},
      is_using = #{record.isUsing,jdbcType=INTEGER},
      update_user = #{record.updateUser,jdbcType=INTEGER},
      update_time = #{record.updateTime,jdbcType=TIMESTAMP},
      create_user = #{record.createUser,jdbcType=INTEGER},
      create_time = #{record.createTime,jdbcType=TIMESTAMP},
      is_delete = #{record.isDelete,jdbcType=INTEGER},
      bind_unit_count = #{record.bindUnitCount,jdbcType=INTEGER},
      platform_id = #{record.platformId,jdbcType=INTEGER},
      belong_agency = #{record.belongAgency,jdbcType=INTEGER}
    <if test="_parameter != null">
      <include refid="Update_By_Example_Where_Clause" />
    </if>
  </update>
  <update id="updateByPrimaryKeySelective" parameterType="com.leniao.huanbao.entity.HbyReduceEmmissionPlan">
    update hby_reduce_emmission_plan
    <set>
      <if test="planName != null">
        plan_name = #{planName,jdbcType=VARCHAR},
      </if>
      <if test="provinceCode != null">
        province_code = #{provinceCode,jdbcType=VARCHAR},
      </if>
      <if test="cityCode != null">
        city_code = #{cityCode,jdbcType=VARCHAR},
      </if>
      <if test="areaCode != null">
        area_code = #{areaCode,jdbcType=VARCHAR},
      </if>
      <if test="planType != null">
        plan_type = #{planType,jdbcType=INTEGER},
      </if>
      <if test="beginTime != null">
        begin_time = #{beginTime,jdbcType=DATE},
      </if>
      <if test="endTime != null">
        end_time = #{endTime,jdbcType=DATE},
      </if>
      <if test="limitProducTimeCount != null">
        limit_produc_time_count = #{limitProducTimeCount,jdbcType=INTEGER},
      </if>
      <if test="warnLevel != null">
        warn_level = #{warnLevel,jdbcType=INTEGER},
      </if>
      <if test="remark != null">
        remark = #{remark,jdbcType=VARCHAR},
      </if>
      <if test="isUsing != null">
        is_using = #{isUsing,jdbcType=INTEGER},
      </if>
      <if test="updateUser != null">
        update_user = #{updateUser,jdbcType=INTEGER},
      </if>
      <if test="updateTime != null">
        update_time = #{updateTime,jdbcType=TIMESTAMP},
      </if>
      <if test="createUser != null">
        create_user = #{createUser,jdbcType=INTEGER},
      </if>
      <if test="createTime != null">
        create_time = #{createTime,jdbcType=TIMESTAMP},
      </if>
      <if test="isDelete != null">
        is_delete = #{isDelete,jdbcType=INTEGER},
      </if>
      <if test="bindUnitCount != null">
        bind_unit_count = #{bindUnitCount,jdbcType=INTEGER},
      </if>
      <if test="platformId != null">
        platform_id = #{platformId,jdbcType=INTEGER},
      </if>
      <if test="belongAgency != null">
        belong_agency = #{belongAgency,jdbcType=INTEGER},
      </if>
      <if test="stopProducTimeList != null">
        stop_produc_time_list = #{stopProducTimeList,jdbcType=LONGVARCHAR},
      </if>
    </set>
    where plan_id = #{planId,jdbcType=BIGINT}
  </update>
  <update id="updateByPrimaryKeyWithBLOBs" parameterType="com.leniao.huanbao.entity.HbyReduceEmmissionPlan">
    update hby_reduce_emmission_plan
    set plan_name = #{planName,jdbcType=VARCHAR},
      province_code = #{provinceCode,jdbcType=VARCHAR},
      city_code = #{cityCode,jdbcType=VARCHAR},
      area_code = #{areaCode,jdbcType=VARCHAR},
      plan_type = #{planType,jdbcType=INTEGER},
      begin_time = #{beginTime,jdbcType=DATE},
      end_time = #{endTime,jdbcType=DATE},
      limit_produc_time_count = #{limitProducTimeCount,jdbcType=INTEGER},
      warn_level = #{warnLevel,jdbcType=INTEGER},
      remark = #{remark,jdbcType=VARCHAR},
      is_using = #{isUsing,jdbcType=INTEGER},
      update_user = #{updateUser,jdbcType=INTEGER},
      update_time = #{updateTime,jdbcType=TIMESTAMP},
      create_user = #{createUser,jdbcType=INTEGER},
      create_time = #{createTime,jdbcType=TIMESTAMP},
      is_delete = #{isDelete,jdbcType=INTEGER},
      bind_unit_count = #{bindUnitCount,jdbcType=INTEGER},
      platform_id = #{platformId,jdbcType=INTEGER},
      belong_agency = #{belongAgency,jdbcType=INTEGER},
      stop_produc_time_list = #{stopProducTimeList,jdbcType=LONGVARCHAR}
    where plan_id = #{planId,jdbcType=BIGINT}
  </update>
  <update id="updateByPrimaryKey" parameterType="com.leniao.huanbao.entity.HbyReduceEmmissionPlan">
    update hby_reduce_emmission_plan
    set plan_name = #{planName,jdbcType=VARCHAR},
      province_code = #{provinceCode,jdbcType=VARCHAR},
      city_code = #{cityCode,jdbcType=VARCHAR},
      area_code = #{areaCode,jdbcType=VARCHAR},
      plan_type = #{planType,jdbcType=INTEGER},
      begin_time = #{beginTime,jdbcType=DATE},
      end_time = #{endTime,jdbcType=DATE},
      limit_produc_time_count = #{limitProducTimeCount,jdbcType=INTEGER},
      warn_level = #{warnLevel,jdbcType=INTEGER},
      remark = #{remark,jdbcType=VARCHAR},
      is_using = #{isUsing,jdbcType=INTEGER},
      update_user = #{updateUser,jdbcType=INTEGER},
      update_time = #{updateTime,jdbcType=TIMESTAMP},
      create_user = #{createUser,jdbcType=INTEGER},
      create_time = #{createTime,jdbcType=TIMESTAMP},
      is_delete = #{isDelete,jdbcType=INTEGER},
      bind_unit_count = #{bindUnitCount,jdbcType=INTEGER},
      platform_id = #{platformId,jdbcType=INTEGER},
      belong_agency = #{belongAgency,jdbcType=INTEGER}
    where plan_id = #{planId,jdbcType=BIGINT}
  </update>
</mapper>