<?xml version="1.0" encoding="UTF-8"?>
<!DOCTYPE mapper PUBLIC "-//mybatis.org//DTD Mapper 3.0//EN" "http://mybatis.org/dtd/mybatis-3-mapper.dtd">
<mapper namespace="com.leniao.huanbao.mapper.ScheduledMapper">

    <resultMap id="OverLookPointWithDevlistMap" type="com.leniao.huanbao.dto.schedule.OverLookPointWithDevlist">
        <id column="id" jdbcType="BIGINT" property="id" />
        <result column="unit_id" jdbcType="INTEGER" property="unitId" />
        <result column="over_look_name" jdbcType="VARCHAR" property="overLookName" />
        <result column="dev_group_id" jdbcType="INTEGER" property="devGroupId" />
        <result column="is_demo_box" jdbcType="INTEGER" property="isDemoBox" />
        <result column="dev_using" jdbcType="VARCHAR" property="devUsing" />
        <result column="remark" jdbcType="VARCHAR" property="remark" />
        <result column="point_type" jdbcType="INTEGER" property="pointType" />
        <result column="poll_dev_power" jdbcType="INTEGER" property="pollDevPower" />
        <result column="poll_dev_rated_voltg" jdbcType="INTEGER" property="pollDevRatedVoltg" />
        <result column="poll_dev_power_sill_val" jdbcType="INTEGER" property="pollDevPowerSillVal" />
        <result column="poll_dev_power_live_time" jdbcType="INTEGER" property="pollDevPowerLiveTime" />
        <result column="poll_dev_ele_sill_val" jdbcType="INTEGER" property="pollDevEleSillVal" />
        <result column="poll_dev_ele_live_time" jdbcType="INTEGER" property="pollDevEleLiveTime" />
        <result column="poll_dev_type" jdbcType="INTEGER" property="pollDevType" />
        <result column="con_dev_power" jdbcType="INTEGER" property="conDevPower" />
        <result column="con_dev_rated_voltg" jdbcType="INTEGER" property="conDevRatedVoltg" />
        <result column="con_dev_power_sill_val" jdbcType="INTEGER" property="conDevPowerSillVal" />
        <result column="con_dev_power_live_time" jdbcType="INTEGER" property="conDevPowerLiveTime" />
        <result column="con_dev_ele_sill_val" jdbcType="INTEGER" property="conDevEleSillVal" />
        <result column="con_dev_ele_live_time" jdbcType="INTEGER" property="conDevEleLiveTime" />
        <result column="con_dev_type" jdbcType="INTEGER" property="conDevType" />
        <result column="platform_id" jdbcType="INTEGER" property="platformId" />
        <result column="create_time" jdbcType="TIMESTAMP" property="createTime" />
        <result column="create_user" jdbcType="VARCHAR" property="createUser" />
        <result column="update_time" jdbcType="TIMESTAMP" property="updateTime" />
        <result column="update_user" jdbcType="VARCHAR" property="updateUser" />
        <result column="deleted" jdbcType="INTEGER" property="deleted" />
        <result column="version" jdbcType="INTEGER" property="version" />
        <collection property="pointDevs" ofType="com.leniao.huanbao.dto.schedule.DevDto">
            <id column="devIdpk" property="devIdpk" jdbcType="INTEGER"/>
            <result column="devSignature" property="devSignature" jdbcType="VARCHAR"/>
            <result column="installLocation" property="installLocation" jdbcType="VARCHAR"/>
            <result column="devProTy" property="devProTy" jdbcType="INTEGER"/>
            <result column="devWorkState" property="devWorkState" jdbcType="INTEGER"/>
            <result column="unitId" property="unitId" jdbcType="INTEGER"/>
            <result column="platformId" property="platformId" jdbcType="INTEGER"/>
            <result column="industryId" property="industryId" jdbcType="INTEGER"/>
        </collection>
    </resultMap>
    <insert id="insertDevWorkStatus">
        ${sql}
    </insert>
    <insert id="insertProjectErrorInfo" keyProperty="id" useGeneratedKeys="true" parameterType="com.leniao.entity.HbyProjectErrorInfo">
        insert into hby_project_errorinfo (id, unit_id, province_code,
          city_code, area_code, industry_id,
          type, dev_idpk, dev_signature,
          overlook_id, plan_id, poll_or_con,
          error_time, normal_time, deal_status,
          error_event_type, error_desc, vol_charge_ratio,
          ele_charge_ratio, remark, check_user,
          check_time, check_result, check_desc,
          fj_url, fj_desc, verify_user,
          verify_time, verify_sugg, verify_result,
          raw_errID, raw_node, raw_type,
          raw_value, raw_unit, raw_UUID,
          platform_id, create_time, create_user,
          update_time, update_user, deleted,
          version)
        values (#{id,jdbcType=BIGINT}, #{unitId,jdbcType=INTEGER}, #{provinceCode,jdbcType=VARCHAR},
          #{cityCode,jdbcType=VARCHAR}, #{areaCode,jdbcType=VARCHAR}, #{industryId,jdbcType=BIGINT},
          #{type,jdbcType=INTEGER}, #{devIdpk,jdbcType=INTEGER}, #{devSignature,jdbcType=VARCHAR},
          #{overlookId,jdbcType=VARCHAR}, #{planId,jdbcType=BIGINT}, #{pollOrCon,jdbcType=INTEGER},
          #{errorTime,jdbcType=TIMESTAMP}, #{normalTime,jdbcType=TIMESTAMP}, #{dealStatus,jdbcType=INTEGER},
          #{errorEventType,jdbcType=INTEGER}, #{errorDesc,jdbcType=VARCHAR}, #{volChargeRatio,jdbcType=DECIMAL},
          #{eleChargeRatio,jdbcType=DECIMAL}, #{remark,jdbcType=VARCHAR}, #{checkUser,jdbcType=INTEGER},
          #{checkTime,jdbcType=TIMESTAMP}, #{checkResult,jdbcType=INTEGER}, #{checkDesc,jdbcType=VARCHAR},
          #{fjUrl,jdbcType=VARCHAR}, #{fjDesc,jdbcType=VARCHAR}, #{verifyUser,jdbcType=INTEGER},
          #{verifyTime,jdbcType=TIMESTAMP}, #{verifySugg,jdbcType=VARCHAR}, #{verifyResult,jdbcType=INTEGER},
          #{rawErrid,jdbcType=INTEGER}, #{rawNode,jdbcType=VARCHAR}, #{rawType,jdbcType=INTEGER},
          #{rawValue,jdbcType=DECIMAL}, #{rawUnit,jdbcType=VARCHAR}, #{rawUuid,jdbcType=VARCHAR},
          #{platformId,jdbcType=INTEGER}, #{createTime,jdbcType=TIMESTAMP}, #{createUser,jdbcType=VARCHAR},
          #{updateTime,jdbcType=TIMESTAMP}, #{updateUser,jdbcType=VARCHAR}, #{deleted,jdbcType=INTEGER},
          #{version,jdbcType=INTEGER})
    </insert>

    <select id="findOverLookPointsWithDevlist" resultMap="OverLookPointWithDevlistMap">
        SELECT
            a.*, b.dev_idpk devIdpk,
            b.dev_pro_ty devProTy,
            b.dev_work_state devWorkState,
            dev.projId unitId,
            c.platformId,
            dev.devSignature,
            dev.installLocation,
            c.industryId
        FROM
            hby_overlookpoint a
        LEFT JOIN hby_overlook_dev_join b ON a.id = b.look_id
        LEFT JOIN tblndeviceinfo dev ON b.dev_idpk = dev.devIdpk
        LEFT JOIN tblnprojectinfo c ON a.unit_id = c.projId
        WHERE
            a.deleted = 0 and dev.isDelete = 0
    </select>

    <select id="findDeviceWorkStatusToday" resultType="com.leniao.huanbao.entity.HbyDevalTimeStatus">
        SELECT * FROM hby_deval_time_status
        where devIdpk = #{devIdpk}
        and  addtime BETWEEN #{beginOfDay} and #{endOfDay}
    </select>
    <!--<select id="findHasBeenNormalErrInfo" resultType="com.leniao.entity.HbyProjectErrorInfo">
        SELECT id,`type`, poll_or_con FROM hby_project_errorinfo
        where id not in (
        SELECT id  FROM hby_project_errorinfo a
        INNER JOIN tblnrealtimewarninfo b ON a.raw_errID = b.warnID
        WHERE type in (1,2)
        AND deal_status =0
        )
    </select>-->
    <select id="findHasBeenNormalErrInfo" resultType="com.leniao.entity.HbyProjectErrorInfo">
        SELECT id,`type`, poll_or_con  FROM hby_project_errorinfo a
        INNER JOIN tblnrealtimewarninfo b ON a.raw_errID = b.warnID
        WHERE type in (1,2)
        AND deal_status =0
    </select>
    <select id="findSoftwareErrBy" resultType="com.leniao.entity.HbyProjectErrorInfo">
        SELECT * FROM hby_project_errorinfo where dev_idpk = #{dto.devIdpk} and type = #{type} and poll_or_con = #{dto.devProTy} and deal_status = 0 limit 1
    </select>
    <select id="findReduceEmmPlanByUnitId" resultType="com.leniao.huanbao.entity.HbyReduceEmmissionPlan">
        SELECT a.* FROM hby_reduce_emmission_plan a
        INNER JOIN hby_reduceplan_join_project b on a.plan_id = b.plan_id
        where b.unit_id = #{unitId} and a.is_using =1 AND is_delete = 0
    </select>
    <select id="findReducePlanJoinUnitByUnitId" resultType="com.leniao.huanbao.entity.HbyReduceEmmissionPlan">

    </select>
    <select id="getPollAndConDevEleQ" resultType="java.util.HashMap">
         SELECT DISTINCT
            b.dev_idpk devIdpk,
            b.dev_pro_ty devProTy,
            IFNULL(b.dev_work_state, 4) devWorkState,
			IFNULL(u.dayTotalQ, 0) dayTotalQ
        FROM  hby_overlook_dev_join b
        LEFT JOIN ushare_device_electricuse u on (b.dev_idpk = u.devIdpk and u.addtime = #{addtime})
        INNER JOIN tblndeviceinfo d ON d.devIdpk = b.dev_idpk
        where d.projId =  #{unitId}
    </select>
    <select id="findUnitCurrentMonthEleUse" resultType="java.util.HashMap">
        SELECT  unit_id unitId, agcy_id agcyId, SUM(total_dev_ele_use) sumEleUse from (
        select *  FROM hby_project_day_countinfo WHERE `year` = #{year} and `month` = #{month} and `day` > 0 ORDER BY id DESC)t  GROUP BY unit_id
    </select>

    <select id="findErrSimpInfoListToPush" resultType="java.util.HashMap">
        SELECT t1.id, t1.dev_idpk DevIdpk,t1.dev_signature Sig,t2.devId DevId,t2.devTyId `type`, 1 as ErrIsFg,t1.error_event_type ErrType,IFNULL(t1.raw_value,0) ErrVal, IFNULL(t1.raw_unit,'--')ValUin,0 as IsSave, IFNULL(t1.raw_node,0) as Node,
        2 as SaveType, DATE_FORMAT(t1.update_time,'%Y-%m-%d %H:%i:%s') as `Time`
         FROM hby_project_errorinfo t1
        join tblndeviceinfo t2 ON t1.dev_idpk = t2.devIdpk
        where type in (3,4,5,6,7) and deal_status = 0 and is_push =0
        and t1.update_time > DATE_ADD(NOW(), INTERVAL -30 MINUTE)
        <if test="unitId != null">
            and t1.unit_id = #{unitId}
        </if>
    </select>
    <select id="findDeveleUse" resultType="com.leniao.huanbao.dto.schedule.RootDevice24HourEleValue">
        SELECT a.* FROM ushare_device_electricuse a
        JOIN hby_overlook_dev_join b on a.devIdpk = b.dev_idpk
        JOIN hby_overlookpoint c ON b.look_id = c.id
        where c.unit_id = #{unitId}
        and TO_DAYS(a.addtime) = TO_DAYS(CURRENT_DATE())
        and b.dev_pro_ty = 0 LIMIT 1
    </select>


</mapper>