<?xml version="1.0" encoding="UTF-8"?>
<!DOCTYPE mapper PUBLIC "-//mybatis.org//DTD Mapper 3.0//EN" "http://mybatis.org/dtd/mybatis-3-mapper.dtd">
<mapper namespace="com.leniao.huanbao.mapper.PermissionMapper">

    <resultMap id="BaseResultMap" type="com.leniao.huanbao.dto.TreeMenu">
        <id column="nodeId" jdbcType="BIGINT" property="nodeId" />
        <result column="onlyRead" jdbcType="INTEGER" property="onlyRead" />
        <result column="nodeType" jdbcType="INTEGER" property="nodeType" />
        <result column="nodeName" jdbcType="VARCHAR" property="nodeName" />
        <result column="provinceCode" jdbcType="VARCHAR" property="provinceCode"/>
        <result column="cityCode" jdbcType="VARCHAR" property="cityCode" />
        <result column="areaCode" jdbcType="VARCHAR" property="areaCode" />
    </resultMap>

    <select id="selectCanShowProjectByNotAreaUser" resultMap="BaseResultMap" parameterType="java.util.Map">
        SELECT DISTINCT t.projId nodeId, t.onlyRead onlyRead, t.projName nodeName, t.proProvinceCode provinceCode,
          t.proCityCode cityCode, t.proAreaCode areaCode, 2 AS nodeType FROM (
            SELECT t1.projId, t1.onlyRead, b.projName, b.proProvinceCode, b.proCityCode, b.proAreaCode FROM (
                SELECT 1 AS onlyRead, a.* FROM tblnuserjnproj a WHERE CreateUser in (SELECT UserID FROM tblngroupinfouser WHERE UserID2 = #{userId}) AND isAss = 0
                UNION
                SELECT 1 AS onlyRead, a.* FROM tblnuserjnproj a WHERE CreateUser = #{userId} AND isAss = 0
                UNION
                SELECT 0 AS onlyRead, a.* FROM tblnuserjnproj a WHERE userId = #{userId} AND isAss = 1
                UNION
                SELECT 0 AS onlyRead, a.* FROM tblnuserjnproj a WHERE CreateUser in (SELECT userCId FROM tblnuserjnuser WHERE userPId = #{userId} AND isDelete = 0) AND isAss = 0
            ) t1
              INNER JOIN tblnprojectinfo b ON t1.projId = b.projId
            <if test="params != null and params.showAll != 1">
              INNER JOIN hby_overlookpoint c ON (c.unit_id = b.projId AND c.deleted = 0)
            </if>
                WHERE b.platformId = #{platformId}
            <if test="params != null and params.showAll != 1">
                AND c.deleted = 0
            </if>
            <if test='params != null and params.projId != null and params.projId != ""'>
                AND t1.projId = #{params.projId}
            </if>
            <if test='params != null and params.industryId != null and params.industryId != ""'>
                AND b.industryId = #{params.industryId}
            </if>
            ORDER BY t1.onlyRead DESC) t
        GROUP BY t.projId

    </select>

    <select id="selectCanShowProjectByNotAreaUser2" resultMap="BaseResultMap" parameterType="java.util.Map">
        SELECT DISTINCT t.projId nodeId, t.onlyRead onlyRead, t.projName nodeName, t.proProvinceCode provinceCode,
        t.proCityCode cityCode, t.proAreaCode areaCode, 2 AS nodeType FROM (
        SELECT t1.projId, t1.onlyRead, b.projName, b.proProvinceCode, b.proCityCode, b.proAreaCode FROM (
        SELECT 1 AS onlyRead, a.* FROM tblnuserjnproj a ,tblnprojectinfo d WHERE d.isDelete = 0 AND d.projId = a.projId AND CreateUser in (SELECT t1.UserID FROM tblngroupinfouser t1  RIGHT JOIN tblngroupinfo  t2 on t1.GroupID = t2.GroupID WHERE t1.UserID2 = #{userId}) AND isAss = 0
        UNION
        SELECT 1 AS onlyRead, a.* FROM tblnuserjnproj a WHERE CreateUser = #{userId} AND isAss = 0
        UNION
        SELECT 0 AS onlyRead, a.* FROM tblnuserjnproj a WHERE userId = #{userId} AND isAss = 1
        UNION
        SELECT 0 AS onlyRead, a.* FROM tblnuserjnproj a WHERE userId in (SELECT userCId FROM tblnuserjnuser WHERE userPId = #{userId} AND isDelete = 0) AND isAss = 1
        UNION
        SELECT 0 AS onlyRead, a.* FROM tblnuserjnproj a, tblnprojectinfo c WHERE c.isDelete = 0 AND c.projId = a.projId AND CreateUser in(SELECT userCId FROM tblnuserjnuser WHERE userPId = #{userId} AND isDelete = 0) AND isAss = 0
        ) t1
        INNER JOIN tblnprojectinfo b ON t1.projId = b.projId
        <if test="params != null and params.showAll != 1">
            INNER JOIN hby_overlookpoint c ON (c.unit_id = b.projId AND c.deleted = 0)
        </if>
        WHERE b.platformId = #{platformId}
        <if test="params != null and params.showAll != 1">
            AND c.deleted = 0
        </if>
        <if test="params.agency != null">
            AND b.proProvinceCode = #{params.agency.provinceCode}
            AND b.proCityCode = #{params.agency.cityCode}
            AND b.proAreaCode = #{params.agency.areaCode}
        </if>
        <if test='params != null and params.projId != null and params.projId != ""'>
            AND t1.projId = #{params.projId}
        </if>
        <if test='params != null and params.industryId != null and params.industryId != ""'>
            AND t1.industryId = #{params.industryId}
        </if>
        ORDER BY t1.onlyRead DESC) t
        GROUP BY t.projId

    </select>

    <select id="selectCanShowProjectByAreaUser" resultMap="BaseResultMap">
        SELECT DISTINCT IF((proProvinceCode = #{areaCode.provinceCode})
          OR (proProvinceCode = #{areaCode.provinceCode} AND proCityCode = #{areaCode.cityCode})
          OR (proProvinceCode = #{areaCode.provinceCode} AND proCityCode = #{areaCode.cityCode} AND proAreaCode = #{areaCode.areaCode}), 1, 0) onlyRead,
            t.projId nodeId, t.projName nodeName, t.proProvinceCode provinceCode, t.proCityCode cityCode, t.proAreaCode areaCode, 2 AS nodeType
        FROM tblnprojectinfo t
        <if test="params != null and params.showAll != 1">
            INNER JOIN hby_overlookpoint b ON (b.unit_id = t.projId AND b.deleted = 0)
        </if>
        WHERE isDelete = 0 AND t.platformId = #{platformId}
        <if test="userGrade == 1">
            AND t.proProvinceCode = #{areaCode.provinceCode}
        </if>
        <if test="userGrade == 2">
            AND t.proCityCode = #{areaCode.cityCode}
        </if>
        <if test="userGrade == 3">
            AND t.proAreaCode = #{areaCode.areaCode}
        </if>
        <if test='params != null and params.projId != null and params.projId != ""'>
            AND t.projId = #{params.projId}
        </if>
        <if test='params != null and params.industryId != null and params.industryId != ""'>
            AND t.industryId = #{params.industryId}
        </if>

    </select>

    <select id="selectCanShowProjectByAreaUser2" resultMap="BaseResultMap">
        SELECT DISTINCT IF((proProvinceCode = #{areaCode.provinceCode})
          OR (proProvinceCode = #{areaCode.provinceCode} AND proCityCode = #{areaCode.cityCode})
          OR (proProvinceCode = #{areaCode.provinceCode} AND proCityCode = #{areaCode.cityCode} AND proAreaCode = #{areaCode.areaCode}), 1, 0) onlyRead,
        t.projId nodeId, t.projName nodeName, t.proProvinceCode provinceCode, t.proCityCode cityCode, t.proAreaCode areaCode, 2 AS nodeType
        FROM tblnprojectinfo t
        <if test="params != null and params.showAll != 1">
            INNER JOIN hby_overlookpoint b ON (b.unit_id = t.projId AND b.deleted = 0)
        </if>
        WHERE isDelete = 0 AND t.platformId = #{platformId}
        <if test="params.agency != null">
            AND t.proProvinceCode = #{params.agency.provinceCode}
            AND t.proCityCode = #{params.agency.cityCode}
            AND t.proAreaCode = #{params.agency.areaCode}
        </if>
        <if test="userGrade == 1">
            AND t.proProvinceCode = #{areaCode.provinceCode}
        </if>
        <if test="userGrade == 2">
            AND t.proCityCode = #{areaCode.cityCode}
        </if>
        <if test="userGrade == 3">
            AND t.proAreaCode = #{areaCode.areaCode}
        </if>
        <if test='params != null and params.projId != null and params.projId != ""'>
            AND t.projId = #{params.projId}
        </if>
        <if test='params != null and params.industryId != null and params.industryId != ""'>
            AND t.industryId = #{params.industryId}
        </if>

    </select>

    <!--           新加入代码               -->
    <select id="selectCanShowProjectByAreaUser3" resultMap="BaseResultMap">
        SELECT DISTINCT IF((proProvinceCode = #{areaCode.provinceCode})
          OR (proProvinceCode = #{areaCode.provinceCode} AND proCityCode = #{areaCode.cityCode})
          OR (proProvinceCode = #{areaCode.provinceCode} AND proCityCode = #{areaCode.cityCode} AND proAreaCode = #{areaCode.areaCode}), 1, 0) onlyRead,
        t.projId nodeId, t.projName nodeName, t.proProvinceCode provinceCode, t.proCityCode cityCode, t.proAreaCode areaCode, 2 AS nodeType
        FROM tblnprojectinfo t
        <if test="params != null and params.showAll != 1">
            INNER JOIN hby_overlookpoint b ON (b.unit_id = t.projId AND b.deleted = 0)
        </if>
        WHERE isDelete = 0 AND t.platformId = #{platformId}
        <if test="params != null and params.showAll != 1">
            AND b.deleted = 0
        </if>
        <if test="userGrade == 0">
            AND platformId = #{platformId}
            <if test="params.agency != null">
                    AND t.proProvinceCode = #{params.agency.provinceCode}
                    <if test="params.agency.cityCode != 000000">
                        AND t.proCityCode = #{params.agency.cityCode}
                        <if test="params.agency.areaCode != 000000">
                            AND t.proAreaCode = #{params.agency.areaCode}
                        </if>
                    </if>

            </if>
        </if>
        <if test="userGrade == 1">
            AND t.proProvinceCode = #{areaCode.provinceCode}  AND platformId = #{platformId}
            <if test="params.agency != null">
                AND t.proProvinceCode = #{params.agency.provinceCode}
                <if test="params.agency.cityCode != 000000">
                    AND t.proCityCode = #{params.agency.cityCode}
                    <if test="params.agency.areaCode != 000000">
                        AND t.proAreaCode = #{params.agency.areaCode}
                    </if>
                </if>
            </if>
        </if>
        <if test="userGrade == 2">
            AND t.proCityCode = #{areaCode.cityCode}  AND platformId = #{platformId}
            <if test="params.agency != null">
                AND t.proProvinceCode = #{params.agency.provinceCode}
                AND t.proCityCode = #{params.agency.cityCode}
                <if test="params.agency.areaCode != 000000">
                    AND t.proAreaCode = #{params.agency.areaCode}
                </if>
            </if>
        </if>
        <if test="userGrade == 3">
            AND t.proAreaCode = #{areaCode.areaCode} AND platformId = #{platformId}
            <if test="params.agency != null">
                AND t.proProvinceCode = #{params.agency.provinceCode}
                AND t.proCityCode = #{params.agency.cityCode}
                AND t.proAreaCode = #{params.agency.areaCode}
            </if>
        </if>
        <if test='params != null and params.projId != null and params.projId != ""'>
            AND t.projId = #{params.projId}
        </if>
        <if test='params != null and params.industryId != null and params.industryId != ""'>
            AND t.industryId = #{params.industryId}
        </if>

    </select>
    <!--                 -->

    <select id="selectAreaCodeByUserId" resultType="com.leniao.huanbao.dto.AreaCodeJoinOther">
      SELECT DISTINCT a.CProvinceCode provinceCode, a.CCityCode cityCode, a.CAreaCode areaCode
      FROM `tblngroupaddress` a LEFT  JOIN tblngroupinfo b on a.GroupID = b.GroupID
      WHERE a.ISDEL = 0 AND b.UserID = #{userId}
    </select>

    <select id="selectCanShowAgencyByUserId" resultMap="BaseResultMap">

        SELECT DISTINCT id nodeId, agcy_name nodeName, province_code provinceCode, city_code cityCode, area_code areaCode
        FROM hby_agency WHERE deleted = 0 AND platform_id = #{platformId} AND city_code = '000000' AND area_code = '000000' AND province_code IN
        <if test="areaCodeList !=null">
            <foreach collection="areaCodeList" item="list" separator="," open="(" close=")">
                <if test='list.cityCode == "000000" and list.cityCode == "000000"'>
                    #{list.provinceCode}
                </if>
            </foreach>
        </if>
        UNION
        SELECT DISTINCT id nodeId, agcy_name nodeName, province_code provinceCode, city_code cityCode, area_code areaCode
        FROM hby_agency WHERE deleted = 0 AND platform_id = #{platformId} AND area_code = '000000' AND city_code IN
        <if test="areaCodeList !=null">
            <foreach collection="areaCodeList" item="list" separator="," open="(" close=")">
                <if test='list.cityCode != "000000" and list.cityCode == "000000"'>
                    #{list.cityCode}
                </if>
            </foreach>
        </if>
        UNION
        SELECT DISTINCT id nodeId, agcy_name nodeName, province_code provinceCode, city_code cityCode, area_code areaCode
        FROM hby_agency WHERE deleted = 0 AND platform_id = #{platformId} AND area_code IN
        <if test="areaCodeList !=null">
            <foreach collection="areaCodeList" item="list" separator="," open="(" close=")">
                <if test='list.cityCode != "000000"'>
                    #{list.areaCode}
                </if>
            </foreach>
        </if>
    </select>

    <select id="selectCanShowAgencyByAreaUser" resultMap="BaseResultMap">
        SELECT DISTINCT id nodeId, agcy_name nodeName, province_code provinceCode, city_code cityCode, area_code areaCode
        FROM hby_agency WHERE deleted = 0 AND platform_id = #{platformId}
        <if test="userGrade == 1">
            AND province_code = #{areaCode.provinceCode}
        </if>
        <if test="userGrade == 2">
            AND city_code = #{areaCode.cityCode}
        </if>
        <if test="userGrade == 3">
            AND area_code = #{areaCode.areaCode}
        </if>
        <if test='params != null and params.agencyId != null and params.agencyId != ""'>
            AND id = #{params.agencyId}
        </if>
    </select>

    <!--   修改   -->
    <select id="selectCanShowAgencyByAreaUser2" resultMap="BaseResultMap">
        SELECT DISTINCT id nodeId, agcy_name nodeName, province_code provinceCode, city_code cityCode, area_code areaCode
        FROM hby_agency WHERE deleted = 0 AND platform_id = #{platformId}
        <if test="userGrade == 1">
            AND province_code = #{areaCode.provinceCode}
        </if>
        <if test="userGrade == 2">
            AND city_code = #{areaCode.cityCode}
        </if>
        <if test="userGrade == 3">
            AND area_code = #{areaCode.areaCode}
        </if>
        <if test='params != null and params.agencyId != null and params.agencyId != ""'>
            AND id = #{params.agencyId}
        </if>
    </select>
    <!--   修改     -->
    <select id="selectCanShowAgencyByAreaUser3" resultMap="BaseResultMap">
        SELECT DISTINCT a.id nodeId, a.agcy_name nodeName, a.province_code provinceCode, a.city_code cityCode, a.area_code areaCode
        FROM hby_agency a, tblnprojectinfo b
        <if test="params != null and params.showAll != 1">
            INNER JOIN hby_overlookpoint c ON (c.unit_id = b.projId AND c.deleted = 0)
        </if>
        WHERE b.isDelete = 0 AND a.deleted = 0 AND platform_id = #{platformId}
        AND b.proProvinceCode = a.province_code
        AND b.proCityCode = a.city_code
        AND b.proAreaCode = a.area_code
        <if test="params != null and params.showAll != 1">
            AND c.deleted = 0
        </if>
        <if test="userGrade == 1">
            AND a.province_code = #{areaCode.provinceCode}
        </if>
        <if test="userGrade == 2">
            AND a.city_code = #{areaCode.cityCode}
        </if>
        <if test="userGrade == 3">
            AND a.area_code = #{areaCode.areaCode}
        </if>
        <if test='params != null and params.agencyId != null and params.agencyId != ""'>
            AND id = #{params.agencyId}
        </if>
    </select>

    <select id="selectCanShowAgencyByProjIdList" resultMap="BaseResultMap">
        SELECT DISTINCT a.id nodeId, a.agcy_name nodeName, a.province_code provinceCode, a.city_code cityCode, a.area_code areaCode
        FROM hby_agency a INNER JOIN tblnprojectinfo b
            ON (a.province_code = b.proProvinceCode AND a.city_code = b.proCityCode AND a.area_code = b.proAreaCode)
        WHERE a.deleted = 0 AND platform_id = #{platformId}
        <if test="projIdList !=null and projIdList.size > 0">
            AND b.projId IN
            <foreach collection="projIdList" item="projId" separator="," open="(" close=")">
                #{projId}
            </foreach>
        </if>
        <if test='params != null and params.agencyId != null and params.agencyId != ""'>
            AND a.id = #{params.agencyId}
        </if>
    </select>

</mapper>