<?xml version="1.0" encoding="UTF-8"?>
<!DOCTYPE mapper PUBLIC "-//mybatis.org//DTD Mapper 3.0//EN" "http://mybatis.org/dtd/mybatis-3-mapper.dtd">
<mapper namespace="com.leniao.huanbao.mapper.ProductionSituationMapper">

    <select id="selectProductionSituationByNotAreaUser" resultType="com.leniao.huanbao.dto.alternateproduction.ReduceEmmissionDto">
        SELECT c.projName projName, c.projId, b.plan_name planName, d.agcy_name agcyName, d.id belongAgency, b.plan_type planType, b.begin_time beginTime,
            b.end_time endTime, b.stop_produc_time_list stopProducTimeListStr, b.limit_produc_time_count limitProducTimeCount,
            a.sum_pro_time useHour, a.is_violat isViolat, e.id industryId, e.industry_name industryName
        FROM hby_agency d
            INNER JOIN hby_reduce_emmission_plan b ON (b.belong_agency = d.id AND b.is_delete = 0)
            INNER JOIN hby_reduceplan_join_project a ON (a.plan_id = b.plan_id )
            INNER JOIN tblnprojectinfo c ON (a.unit_id = c.projId AND c.isDelete = 0 )
            LEFT JOIN hby_industry e ON c.industryId = e.id
        WHERE b.is_using = 1 AND c.platformId = #{platformId} AND d.deleted = 0 AND b.end_time &gt;= #{endTime} AND (1=2
        <if test="projIds != null and projIds.size > 0">
            OR a.unit_id IN
            <foreach collection="projIds" item="projId" index="i" separator="," open="(" close=")">
                ${projId}
            </foreach>
        </if>
        )
        <if test="params != null and params.begin != null">
            AND b.end_time &gt;= #{params.begin}
        </if>
        <if test="params != null and params.end != null">
            AND b.begin_time &lt;= #{params.end}
        </if>
        <if test='params != null and params.agencyId != null and params.agencyId != ""'>
            AND d.id = #{params.agencyId}
        </if>
        <if test="userGrade != null and userGrade == 1 and areaCode != null">
            AND d.province_code = #{areaCode.provinceCode}
        </if>
        <if test="userGrade != null and userGrade == 2 and areaCode != null">
            AND d.city_code = #{areaCode.cityCode}
        </if>
        <if test="userGrade != null and userGrade == 3 and areaCode != null">
            AND d.area_code = #{areaCode.areaCode}
        </if>
    </select>

    <select id="selectProductionSituationByAreaUser" resultType="com.leniao.huanbao.dto.alternateproduction.ReduceEmmissionDto">
        SELECT c.projName projName, c.projId, b.plan_name planName, d.agcy_name agcyName, b.plan_type planType, b.begin_time beginTime,
            b.end_time endTime, b.stop_produc_time_list stopProducTimeListStr, b.limit_produc_time_count limitProducTimeCount,
            a.sum_pro_time useHour, a.is_violat isViolat, e.id industryId, e.industry_name industryName
        FROM hby_agency d
            INNER JOIN hby_reduce_emmission_plan b ON (b.belong_agency = d.id AND b.is_delete = 0)
            INNER JOIN hby_reduceplan_join_project a ON (a.plan_id = b.plan_id )
            INNER JOIN tblnprojectinfo c ON (a.unit_id = c.projId AND c.isDelete = 0  )
            LEFT JOIN hby_industry e ON c.industryId = e.id
        WHERE b.is_using = 1 AND c.platformId = #{platformId} AND d.deleted = 0 AND b.end_time &gt;= #{endTime} AND (1=2
        <if test="agencyIds != null and agencyIds.size>0">
            OR d.id IN
            <foreach collection="agencyIds" item="agencyId" index="index" separator="," open="(" close=")">
                #{agencyId}
            </foreach>
        </if>

        <if test="params != null and params.begin != null">
            AND b.end_time &gt;= #{params.begin}
        </if>
        <if test="params != null and params.end != null">
            AND b.begin_time &lt;= #{params.end}
        </if>
        <if test='params != null and params.agencyId != null and params.agencyId != ""'>
            AND d.id = #{params.agencyId}
        </if>
        <if test='params != null and params.projId != null and params.projId != ""'>
            AND a.unit_id = #{params.projId}
        </if>
        <if test='params != null and params.industryId != null and params.industryId != ""'>
            AND c.industryId = #{params.industryId}
        </if>

    </select>
</mapper>