<?xml version="1.0" encoding="UTF-8"?>
<!DOCTYPE mapper PUBLIC "-//mybatis.org//DTD Mapper 3.0//EN" "http://mybatis.org/dtd/mybatis-3-mapper.dtd">
<mapper namespace="com.leniao.huanbao.mapper.ProjectDayCountinfoMapper">

    <resultMap id="resultMap" type="com.leniao.huanbao.dto.ExpendStatistic.ExecuteState">
        <result column="tdExecute" jdbcType="INTEGER" property="tdExecute"/>
    </resultMap>

    <select id="selectDeviceUseEle" resultType="com.leniao.huanbao.dto.ExpendStatistic.UseEleRanking">
        SELECT DISTINCT a.devIdpk `id`,
        <choose>
            <when test="label == 1">
                (a.beforeTodayTotalQ + IFNULL(SUM(a.dayTotalQ), 0)) AS `value`,
            </when>
            <otherwise>
                (a.beforeTodayTotalQ + a.dayTotalQ) AS `value`,
            </otherwise>
        </choose>
        c.groupName `name`, c.groupId FROM ushare_device_electricuse a
            INNER JOIN tblndeviceinfo b ON a.devIdpk = b.devIdpk
            INNER JOIN tblngroup c ON b.devgroupId = c.groupId
        WHERE b.isDelete = 0
        AND a.addTime = #{addTime}
        <if test="devIdpks != null and devIdpks.size != 0">
            AND a.devIdpk IN
            <foreach collection="devIdpks" item="devIdpk" separator="," open="(" close=")">
                #{devIdpk}
            </foreach>
        </if>
        <if test="label == 1">
            GROUP BY groupId
        </if>
        ORDER BY `value` DESC LIMIT 10;
    </select>

    <select id="selectDeviceUseEle2" resultType="com.leniao.huanbao.dto.ExpendStatistic.UseEleRanking">
        SELECT DISTINCT a.dev_idpk `id`, c.groupName `name`, SUM(a.ele_total) AS `value`
        FROM hby_month_and_year_ele_count a
        INNER JOIN tblndeviceinfo b ON a.dev_idpk = b.devIdpk
        INNER JOIN tblnprojectinfo d ON b.projId = d.projId AND a.unit_id = d.projId
        INNER JOIN tblngroup c ON b.devgroupId = c.groupId
        WHERE a.`month` = 0 AND b.isDelete = 0 AND d.isDelete = 0
        <if test="devIdpks != null and devIdpks.size != 0">
            AND a.dev_idpk IN
            <foreach collection="devIdpks" item="devIdpk" separator="," open="(" close=")">
                #{devIdpk}
            </foreach>
        </if>
        <choose>
            <when test="label == 1">
                GROUP BY c.groupId
            </when>
            <otherwise>
                GROUP BY a.dev_idpk
            </otherwise>
        </choose>
        ORDER BY `value` DESC LIMIT 10
    </select>

    <select id="selectDeviceUseEle3" resultType="com.leniao.huanbao.dto.ExpendStatistic.UseEleRanking">
        SELECT id, `name`, SUM(`value`) AS `value` FROM (
        SELECT DISTINCT a.unit_id `id`,a.dev_idpk, c.projName `name`, a.ele_total AS `value`
        FROM hby_month_and_year_ele_count a
        INNER JOIN tblnprojectinfo c ON a.unit_id = c.projId
        INNER JOIN hby_overlookpoint b ON b.unit_id = c.projId
        INNER JOIN hby_overlook_dev_join d ON a.dev_idpk = d.dev_idpk AND d.dev_pro_ty = 0
        WHERE a.`month` = 0 AND c.isDelete = 0 AND b.deleted = 0
        <if test="projIdList != null and projIdList.size != 0">
            AND a.dev_idpk IN
            <foreach collection="projIdList" item="projId" separator="," open="(" close=")">
                #{projId}
            </foreach>
        </if>
        ) t
        GROUP BY id
        ORDER BY `value` DESC LIMIT 10
    </select>

    <select id="selectTotalDeviceH24UseEleByProjIds" resultType="com.leniao.huanbao.entity.UshareDeviceElectricuse">
        SELECT
            IFNULL(SUM(c.h1), 0) h1,    IFNULL(SUM(c.h2), 0) h2,    IFNULL(SUM(c.h3), 0) h3,    IFNULL(SUM(c.h4), 0) h4,
            IFNULL(SUM(c.h5), 0) h5,    IFNULL(SUM(c.h6), 0) h6,	IFNULL(SUM(c.h7), 0) h7,    IFNULL(SUM(c.h8), 0) h8,
            IFNULL(SUM(c.h9), 0) h9,    IFNULL(SUM(c.h10), 0) h10,  IFNULL(SUM(c.h11), 0) h11,	IFNULL(SUM(c.h12), 0) h12,
            IFNULL(SUM(c.h13), 0) h13,	IFNULL(SUM(c.h14), 0) h14,	IFNULL(SUM(c.h15), 0) h15,  IFNULL(SUM(c.h16), 0) h16,
            IFNULL(SUM(c.h17), 0) h17,  IFNULL(SUM(c.h18), 0) h18,	IFNULL(SUM(c.h19), 0) h19,	IFNULL(SUM(c.h20), 0) h20,
            IFNULL(SUM(c.h21), 0) h21,	IFNULL(SUM(c.h22), 0) h22,  IFNULL(SUM(c.h23), 0) h23,	IFNULL(SUM(c.h24), 0) h24
        FROM hby_overlookpoint a
            INNER JOIN hby_overlook_dev_join b ON a.id = b.look_id
            INNER JOIN tblndeviceinfo d ON b.dev_idpk = d.devIdpk
            INNER JOIN ushare_device_electricuse c ON d.devIdpk = c.devIdpk
        WHERE d.isDelete =0 AND b.dev_pro_ty = 0 AND c.addtime = #{addTime}
            AND d.projId IN
        <foreach collection="projIdList" item="projId" separator="," open="(" close=")">
            #{projId}
        </foreach>

    </select>

    <select id="homePlanBind" resultMap="resultMap">
        SELECT 'yday' as `key`, count(0) as tdExecute FROM hby_reduceplan_join_project a WHERE a.bind_time &lt; #{lastDate}
        <if test="projIdList != null">
            AND unit_id IN
            <foreach collection="projIdList" item="projId" separator="," open="(" close=")">
                #{projId}
            </foreach>
        </if>
        UNION
        SELECT 'tday' as `key`, count(0) as tdExecute FROM hby_reduceplan_join_project a WHERE 1=1
        <if test="projIdList != null">
            AND unit_id IN
            <foreach collection="projIdList" item="projId" separator="," open="(" close=")">
                #{projId}
            </foreach>
        </if>
    </select>

    <select id="selectTotalDeviceIdpk" resultType="java.lang.Integer">
        SELECT a.dev_idpk FROM hby_overlook_dev_join a
        JOIN hby_overlookpoint b ON a.look_id = b.id
        WHERE b.deleted = 0 AND a.dev_pro_ty = 0 AND b.platform_id = #{platformId}
        AND b.unit_id IN
        <foreach collection="projIds" item="projId" open="(" close=")" separator=",">
             #{projId}
        </foreach>
    </select>

    <select id="selectTotalDeviceDayCountInfo" resultType="com.leniao.huanbao.dto.DeviceDayCountInfo">
      SELECT SUM(dayTotalQ) AS `value`, addtime FROM ushare_device_electricuse WHERE elYear = #{year} AND elMonth = #{month} AND devIdpk IN
      <foreach collection="devIdpks" item="devIdpk" open="(" close=")" separator=",">
          #{devIdpk}
      </foreach>
      GROUP BY addtime
    </select>

    <select id="selectTotalDeviceMonthCountInfo" resultType="com.leniao.huanbao.dto.DeviceDayCountInfo">
        SELECT SUM(ele_total) AS `value`, `month` AS addTime FROM hby_month_and_year_ele_count WHERE `year` = #{year} AND `month` != 0
        AND dev_idpk IN
        <foreach collection="devIdpks" item="devIdpk" open="(" close=")" separator=",">
            #{devIdpk}
        </foreach>
        GROUP BY `month`
    </select>

</mapper>