<?xml version="1.0" encoding="UTF-8"?>
<!DOCTYPE mapper PUBLIC "-//mybatis.org//DTD Mapper 3.0//EN" "http://mybatis.org/dtd/mybatis-3-mapper.dtd">
<mapper namespace="com.leniao.huanbao.mapper.ReduceEmAnalyzeMapper">
    <resultMap id="mainDeviceMap" type="com.leniao.huanbao.dto.statisticanalysis.StatisticAnalysisDto">
        <id column="projId" jdbcType="INTEGER" property="projId"/>
        <result column="devIdpk" jdbcType="INTEGER" property="devIdpk"/>
    </resultMap>

    <resultMap id="rankingMap" type="com.leniao.huanbao.dto.statisticanalysis.StatisticAnalysisDto">
        <id column="projId" jdbcType="INTEGER" property="projId"/>
        <result column="devIdpk" jdbcType="INTEGER" property="devIdpk"/>
        <result column="totalQ" jdbcType="DOUBLE" property="totalQ"/>
        <result column="ranking" jdbcType="INTEGER" property="ranking"/>
    </resultMap>

    <!--SET @ranking=0;-->
    <!--(@ranking:=@ranking+1) AS ranking,-->
    <select id="selectStatisticAnalysisList" resultType="com.leniao.huanbao.dto.statisticanalysis.StatisticAnalysisDto">

        SELECT (@ranking:=@ranking+1) AS ranking, t.* FROM (
        SELECT @ranking:=0, c.dayTotalQ totalQ, d.projName, d.projId, e.industry_name industryName,f.agcy_name agencyName, g.produc_state producState, 0 AS isPollution, a.devIdpk
        FROM tblndeviceinfo a
            INNER JOIN hby_overlook_dev_join b ON (a.devIdpk = b.dev_idpk AND b.dev_pro_ty = 0)
            INNER JOIN ushare_device_electricuse c ON (c.devIdpk = b.dev_idpk)
            INNER JOIN tblnprojectinfo d ON (a.projId = d.projId AND d.isDelete = 0)
            INNER JOIN hby_industry e ON d.industryId = e.id
            INNER JOIN hby_agency f ON (d.proProvinceCode = f.province_code AND d.proCityCode = f.city_code AND d.proAreaCode = f.area_code)
            INNER JOIN hby_projectstatus g ON d.projId = g.unit_id
        WHERE a.isDelete = 0 AND d.platformId = #{platformId}
        <if test="params != null and params.addTime != null">
            AND c.addtime = #{params.addTime}
        </if>
        <if test='params != null and params.agencyId != null and params.agencyId != ""'>
            AND f.id = #{params.agencyId}
        </if>
        <if test='params != null and params.industryId != null and params.industryId != ""'>
            AND e.id = #{params.industryId}
        </if>
        <if test='params != null and params.projId != null and params.projId != ""'>
            AND d.projId = #{params.projId}
        </if>
        AND a.projId IN
        <if test="projIds != null">
            <foreach collection="projIds" item="projId" separator="," open="(" close=")">
                #{projId}
            </foreach>
        </if>
        GROUP BY dayTotalQ ASC
        ) t
    </select>

    <select id="selectStatisticAnalysisList2" resultType="com.leniao.huanbao.dto.statisticanalysis.StatisticAnalysisDto" parameterType="com.leniao.huanbao.dto.AreaCodeJoinOther">

        SELECT (@ranking:=@ranking+1) AS ranking, t.* FROM (
        SELECT DISTINCT @ranking:=0, c.poll_dev_ele_use as totalQ, a.projName, a.projId, e.industry_name industryName,f.agcy_name agencyName, g.produc_state producState, 0 AS isPollution
        FROM tblnprojectinfo a
        INNER JOIN hby_project_day_countinfo c ON (c.unit_id = a.projId)
        INNER JOIN hby_industry e ON a.industryId = e.id
        INNER JOIN hby_agency f ON (a.proProvinceCode = f.province_code AND a.proCityCode = f.city_code AND a.proAreaCode = f.area_code)
        INNER JOIN hby_projectstatus g ON a.projId = g.unit_id
        WHERE a.isDelete = 0 AND a.platformId = #{platformId} AND c.`year` = #{year} AND c.`month` = #{month} AND c.`day` = #{day}
        <if test='params != null and params.agencyId != null and params.agencyId != ""'>
            AND f.id = #{params.agencyId}
        </if>
        <if test='params != null and params.industryId != null and params.industryId != ""'>
            AND e.id = #{params.industryId}
        </if>
        <if test="grade == 1 and code != null">
            AND f.province_code = #{code.provinceCode}
        </if>
        <if test="grade == 2 and code != null">
            AND f.city_code = #{code.cityCode}
        </if>
        <if test="grade == 3 and code != null">
            AND f.area_code = #{code.areaCode}
        </if>
        <if test='params != null and params.projId != null and params.projId != ""'>
            AND a.projId = #{params.projId}
        </if>
        AND a.projId IN
        <if test="projIds != null">
            <foreach collection="projIds" item="projId" separator="," open="(" close=")">
                #{projId}
            </foreach>
        </if>
        ORDER BY totalQ + 0 DESC
        ) t
    </select>

    <select id="selectStatisticAnalysisProjectList" resultType="com.leniao.huanbao.dto.statisticanalysis.StatisticAnalysisDto">

        SELECT d.projName, d.projId, e.industry_name industryName,f.agcy_name agencyName, g.produc_state producState, 0 AS isPollution
        FROM tblnprojectinfo d
        INNER JOIN hby_industry e ON d.industryId = e.id
        INNER JOIN hby_agency f ON (d.proProvinceCode = f.province_code AND d.proCityCode = f.city_code AND d.proAreaCode = f.area_code)
        INNER JOIN hby_projectstatus g ON d.projId = g.unit_id
        WHERE d.isDelete = 0 AND d.platformId = #{platformId}
        <if test='params != null and params.agencyId != null and params.agencyId != ""'>
            AND f.id = #{params.agencyId}
        </if>
        <if test='params != null and params.industryId != null and params.industryId != ""'>
            AND e.id = #{params.industryId}
        </if>
        <if test='params != null and params.projId != null and params.projId != ""'>
            AND d.projId = #{params.projId}
        </if>
        AND d.projId IN
        <if test="projIds != null">
            <foreach collection="projIds" item="projId" separator="," open="(" close=")">
                #{projId}
            </foreach>
        </if>
    </select>

    <select id="selectMainDevice" resultMap="mainDeviceMap">
        SELECT d.projId, a.devIdpk
        FROM tblndeviceinfo a
        INNER JOIN hby_overlook_dev_join b ON (a.devIdpk = b.dev_idpk AND b.dev_pro_ty = 0)
        INNER JOIN tblnprojectinfo d ON (a.projId = d.projId AND d.isDelete = 0)
        WHERE a.isDelete = 0 AND d.platformId = #{platformId}
        AND a.projId IN
        <if test="projIds != null">
            <foreach collection="projIds" item="projId" separator="," open="(" close=")">
                #{projId}
            </foreach>
        </if>
    </select>

    <select id="selectRanking" resultMap="rankingMap">
        SELECT (@ranking:=@ranking+1) AS ranking, t.* FROM (
        SELECT @ranking:=0, c.dayTotalQ totalQ, a.devIdpk, a.projId
        FROM tblndeviceinfo a
            INNER JOIN ushare_device_electricuse c ON (c.devIdpk = a.devIdpk)
        WHERE a.isDelete = 0
        AND c.addtime = #{addTime}
        AND a.devIdpk IN
        <if test="devIdpks != null">
            <foreach collection="devIdpks" item="devIdpk" separator="," open="(" close=")">
                #{devIdpk}
            </foreach>
        </if>
        GROUP BY dayTotalQ + 0 ASC
        ) t
    </select>
    
</mapper>