<?xml version="1.0" encoding="UTF-8" ?>
<!DOCTYPE mapper PUBLIC "-//mybatis.org//DTD Mapper 3.0//EN" "http://mybatis.org/dtd/mybatis-3-mapper.dtd" >
<mapper namespace="com.leniao.huanbao.mapper.TblngroupMapper" >
  <resultMap id="BaseResultMap" type="com.leniao.huanbao.entity.Tblngroup" >
    <id column="groupId" property="groupid" jdbcType="INTEGER" />
    <result column="groupName" property="groupname" jdbcType="VARCHAR" />
    <result column="devsysId" property="devsysid" jdbcType="INTEGER" />
    <result column="projId" property="projid" jdbcType="INTEGER" />
  </resultMap>
  <sql id="Example_Where_Clause" >
    <where >
      <foreach collection="oredCriteria" item="criteria" separator="or" >
        <if test="criteria.valid" >
          <trim prefix="(" suffix=")" prefixOverrides="and" >
            <foreach collection="criteria.criteria" item="criterion" >
              <choose >
                <when test="criterion.noValue" >
                  and ${criterion.condition}
                </when>
                <when test="criterion.singleValue" >
                  and ${criterion.condition} #{criterion.value}
                </when>
                <when test="criterion.betweenValue" >
                  and ${criterion.condition} #{criterion.value} and #{criterion.secondValue}
                </when>
                <when test="criterion.listValue" >
                  and ${criterion.condition}
                  <foreach collection="criterion.value" item="listItem" open="(" close=")" separator="," >
                    #{listItem}
                  </foreach>
                </when>
              </choose>
            </foreach>
          </trim>
        </if>
      </foreach>
    </where>
  </sql>
  <sql id="Update_By_Example_Where_Clause" >
    <where >
      <foreach collection="example.oredCriteria" item="criteria" separator="or" >
        <if test="criteria.valid" >
          <trim prefix="(" suffix=")" prefixOverrides="and" >
            <foreach collection="criteria.criteria" item="criterion" >
              <choose >
                <when test="criterion.noValue" >
                  and ${criterion.condition}
                </when>
                <when test="criterion.singleValue" >
                  and ${criterion.condition} #{criterion.value}
                </when>
                <when test="criterion.betweenValue" >
                  and ${criterion.condition} #{criterion.value} and #{criterion.secondValue}
                </when>
                <when test="criterion.listValue" >
                  and ${criterion.condition}
                  <foreach collection="criterion.value" item="listItem" open="(" close=")" separator="," >
                    #{listItem}
                  </foreach>
                </when>
              </choose>
            </foreach>
          </trim>
        </if>
      </foreach>
    </where>
  </sql>
  <sql id="Base_Column_List" >
    groupId, groupName, devsysId, projId
  </sql>
  <select id="selectByExample" resultMap="BaseResultMap" parameterType="com.leniao.huanbao.entity.TblngroupExample" >
    select
    <if test="distinct" >
      distinct
    </if>
    <include refid="Base_Column_List" />
    from tblngroup
    <if test="_parameter != null" >
      <include refid="Example_Where_Clause" />
    </if>
    <if test="orderByClause != null" >
      order by ${orderByClause}
    </if>
  </select>
  <select id="selectByPrimaryKey" resultMap="BaseResultMap" parameterType="java.lang.Integer" >
    select 
    <include refid="Base_Column_List" />
    from tblngroup
    where groupId = #{groupid,jdbcType=INTEGER}
  </select>
  <delete id="deleteByPrimaryKey" parameterType="java.lang.Integer" >
    delete from tblngroup
    where groupId = #{groupid,jdbcType=INTEGER}
  </delete>
  <delete id="deleteByExample" parameterType="com.leniao.huanbao.entity.TblngroupExample" >
    delete from tblngroup
    <if test="_parameter != null" >
      <include refid="Example_Where_Clause" />
    </if>
  </delete>
  <insert id="insert" parameterType="com.leniao.huanbao.entity.Tblngroup" >
    insert into tblngroup (groupId, groupName, devsysId, 
      projId)
    values (#{groupid,jdbcType=INTEGER}, #{groupname,jdbcType=VARCHAR}, #{devsysid,jdbcType=INTEGER}, 
      #{projid,jdbcType=INTEGER})
  </insert>
  <insert id="insertSelective" parameterType="com.leniao.huanbao.entity.Tblngroup" >
    insert into tblngroup
    <trim prefix="(" suffix=")" suffixOverrides="," >
      <if test="groupid != null" >
        groupId,
      </if>
      <if test="groupname != null" >
        groupName,
      </if>
      <if test="devsysid != null" >
        devsysId,
      </if>
      <if test="projid != null" >
        projId,
      </if>
    </trim>
    <trim prefix="values (" suffix=")" suffixOverrides="," >
      <if test="groupid != null" >
        #{groupid,jdbcType=INTEGER},
      </if>
      <if test="groupname != null" >
        #{groupname,jdbcType=VARCHAR},
      </if>
      <if test="devsysid != null" >
        #{devsysid,jdbcType=INTEGER},
      </if>
      <if test="projid != null" >
        #{projid,jdbcType=INTEGER},
      </if>
    </trim>
  </insert>
  <select id="countByExample" parameterType="com.leniao.huanbao.entity.TblngroupExample" resultType="java.lang.Integer" >
    select count(*) from tblngroup
    <if test="_parameter != null" >
      <include refid="Example_Where_Clause" />
    </if>
  </select>
  <update id="updateByExampleSelective" parameterType="map" >
    update tblngroup
    <set >
      <if test="record.groupid != null" >
        groupId = #{record.groupid,jdbcType=INTEGER},
      </if>
      <if test="record.groupname != null" >
        groupName = #{record.groupname,jdbcType=VARCHAR},
      </if>
      <if test="record.devsysid != null" >
        devsysId = #{record.devsysid,jdbcType=INTEGER},
      </if>
      <if test="record.projid != null" >
        projId = #{record.projid,jdbcType=INTEGER},
      </if>
    </set>
    <if test="_parameter != null" >
      <include refid="Update_By_Example_Where_Clause" />
    </if>
  </update>
  <update id="updateByExample" parameterType="map" >
    update tblngroup
    set groupId = #{record.groupid,jdbcType=INTEGER},
      groupName = #{record.groupname,jdbcType=VARCHAR},
      devsysId = #{record.devsysid,jdbcType=INTEGER},
      projId = #{record.projid,jdbcType=INTEGER}
    <if test="_parameter != null" >
      <include refid="Update_By_Example_Where_Clause" />
    </if>
  </update>
  <update id="updateByPrimaryKeySelective" parameterType="com.leniao.huanbao.entity.Tblngroup" >
    update tblngroup
    <set >
      <if test="groupname != null" >
        groupName = #{groupname,jdbcType=VARCHAR},
      </if>
      <if test="devsysid != null" >
        devsysId = #{devsysid,jdbcType=INTEGER},
      </if>
      <if test="projid != null" >
        projId = #{projid,jdbcType=INTEGER},
      </if>
    </set>
    where groupId = #{groupid,jdbcType=INTEGER}
  </update>
  <update id="updateByPrimaryKey" parameterType="com.leniao.huanbao.entity.Tblngroup" >
    update tblngroup
    set groupName = #{groupname,jdbcType=VARCHAR},
      devsysId = #{devsysid,jdbcType=INTEGER},
      projId = #{projid,jdbcType=INTEGER}
    where groupId = #{groupid,jdbcType=INTEGER}
  </update>
</mapper>