<?xml version="1.0" encoding="UTF-8" ?>
<!DOCTYPE mapper PUBLIC "-//mybatis.org//DTD Mapper 3.0//EN" "http://mybatis.org/dtd/mybatis-3-mapper.dtd" >
<mapper namespace="com.leniao.huanbao.mapper.TblndeviceparameterMapper" >
  <resultMap id="BaseResultMap" type="com.leniao.huanbao.schedule.udpbean.Tblndeviceparameter" >
    <id column="PID" property="pid" jdbcType="VARCHAR" />
    <result column="devIdpk" property="devidpk" jdbcType="INTEGER" />
    <result column="devSignature" property="devsignature" jdbcType="VARCHAR" />
    <result column="setName" property="setName" jdbcType="VARCHAR" />
    <result column="setModel" property="setmodel" jdbcType="VARCHAR" />
    <result column="Switch1" property="switch1" jdbcType="VARCHAR" />
    <result column="Switch2" property="switch2" jdbcType="VARCHAR" />
    <result column="Switch3" property="switch3" jdbcType="VARCHAR" />
    <result column="Switch4" property="switch4" jdbcType="VARCHAR" />
    <result column="Switch1C" property="switch1c" jdbcType="VARCHAR" />
    <result column="Switch2C" property="switch2c" jdbcType="VARCHAR" />
    <result column="Switch3C" property="switch3c" jdbcType="VARCHAR" />
    <result column="Switch4C" property="switch4c" jdbcType="VARCHAR" />
    <result column="Switch1B" property="switch1b" jdbcType="INTEGER" />
    <result column="Switch2B" property="switch2b" jdbcType="INTEGER" />
    <result column="Switch3B" property="switch3b" jdbcType="INTEGER" />
    <result column="Switch4B" property="switch4b" jdbcType="INTEGER" />
  </resultMap>
  <sql id="Example_Where_Clause" >
    <where >
      <foreach collection="oredCriteria" item="criteria" separator="or" >
        <if test="criteria.valid" >
          <trim prefix="(" suffix=")" prefixOverrides="and" >
            <foreach collection="criteria.criteria" item="criterion" >
              <choose >
                <when test="criterion.noValue" >
                  and ${criterion.condition}
                </when>
                <when test="criterion.singleValue" >
                  and ${criterion.condition} #{criterion.value}
                </when>
                <when test="criterion.betweenValue" >
                  and ${criterion.condition} #{criterion.value} and #{criterion.secondValue}
                </when>
                <when test="criterion.listValue" >
                  and ${criterion.condition}
                  <foreach collection="criterion.value" item="listItem" open="(" close=")" separator="," >
                    #{listItem}
                  </foreach>
                </when>
              </choose>
            </foreach>
          </trim>
        </if>
      </foreach>
    </where>
  </sql>
  <sql id="Update_By_Example_Where_Clause" >
    <where >
      <foreach collection="example.oredCriteria" item="criteria" separator="or" >
        <if test="criteria.valid" >
          <trim prefix="(" suffix=")" prefixOverrides="and" >
            <foreach collection="criteria.criteria" item="criterion" >
              <choose >
                <when test="criterion.noValue" >
                  and ${criterion.condition}
                </when>
                <when test="criterion.singleValue" >
                  and ${criterion.condition} #{criterion.value}
                </when>
                <when test="criterion.betweenValue" >
                  and ${criterion.condition} #{criterion.value} and #{criterion.secondValue}
                </when>
                <when test="criterion.listValue" >
                  and ${criterion.condition}
                  <foreach collection="criterion.value" item="listItem" open="(" close=")" separator="," >
                    #{listItem}
                  </foreach>
                </when>
              </choose>
            </foreach>
          </trim>
        </if>
      </foreach>
    </where>
  </sql>
  <sql id="Base_Column_List" >
    PID, devIdpk, devSignature, setName, setModel, Switch1, Switch2, Switch3, Switch4,
    Switch1C, Switch2C, Switch3C, Switch4C, Switch1B, Switch2B, Switch3B, Switch4B
  </sql>
  <select id="selectByExample" resultMap="BaseResultMap" parameterType="com.leniao.huanbao.schedule.udpbean.TblndeviceparameterExample" >
    select
    <if test="distinct" >
      distinct
    </if>
    <include refid="Base_Column_List" />
    from tblndeviceparameter
    <if test="_parameter != null" >
      <include refid="Example_Where_Clause" />
    </if>
    <if test="orderByClause != null" >
      order by ${orderByClause}
    </if>
  </select>
  <select id="selectByPrimaryKey" resultMap="BaseResultMap" parameterType="java.lang.String" >
    select 
    <include refid="Base_Column_List" />
    from tblndeviceparameter
    where PID = #{pid,jdbcType=VARCHAR}
  </select>
  <delete id="deleteByPrimaryKey" parameterType="java.lang.String" >
    delete from tblndeviceparameter
    where PID = #{pid,jdbcType=VARCHAR}
  </delete>
  <delete id="deleteByExample" parameterType="com.leniao.huanbao.schedule.udpbean.TblndeviceparameterExample" >
    delete from tblndeviceparameter
    <if test="_parameter != null" >
      <include refid="Example_Where_Clause" />
    </if>
  </delete>
  <insert id="insert" parameterType="com.leniao.huanbao.schedule.udpbean.TblndeviceparameterExample" >
    insert into tblndeviceparameter (PID, devIdpk, devSignature, 
      setName, setModel, Switch1,
      Switch2, Switch3, Switch4, 
      Switch1C, Switch2C, Switch3C, 
      Switch4C, Switch1B, Switch2B, 
      Switch3B, Switch4B)
    values (#{pid,jdbcType=VARCHAR}, #{devidpk,jdbcType=INTEGER}, #{devsignature,jdbcType=VARCHAR}, 
      #{setName,jdbcType=VARCHAR}, #{setmodel,jdbcType=VARCHAR}, #{switch1,jdbcType=VARCHAR},
      #{switch2,jdbcType=VARCHAR}, #{switch3,jdbcType=VARCHAR}, #{switch4,jdbcType=VARCHAR}, 
      #{switch1c,jdbcType=VARCHAR}, #{switch2c,jdbcType=VARCHAR}, #{switch3c,jdbcType=VARCHAR}, 
      #{switch4c,jdbcType=VARCHAR}, #{switch1b,jdbcType=INTEGER}, #{switch2b,jdbcType=INTEGER}, 
      #{switch3b,jdbcType=INTEGER}, #{switch4b,jdbcType=INTEGER})
  </insert>
  <insert id="insertSelective" parameterType="com.leniao.huanbao.schedule.udpbean.Tblndeviceparameter" >
    insert into tblndeviceparameter
    <trim prefix="(" suffix=")" suffixOverrides="," >
      <if test="pid != null" >
        PID,
      </if>
      <if test="devidpk != null" >
        devIdpk,
      </if>
      <if test="devsignature != null" >
        devSignature,
      </if>
      <if test="setName != null" >
        setName,
      </if>
      <if test="setmodel != null" >
        setModel,
      </if>
      <if test="switch1 != null" >
        Switch1,
      </if>
      <if test="switch2 != null" >
        Switch2,
      </if>
      <if test="switch3 != null" >
        Switch3,
      </if>
      <if test="switch4 != null" >
        Switch4,
      </if>
      <if test="switch1c != null" >
        Switch1C,
      </if>
      <if test="switch2c != null" >
        Switch2C,
      </if>
      <if test="switch3c != null" >
        Switch3C,
      </if>
      <if test="switch4c != null" >
        Switch4C,
      </if>
      <if test="switch1b != null" >
        Switch1B,
      </if>
      <if test="switch2b != null" >
        Switch2B,
      </if>
      <if test="switch3b != null" >
        Switch3B,
      </if>
      <if test="switch4b != null" >
        Switch4B,
      </if>
    </trim>
    <trim prefix="values (" suffix=")" suffixOverrides="," >
      <if test="pid != null" >
        #{pid,jdbcType=VARCHAR},
      </if>
      <if test="devidpk != null" >
        #{devidpk,jdbcType=INTEGER},
      </if>
      <if test="devsignature != null" >
        #{devsignature,jdbcType=VARCHAR},
      </if>
      <if test="setName != null" >
        #{setName,jdbcType=VARCHAR},
      </if>
      <if test="setmodel != null" >
        #{setmodel,jdbcType=VARCHAR},
      </if>
      <if test="switch1 != null" >
        #{switch1,jdbcType=VARCHAR},
      </if>
      <if test="switch2 != null" >
        #{switch2,jdbcType=VARCHAR},
      </if>
      <if test="switch3 != null" >
        #{switch3,jdbcType=VARCHAR},
      </if>
      <if test="switch4 != null" >
        #{switch4,jdbcType=VARCHAR},
      </if>
      <if test="switch1c != null" >
        #{switch1c,jdbcType=VARCHAR},
      </if>
      <if test="switch2c != null" >
        #{switch2c,jdbcType=VARCHAR},
      </if>
      <if test="switch3c != null" >
        #{switch3c,jdbcType=VARCHAR},
      </if>
      <if test="switch4c != null" >
        #{switch4c,jdbcType=VARCHAR},
      </if>
      <if test="switch1b != null" >
        #{switch1b,jdbcType=INTEGER},
      </if>
      <if test="switch2b != null" >
        #{switch2b,jdbcType=INTEGER},
      </if>
      <if test="switch3b != null" >
        #{switch3b,jdbcType=INTEGER},
      </if>
      <if test="switch4b != null" >
        #{switch4b,jdbcType=INTEGER},
      </if>
    </trim>
  </insert>
  <select id="countByExample" parameterType="com.leniao.huanbao.schedule.udpbean.TblndeviceparameterExample" resultType="java.lang.Integer" >
    select count(*) from tblndeviceparameter
    <if test="_parameter != null" >
      <include refid="Example_Where_Clause" />
    </if>
  </select>
  <update id="updateByExampleSelective" parameterType="map" >
    update tblndeviceparameter
    <set >
      <if test="record.pid != null" >
        PID = #{record.pid,jdbcType=VARCHAR},
      </if>
      <if test="record.devidpk != null" >
        devIdpk = #{record.devidpk,jdbcType=INTEGER},
      </if>
      <if test="record.devsignature != null" >
        devSignature = #{record.devsignature,jdbcType=VARCHAR},
      </if>
      <if test="record.setName != null" >
        setName = #{record.setName,jdbcType=VARCHAR},
      </if>
      <if test="record.setmodel != null" >
        setModel = #{record.setmodel,jdbcType=VARCHAR},
      </if>
      <if test="record.switch1 != null" >
        Switch1 = #{record.switch1,jdbcType=VARCHAR},
      </if>
      <if test="record.switch2 != null" >
        Switch2 = #{record.switch2,jdbcType=VARCHAR},
      </if>
      <if test="record.switch3 != null" >
        Switch3 = #{record.switch3,jdbcType=VARCHAR},
      </if>
      <if test="record.switch4 != null" >
        Switch4 = #{record.switch4,jdbcType=VARCHAR},
      </if>
      <if test="record.switch1c != null" >
        Switch1C = #{record.switch1c,jdbcType=VARCHAR},
      </if>
      <if test="record.switch2c != null" >
        Switch2C = #{record.switch2c,jdbcType=VARCHAR},
      </if>
      <if test="record.switch3c != null" >
        Switch3C = #{record.switch3c,jdbcType=VARCHAR},
      </if>
      <if test="record.switch4c != null" >
        Switch4C = #{record.switch4c,jdbcType=VARCHAR},
      </if>
      <if test="record.switch1b != null" >
        Switch1B = #{record.switch1b,jdbcType=INTEGER},
      </if>
      <if test="record.switch2b != null" >
        Switch2B = #{record.switch2b,jdbcType=INTEGER},
      </if>
      <if test="record.switch3b != null" >
        Switch3B = #{record.switch3b,jdbcType=INTEGER},
      </if>
      <if test="record.switch4b != null" >
        Switch4B = #{record.switch4b,jdbcType=INTEGER},
      </if>
    </set>
    <if test="_parameter != null" >
      <include refid="Update_By_Example_Where_Clause" />
    </if>
  </update>
  <update id="updateByExample" parameterType="map" >
    update tblndeviceparameter
    set PID = #{record.pid,jdbcType=VARCHAR},
      devIdpk = #{record.devidpk,jdbcType=INTEGER},
      devSignature = #{record.devsignature,jdbcType=VARCHAR},
      setName = #{record.setName,jdbcType=VARCHAR},
      setModel = #{record.setmodel,jdbcType=VARCHAR},
      Switch1 = #{record.switch1,jdbcType=VARCHAR},
      Switch2 = #{record.switch2,jdbcType=VARCHAR},
      Switch3 = #{record.switch3,jdbcType=VARCHAR},
      Switch4 = #{record.switch4,jdbcType=VARCHAR},
      Switch1C = #{record.switch1c,jdbcType=VARCHAR},
      Switch2C = #{record.switch2c,jdbcType=VARCHAR},
      Switch3C = #{record.switch3c,jdbcType=VARCHAR},
      Switch4C = #{record.switch4c,jdbcType=VARCHAR},
      Switch1B = #{record.switch1b,jdbcType=INTEGER},
      Switch2B = #{record.switch2b,jdbcType=INTEGER},
      Switch3B = #{record.switch3b,jdbcType=INTEGER},
      Switch4B = #{record.switch4b,jdbcType=INTEGER}
    <if test="_parameter != null" >
      <include refid="Update_By_Example_Where_Clause" />
    </if>
  </update>
  <update id="updateByPrimaryKeySelective" parameterType="com.leniao.huanbao.schedule.udpbean.Tblndeviceparameter" >
    update tblndeviceparameter
    <set >
      <if test="devidpk != null" >
        devIdpk = #{devidpk,jdbcType=INTEGER},
      </if>
      <if test="devsignature != null" >
        devSignature = #{devsignature,jdbcType=VARCHAR},
      </if>
      <if test="setName != null" >
        setName = #{setName,jdbcType=VARCHAR},
      </if>
      <if test="setmodel != null" >
        setModel = #{setmodel,jdbcType=VARCHAR},
      </if>
      <if test="switch1 != null" >
        Switch1 = #{switch1,jdbcType=VARCHAR},
      </if>
      <if test="switch2 != null" >
        Switch2 = #{switch2,jdbcType=VARCHAR},
      </if>
      <if test="switch3 != null" >
        Switch3 = #{switch3,jdbcType=VARCHAR},
      </if>
      <if test="switch4 != null" >
        Switch4 = #{switch4,jdbcType=VARCHAR},
      </if>
      <if test="switch1c != null" >
        Switch1C = #{switch1c,jdbcType=VARCHAR},
      </if>
      <if test="switch2c != null" >
        Switch2C = #{switch2c,jdbcType=VARCHAR},
      </if>
      <if test="switch3c != null" >
        Switch3C = #{switch3c,jdbcType=VARCHAR},
      </if>
      <if test="switch4c != null" >
        Switch4C = #{switch4c,jdbcType=VARCHAR},
      </if>
      <if test="switch1b != null" >
        Switch1B = #{switch1b,jdbcType=INTEGER},
      </if>
      <if test="switch2b != null" >
        Switch2B = #{switch2b,jdbcType=INTEGER},
      </if>
      <if test="switch3b != null" >
        Switch3B = #{switch3b,jdbcType=INTEGER},
      </if>
      <if test="switch4b != null" >
        Switch4B = #{switch4b,jdbcType=INTEGER},
      </if>
    </set>
    where PID = #{pid,jdbcType=VARCHAR}
  </update>
  <update id="updateByPrimaryKey" parameterType="com.leniao.huanbao.schedule.udpbean.Tblndeviceparameter" >
    update tblndeviceparameter
    set devIdpk = #{devidpk,jdbcType=INTEGER},
      devSignature = #{devsignature,jdbcType=VARCHAR},
      setName = #{setName,jdbcType=VARCHAR},
      setModel = #{setmodel,jdbcType=VARCHAR},
      Switch1 = #{switch1,jdbcType=VARCHAR},
      Switch2 = #{switch2,jdbcType=VARCHAR},
      Switch3 = #{switch3,jdbcType=VARCHAR},
      Switch4 = #{switch4,jdbcType=VARCHAR},
      Switch1C = #{switch1c,jdbcType=VARCHAR},
      Switch2C = #{switch2c,jdbcType=VARCHAR},
      Switch3C = #{switch3c,jdbcType=VARCHAR},
      Switch4C = #{switch4c,jdbcType=VARCHAR},
      Switch1B = #{switch1b,jdbcType=INTEGER},
      Switch2B = #{switch2b,jdbcType=INTEGER},
      Switch3B = #{switch3b,jdbcType=INTEGER},
      Switch4B = #{switch4b,jdbcType=INTEGER}
    where PID = #{pid,jdbcType=VARCHAR}
  </update>

  <select id="findUshareDeviceElectricuse" resultType="com.leniao.huanbao.schedule.udpbean.UshareDeviceElectricuse">
      SELECT * FROM `ushare_device_electricuse` WHERE devIdpk = #{devIdpk} AND isReset = 0 AND updateTime &gt;= #{time} ORDER BY idPk DESC LIMIT 1;
  </select>

  <select id="findUshareDeviceElectricuseByDevIdpk" resultType="com.leniao.huanbao.schedule.udpbean.UshareDeviceElectricuse">
      SELECT * FROM `ushare_device_electricuse` WHERE devIdpk = #{devIdpk} AND isReset = 0 ORDER BY idPk DESC LIMIT 1;
  </select>

  <select id="findEle_Consumption" resultType="com.leniao.huanbao.schedule.udpbean.Ele_Consumption">
      SELECT `devIdpk` devIdpk, `devTotalQ` totalQ, `updateTime` updateTime, devRealTotalQ realTotalQ
        FROM `ushare_device_electricuse` WHERE devIdpk = #{devIdpk} AND isReset = 0 ORDER BY idPk DESC LIMIT 1;
  </select>

  <select id="summationHistoryPower" resultType="java.lang.Double">
      SELECT SUM(dayTotalQ) totalQ FROM `ushare_device_electricuse` WHERE devIdpk = #{devIdpk} AND addtime &lt; #{addtime};
  </select>

  <select id="summationHistoryFee" resultType="java.lang.Double">
      SELECT SUM(dayTotalFee) totalQ FROM `ushare_device_electricuse` WHERE devIdpk = #{devIdpk} AND addtime &lt; #{addtime};
  </select>

  <update id="updateUshareDeviceElectricuse" parameterType="com.leniao.huanbao.schedule.udpbean.UshareDeviceElectricuse">
      UPDATE `ushare_device_electricuse` SET
          h1 = #{lastData.h1}, h2 = #{lastData.h2}, h3 = #{lastData.h3}, h4 = #{lastData.h4}, h5 = #{lastData.h5},
          h6 = #{lastData.h6}, h7 = #{lastData.h7}, h8 = #{lastData.h8}, h9 = #{lastData.h9}, h10 = #{lastData.h10}, h11 = #{lastData.h11}, h12 = #{lastData.h12},
          h13 = #{lastData.h13}, h14 = #{lastData.h14}, h15 = #{lastData.h15}, h16 = #{lastData.h16},
          h17 = #{lastData.h17}, h18 = #{lastData.h18}, h19 = #{lastData.h19}, h20 = #{lastData.h20}, h21 = #{lastData.h21}, h22 = #{lastData.h22},
          h23 = #{lastData.h23}, h24 = #{lastData.h24}, dayTotalQ = #{lastData.dayTotalQ}, dayTotalFee = #{lastData.dayTotalFee},
          dayCharge = #{lastData.dayCharge}, devTotalQ = #{lastData.devTotalQ}, updateTime = #{lastData.updateTime},
          beforeTodayTotalQ = #{lastData.beforeTodayTotalQ}, beforeTodayTotalFee = #{lastData.beforeTodayTotalFee}, devRealTotalQ = #{lastData.devRealTotalQ}
      WHERE idPk = #{lastData.idPk}
  </update>

    <insert id="addUshareDeviceElectricuse" useGeneratedKeys="true" keyProperty="idPk" parameterType="com.leniao.huanbao.schedule.udpbean.UshareDeviceElectricuse">
      INSERT INTO
          `ushare_device_electricuse` (`idPk`, `devIdpk`, `unitId`, `h1`, `h2`, `h3`, `h4`, `h5`, `h6`, `h7`, `h8`, `h9`, `h10`, `h11`, `h12`, `h13`,
          `h14`, `h15`, `h16`, `h17`, `h18`, `h19`, `h20`, `h21`, `h22`, `h23`, `h24`, `addtime`, `elYear`, `elMonth`, `elWeek`, `dayTotalQ`,
          `dayTotalFee`, `dayCharge`, `devTotalQ`, `updateTime`, `beforeTodayTotalQ`, `beforeTodayTotalFee`, `devRealTotalQ`)
      VALUES
          (#{idPk},#{devIdpk}, #{unitId}, #{h1}, #{h2}, #{h3}, #{h4}, #{h5},
          #{h6}, #{h7}, #{h8}, #{h9}, #{h10}, #{h11}, #{h12}, #{h13}, #{h14}, #{h15}, #{h16},
          #{h17}, #{h18}, #{h19}, #{h20}, #{h21}, #{h22}, #{h23}, #{h24}, #{addtime}, #{elYear},
          #{elMonth}, #{elWeek}, #{dayTotalQ}, #{dayTotalFee}, #{dayCharge}, #{devTotalQ}, #{updateTime},
          #{beforeTodayTotalQ}, #{beforeTodayTotalFee}, #{devRealTotalQ})
  </insert>

  <select id="findUnitPrice" resultType="java.lang.Double" >
    SELECT chargeVal FROM `ushare_charge`
      WHERE unitId = #{unitId} AND isDele = 0
    <choose>
      <when test="startTime == null and endTime == null">
        AND ISNULL(startTime) AND ISNULL(stopTime)
      </when>
      <otherwise>
        AND startTime &lt;= #{startTime} AND stopTime &gt; #{endTime}
      </otherwise>
    </choose>

  </select>

  <select id="findUshareCharges" resultType="com.leniao.huanbao.schedule.udpbean.UshareCharge" >
    SELECT Id id, userId, unitId, chargeVal, startTime, stopTime, chargeType, isDele, addTime FROM `ushare_charge`
    WHERE unitId = #{unitId} AND isDele = 0
  </select>

    <select id="resetError_Lv2" >
        CALL ResetError_Lv2(#{devidpk}, #{lv});
    </select>

    <update id="resetPower">
      UPDATE ushare_device_electricuse SET `isReset` = isReset+1 WHERE devIdpk = #{devidpk};
    </update>

</mapper>