<?xml version="1.0" encoding="UTF-8"?>
<!DOCTYPE mapper PUBLIC "-//mybatis.org//DTD Mapper 3.0//EN" "http://mybatis.org/dtd/mybatis-3-mapper.dtd">
<mapper namespace="com.leniao.huanbao.mapper.TreeMenuMapper">
    <resultMap id="BaseResultMap" type="com.leniao.huanbao.dto.TreeMenu">
        <id column="nodeId" jdbcType="BIGINT" property="nodeId"/>
        <result column="nodeName" jdbcType="VARCHAR" property="nodeName"/>
        <result column="provinceCode" jdbcType="VARCHAR" property="provinceCode"/>
        <result column="cityCode" jdbcType="VARCHAR" property="cityCode"/>
        <result column="areaCode" jdbcType="VARCHAR" property="areaCode"/>
        <result column="nodeType" jdbcType="INTEGER" property="nodeType"/>
        <result column="onlyRead" jdbcType="INTEGER" property="onlyRead"/>
    </resultMap>


    <select id="selectAgencyInfoByAreaCode" resultType="com.leniao.huanbao.dto.TreeMenu">
        SELECT DISTINCT id nodeId, agcy_name nodeName, province_code provinceCode, city_code cityCode, area_code areaCode, 1 AS nodeType, 0 AS onlyRead
        FROM hby_agency WHERE province_code = #{provinceCode} AND city_code = #{cityCode} AND area_code = #{areaCode} AND platform_id = #{platformId}
        AND (is_delete = 0 OR ISNULL(is_delete))
    </select>


    <!--<if test="userGrade == 1">-->
        <!--AND a.province_code = b.proProvinceCode-->
    <!--</if>-->
    <!--<if test="userGrade == 2">-->
        <!--AND a.city_code = b.proCityCode-->
    <!--</if>-->
    <!--<if test="userGrade == 3">-->
        <!--AND a.area_code = b.proAreaCode-->
    <!--</if>-->
    <!--)-->

    <select id="selectAgencyInfoByUserAreaCode" resultMap="BaseResultMap" parameterType="com.leniao.huanbao.dto.AreaCodeJoinOther">
        SELECT DISTINCT a.id nodeId, a.agcy_name nodeName, a.province_code provinceCode, a.city_code cityCode, a.area_code areaCode, 1 AS nodeType, 1 AS onlyRead, count(1) total
        FROM hby_agency a INNER JOIN tblnprojectinfo b
          ON (b.isDelete = 0 AND a.province_code = b.proProvinceCode AND a.city_code = b.proCityCode AND a.area_code = b.proAreaCode)

        WHERE a.platform_id = #{platformId} AND a.deleted = 0
        <if test="agencyId != null">
            AND a.id = #{agencyId}
        </if>
        <if test="userGrade == 1">
            AND a.province_code = #{areaCode.provinceCode}
        </if>
        <if test="userGrade == 2">
            AND a.city_code = #{areaCode.cityCode}
        </if>
        <if test="userGrade == 3">
            AND a.area_code = #{areaCode.areaCode}
        </if>
        GROUP BY a.province_code, a.city_code, a.area_code HAVING total > 0
    </select>

    <select id="selectProjectInfoByAgencyTreeMenu" parameterType="com.leniao.huanbao.dto.TreeMenu" resultType="com.leniao.huanbao.dto.TreeMenu">
        SELECT DISTINCT a.projId nodeId, a.projName nodeName, a.proProvinceCode provinceCode, a.proCityCode cityCode, a.proAreaCode areaCode,
            2 AS nodeType, #{onlyRead} AS onlyRead, #{agencyInfo.nodeType} as parentNodeType, #{agencyInfo.nodeId} AS parentNodeId
        FROM tblnprojectinfo a
        <if test="params != null and params.showAll != 1">
            INNER JOIN hby_overlookpoint b ON b.unit_id = a.projId
        </if>
        WHERE a.proProvinceCode = #{agencyInfo.provinceCode} AND a.proCityCode = #{agencyInfo.cityCode}
            AND a.proAreaCode = #{agencyInfo.areaCode} AND a.isDelete = 0 AND b.deleted = 0 AND a.platformId = #{platformId}
        <if test='params != null and params.projId != null and params.projId != ""'>
            AND a.projId = #{params.projId}
        </if>
        <if test='params != null and params.industryId != null and params.industryId != ""'>
            AND a.industryId = #{params.industryId}
        </if>
    </select>

    <select id="selectDeviceGroupByProjId" resultType="com.leniao.huanbao.dto.TreeMenu">
        SELECT DISTINCT groupId nodeId, groupName nodeName, #{parentNodeId} AS parentNodeId, #{parentNodeType} AS parentNodeType,
        #{onlyRead} AS onlyRead, 3 AS nodeType FROM `tblngroup` WHERE projId = #{parentNodeId}
    </select>

    <select id="selectOverLookPointByGroupId" resultType="com.leniao.huanbao.dto.TreeMenu">
        SELECT DISTINCT id nodeId, over_look_name nodeName, #{parentNodeId} AS parentNodeId, #{parentNodeType} AS parentNodeType,
        #{onlyRead} AS onlyRead, 4 AS nodeType FROM `hby_overlookpoint` WHERE dev_group_id = #{parentNodeId} AND deleted = 0
    </select>

    <select id="selectDeviceInfoByOverLookPointId" resultType="com.leniao.huanbao.dto.TreeMenu">
        SELECT DISTINCT b.devIdpk nodeId, b.devSignature devSignature, b.installLocation nodeName, #{parentNodeId} AS parentNodeId, #{parentNodeType} AS parentNodeType,
            #{onlyRead} AS onlyRead, 6 AS nodeType FROM `hby_overlook_dev_join` a
            INNER JOIN tblndeviceinfo b ON a.dev_idpk = b.devIdpk
            INNER JOIN hby_overlookpoint c ON (a.look_id = c.id AND b.devgroupId = c.dev_group_id)
        WHERE a.look_id = #{lookId} AND a.dev_pro_ty = #{parentNodeId} AND b.isDelete = 0
    </select>

    <select id="selectCanShowProjectByAgency" resultType="com.leniao.huanbao.dto.TreeMenu" parameterType="com.leniao.entity.HbyAgency">
        SELECT DISTINCT t.projId nodeId, t.onlyRead onlyRead, t.projName nodeName, t.proProvinceCode provinceCode,
        t.proCityCode cityCode, t.proAreaCode areaCode, 2 AS nodeType FROM (
        SELECT t1.projId, t1.onlyRead, b.projName, b.proProvinceCode, b.proCityCode, b.proAreaCode FROM (
        SELECT 1 AS onlyRead, a.* FROM tblnuserjnproj a WHERE CreateUser in (SELECT UserID FROM tblngroupinfouser WHERE UserID2 = #{userId}) AND isAss = 0
        UNION
        SELECT 1 AS onlyRead, a.* FROM tblnuserjnproj a WHERE CreateUser = #{userId} AND isAss = 0
        UNION
        SELECT 0 AS onlyRead, a.* FROM tblnuserjnproj a WHERE userId = #{userId} AND isAss = 1
        UNION
        SELECT 0 AS onlyRead, a.* FROM tblnuserjnproj a WHERE CreateUser in(SELECT userCId FROM tblnuserjnuser WHERE userPId = #{userId} AND isDelete = 0) AND isAss = 0
        ) t1
        INNER JOIN tblnprojectinfo b ON t1.projId = b.projId
        <if test="params != null and params.showAll != 1">
            INNER JOIN hby_overlookpoint c ON c.unit_id = b.projId
        </if>
        WHERE b.proProvinceCode = #{agencyInfo.provinceCode} AND b.proCityCode = #{agencyInfo.cityCode}
        AND b.proAreaCode = #{agencyInfo.areaCode} AND b.isDelete = 0 AND b.platformId = #{platformId}
        <if test='params != null and params.projId != null and params.projId != ""'>
            AND t1.projId = #{params.projId}
        </if>
        <if test='params != null and params.industryId != null and params.industryId != ""'>
            AND t1.industryId = #{params.industryId}
        </if>
        ORDER BY t1.onlyRead DESC) t
        GROUP BY t.projId

    </select>

</mapper>
