<?xml version="1.0" encoding="UTF-8" ?>
<!DOCTYPE mapper PUBLIC "-//mybatis.org//DTD Mapper 3.0//EN" "http://mybatis.org/dtd/mybatis-3-mapper.dtd" >
<mapper namespace="com.leniao.huanbao.mapper.UshareDeviceElectricuseMapper" >
  <resultMap id="BaseResultMap" type="com.leniao.huanbao.entity.UshareDeviceElectricuse" >
    <id column="idPk" property="idpk" jdbcType="INTEGER" />
    <result column="devIdpk" property="devidpk" jdbcType="INTEGER" />
    <result column="unitId" property="unitid" jdbcType="INTEGER" />
    <result column="h1" property="h1" jdbcType="DOUBLE" />
    <result column="h2" property="h2" jdbcType="DOUBLE" />
    <result column="h3" property="h3" jdbcType="DOUBLE" />
    <result column="h4" property="h4" jdbcType="DOUBLE" />
    <result column="h5" property="h5" jdbcType="DOUBLE" />
    <result column="h6" property="h6" jdbcType="DOUBLE" />
    <result column="h7" property="h7" jdbcType="DOUBLE" />
    <result column="h8" property="h8" jdbcType="DOUBLE" />
    <result column="h9" property="h9" jdbcType="DOUBLE" />
    <result column="h10" property="h10" jdbcType="DOUBLE" />
    <result column="h11" property="h11" jdbcType="DOUBLE" />
    <result column="h12" property="h12" jdbcType="DOUBLE" />
    <result column="h13" property="h13" jdbcType="DOUBLE" />
    <result column="h14" property="h14" jdbcType="DOUBLE" />
    <result column="h15" property="h15" jdbcType="DOUBLE" />
    <result column="h16" property="h16" jdbcType="DOUBLE" />
    <result column="h17" property="h17" jdbcType="DOUBLE" />
    <result column="h18" property="h18" jdbcType="DOUBLE" />
    <result column="h19" property="h19" jdbcType="DOUBLE" />
    <result column="h20" property="h20" jdbcType="DOUBLE" />
    <result column="h21" property="h21" jdbcType="DOUBLE" />
    <result column="h22" property="h22" jdbcType="DOUBLE" />
    <result column="h23" property="h23" jdbcType="DOUBLE" />
    <result column="h24" property="h24" jdbcType="DOUBLE" />
    <result column="addtime" property="addtime" jdbcType="DATE" />
    <result column="elYear" property="elyear" jdbcType="INTEGER" />
    <result column="elMonth" property="elmonth" jdbcType="INTEGER" />
    <result column="elWeek" property="elweek" jdbcType="INTEGER" />
    <result column="dayTotalQ" property="daytotalq" jdbcType="DOUBLE" />
    <result column="dayTotalFee" property="daytotalfee" jdbcType="DOUBLE" />
    <result column="dayCharge" property="daycharge" jdbcType="DOUBLE" />
    <result column="devTotalQ" property="devtotalq" jdbcType="DOUBLE" />
    <result column="updateTime" property="updatetime" jdbcType="TIMESTAMP" />
    <result column="isReset" property="isreset" jdbcType="INTEGER" />
    <result column="beforeTodayTotalQ" property="beforetodaytotalq" jdbcType="DOUBLE" />
    <result column="beforeTodayTotalFee" property="beforetodaytotalfee" jdbcType="DOUBLE" />
    <result column="devRealTotalQ" property="devrealtotalq" jdbcType="INTEGER" />
  </resultMap>
  <sql id="Example_Where_Clause" >
    <where >
      <foreach collection="oredCriteria" item="criteria" separator="or" >
        <if test="criteria.valid" >
          <trim prefix="(" suffix=")" prefixOverrides="and" >
            <foreach collection="criteria.criteria" item="criterion" >
              <choose >
                <when test="criterion.noValue" >
                  and ${criterion.condition}
                </when>
                <when test="criterion.singleValue" >
                  and ${criterion.condition} #{criterion.value}
                </when>
                <when test="criterion.betweenValue" >
                  and ${criterion.condition} #{criterion.value} and #{criterion.secondValue}
                </when>
                <when test="criterion.listValue" >
                  and ${criterion.condition}
                  <foreach collection="criterion.value" item="listItem" open="(" close=")" separator="," >
                    #{listItem}
                  </foreach>
                </when>
              </choose>
            </foreach>
          </trim>
        </if>
      </foreach>
    </where>
  </sql>
  <sql id="Update_By_Example_Where_Clause" >
    <where >
      <foreach collection="example.oredCriteria" item="criteria" separator="or" >
        <if test="criteria.valid" >
          <trim prefix="(" suffix=")" prefixOverrides="and" >
            <foreach collection="criteria.criteria" item="criterion" >
              <choose >
                <when test="criterion.noValue" >
                  and ${criterion.condition}
                </when>
                <when test="criterion.singleValue" >
                  and ${criterion.condition} #{criterion.value}
                </when>
                <when test="criterion.betweenValue" >
                  and ${criterion.condition} #{criterion.value} and #{criterion.secondValue}
                </when>
                <when test="criterion.listValue" >
                  and ${criterion.condition}
                  <foreach collection="criterion.value" item="listItem" open="(" close=")" separator="," >
                    #{listItem}
                  </foreach>
                </when>
              </choose>
            </foreach>
          </trim>
        </if>
      </foreach>
    </where>
  </sql>
  <sql id="Base_Column_List" >
    idPk, devIdpk, unitId, h1, h2, h3, h4, h5, h6, h7, h8, h9, h10, h11, h12, h13, h14, 
    h15, h16, h17, h18, h19, h20, h21, h22, h23, h24, addtime, elYear, elMonth, elWeek, 
    dayTotalQ, dayTotalFee, dayCharge, devTotalQ, updateTime, isReset, beforeTodayTotalQ, 
    beforeTodayTotalFee, devRealTotalQ
  </sql>
  <select id="selectByExample" resultMap="BaseResultMap" parameterType="com.leniao.huanbao.entity.UshareDeviceElectricuseExample" >
    select
    <if test="distinct" >
      distinct
    </if>
    <include refid="Base_Column_List" />
    from ushare_device_electricuse
    <if test="_parameter != null" >
      <include refid="Example_Where_Clause" />
    </if>
    <if test="orderByClause != null" >
      order by ${orderByClause}
    </if>
  </select>
  <select id="selectByPrimaryKey" resultMap="BaseResultMap" parameterType="java.lang.Integer" >
    select 
    <include refid="Base_Column_List" />
    from ushare_device_electricuse
    where idPk = #{idpk,jdbcType=INTEGER}
  </select>
  <delete id="deleteByPrimaryKey" parameterType="java.lang.Integer" >
    delete from ushare_device_electricuse
    where idPk = #{idpk,jdbcType=INTEGER}
  </delete>
  <delete id="deleteByExample" parameterType="com.leniao.huanbao.entity.UshareDeviceElectricuseExample" >
    delete from ushare_device_electricuse
    <if test="_parameter != null" >
      <include refid="Example_Where_Clause" />
    </if>
  </delete>
  <insert id="insert" parameterType="com.leniao.huanbao.entity.UshareDeviceElectricuse" >
    insert into ushare_device_electricuse (idPk, devIdpk, unitId, 
      h1, h2, h3, h4, 
      h5, h6, h7, h8, 
      h9, h10, h11, h12, 
      h13, h14, h15, h16, 
      h17, h18, h19, h20, 
      h21, h22, h23, h24, 
      addtime, elYear, elMonth, 
      elWeek, dayTotalQ, dayTotalFee, 
      dayCharge, devTotalQ, updateTime, 
      isReset, beforeTodayTotalQ, beforeTodayTotalFee, 
      devRealTotalQ)
    values (#{idpk,jdbcType=INTEGER}, #{devidpk,jdbcType=INTEGER}, #{unitid,jdbcType=INTEGER}, 
      #{h1,jdbcType=DOUBLE}, #{h2,jdbcType=DOUBLE}, #{h3,jdbcType=DOUBLE}, #{h4,jdbcType=DOUBLE}, 
      #{h5,jdbcType=DOUBLE}, #{h6,jdbcType=DOUBLE}, #{h7,jdbcType=DOUBLE}, #{h8,jdbcType=DOUBLE}, 
      #{h9,jdbcType=DOUBLE}, #{h10,jdbcType=DOUBLE}, #{h11,jdbcType=DOUBLE}, #{h12,jdbcType=DOUBLE}, 
      #{h13,jdbcType=DOUBLE}, #{h14,jdbcType=DOUBLE}, #{h15,jdbcType=DOUBLE}, #{h16,jdbcType=DOUBLE}, 
      #{h17,jdbcType=DOUBLE}, #{h18,jdbcType=DOUBLE}, #{h19,jdbcType=DOUBLE}, #{h20,jdbcType=DOUBLE}, 
      #{h21,jdbcType=DOUBLE}, #{h22,jdbcType=DOUBLE}, #{h23,jdbcType=DOUBLE}, #{h24,jdbcType=DOUBLE}, 
      #{addtime,jdbcType=DATE}, #{elyear,jdbcType=INTEGER}, #{elmonth,jdbcType=INTEGER}, 
      #{elweek,jdbcType=INTEGER}, #{daytotalq,jdbcType=DOUBLE}, #{daytotalfee,jdbcType=DOUBLE}, 
      #{daycharge,jdbcType=DOUBLE}, #{devtotalq,jdbcType=DOUBLE}, #{updatetime,jdbcType=TIMESTAMP}, 
      #{isreset,jdbcType=INTEGER}, #{beforetodaytotalq,jdbcType=DOUBLE}, #{beforetodaytotalfee,jdbcType=DOUBLE}, 
      #{devrealtotalq,jdbcType=INTEGER})
  </insert>
  <insert id="insertSelective" parameterType="com.leniao.huanbao.entity.UshareDeviceElectricuse" >
    insert into ushare_device_electricuse
    <trim prefix="(" suffix=")" suffixOverrides="," >
      <if test="idpk != null" >
        idPk,
      </if>
      <if test="devidpk != null" >
        devIdpk,
      </if>
      <if test="unitid != null" >
        unitId,
      </if>
      <if test="h1 != null" >
        h1,
      </if>
      <if test="h2 != null" >
        h2,
      </if>
      <if test="h3 != null" >
        h3,
      </if>
      <if test="h4 != null" >
        h4,
      </if>
      <if test="h5 != null" >
        h5,
      </if>
      <if test="h6 != null" >
        h6,
      </if>
      <if test="h7 != null" >
        h7,
      </if>
      <if test="h8 != null" >
        h8,
      </if>
      <if test="h9 != null" >
        h9,
      </if>
      <if test="h10 != null" >
        h10,
      </if>
      <if test="h11 != null" >
        h11,
      </if>
      <if test="h12 != null" >
        h12,
      </if>
      <if test="h13 != null" >
        h13,
      </if>
      <if test="h14 != null" >
        h14,
      </if>
      <if test="h15 != null" >
        h15,
      </if>
      <if test="h16 != null" >
        h16,
      </if>
      <if test="h17 != null" >
        h17,
      </if>
      <if test="h18 != null" >
        h18,
      </if>
      <if test="h19 != null" >
        h19,
      </if>
      <if test="h20 != null" >
        h20,
      </if>
      <if test="h21 != null" >
        h21,
      </if>
      <if test="h22 != null" >
        h22,
      </if>
      <if test="h23 != null" >
        h23,
      </if>
      <if test="h24 != null" >
        h24,
      </if>
      <if test="addtime != null" >
        addtime,
      </if>
      <if test="elyear != null" >
        elYear,
      </if>
      <if test="elmonth != null" >
        elMonth,
      </if>
      <if test="elweek != null" >
        elWeek,
      </if>
      <if test="daytotalq != null" >
        dayTotalQ,
      </if>
      <if test="daytotalfee != null" >
        dayTotalFee,
      </if>
      <if test="daycharge != null" >
        dayCharge,
      </if>
      <if test="devtotalq != null" >
        devTotalQ,
      </if>
      <if test="updatetime != null" >
        updateTime,
      </if>
      <if test="isreset != null" >
        isReset,
      </if>
      <if test="beforetodaytotalq != null" >
        beforeTodayTotalQ,
      </if>
      <if test="beforetodaytotalfee != null" >
        beforeTodayTotalFee,
      </if>
      <if test="devrealtotalq != null" >
        devRealTotalQ,
      </if>
    </trim>
    <trim prefix="values (" suffix=")" suffixOverrides="," >
      <if test="idpk != null" >
        #{idpk,jdbcType=INTEGER},
      </if>
      <if test="devidpk != null" >
        #{devidpk,jdbcType=INTEGER},
      </if>
      <if test="unitid != null" >
        #{unitid,jdbcType=INTEGER},
      </if>
      <if test="h1 != null" >
        #{h1,jdbcType=DOUBLE},
      </if>
      <if test="h2 != null" >
        #{h2,jdbcType=DOUBLE},
      </if>
      <if test="h3 != null" >
        #{h3,jdbcType=DOUBLE},
      </if>
      <if test="h4 != null" >
        #{h4,jdbcType=DOUBLE},
      </if>
      <if test="h5 != null" >
        #{h5,jdbcType=DOUBLE},
      </if>
      <if test="h6 != null" >
        #{h6,jdbcType=DOUBLE},
      </if>
      <if test="h7 != null" >
        #{h7,jdbcType=DOUBLE},
      </if>
      <if test="h8 != null" >
        #{h8,jdbcType=DOUBLE},
      </if>
      <if test="h9 != null" >
        #{h9,jdbcType=DOUBLE},
      </if>
      <if test="h10 != null" >
        #{h10,jdbcType=DOUBLE},
      </if>
      <if test="h11 != null" >
        #{h11,jdbcType=DOUBLE},
      </if>
      <if test="h12 != null" >
        #{h12,jdbcType=DOUBLE},
      </if>
      <if test="h13 != null" >
        #{h13,jdbcType=DOUBLE},
      </if>
      <if test="h14 != null" >
        #{h14,jdbcType=DOUBLE},
      </if>
      <if test="h15 != null" >
        #{h15,jdbcType=DOUBLE},
      </if>
      <if test="h16 != null" >
        #{h16,jdbcType=DOUBLE},
      </if>
      <if test="h17 != null" >
        #{h17,jdbcType=DOUBLE},
      </if>
      <if test="h18 != null" >
        #{h18,jdbcType=DOUBLE},
      </if>
      <if test="h19 != null" >
        #{h19,jdbcType=DOUBLE},
      </if>
      <if test="h20 != null" >
        #{h20,jdbcType=DOUBLE},
      </if>
      <if test="h21 != null" >
        #{h21,jdbcType=DOUBLE},
      </if>
      <if test="h22 != null" >
        #{h22,jdbcType=DOUBLE},
      </if>
      <if test="h23 != null" >
        #{h23,jdbcType=DOUBLE},
      </if>
      <if test="h24 != null" >
        #{h24,jdbcType=DOUBLE},
      </if>
      <if test="addtime != null" >
        #{addtime,jdbcType=DATE},
      </if>
      <if test="elyear != null" >
        #{elyear,jdbcType=INTEGER},
      </if>
      <if test="elmonth != null" >
        #{elmonth,jdbcType=INTEGER},
      </if>
      <if test="elweek != null" >
        #{elweek,jdbcType=INTEGER},
      </if>
      <if test="daytotalq != null" >
        #{daytotalq,jdbcType=DOUBLE},
      </if>
      <if test="daytotalfee != null" >
        #{daytotalfee,jdbcType=DOUBLE},
      </if>
      <if test="daycharge != null" >
        #{daycharge,jdbcType=DOUBLE},
      </if>
      <if test="devtotalq != null" >
        #{devtotalq,jdbcType=DOUBLE},
      </if>
      <if test="updatetime != null" >
        #{updatetime,jdbcType=TIMESTAMP},
      </if>
      <if test="isreset != null" >
        #{isreset,jdbcType=INTEGER},
      </if>
      <if test="beforetodaytotalq != null" >
        #{beforetodaytotalq,jdbcType=DOUBLE},
      </if>
      <if test="beforetodaytotalfee != null" >
        #{beforetodaytotalfee,jdbcType=DOUBLE},
      </if>
      <if test="devrealtotalq != null" >
        #{devrealtotalq,jdbcType=INTEGER},
      </if>
    </trim>
  </insert>
  <select id="countByExample" parameterType="com.leniao.huanbao.entity.UshareDeviceElectricuseExample" resultType="java.lang.Integer" >
    select count(*) from ushare_device_electricuse
    <if test="_parameter != null" >
      <include refid="Example_Where_Clause" />
    </if>
  </select>
  <update id="updateByExampleSelective" parameterType="map" >
    update ushare_device_electricuse
    <set >
      <if test="record.idpk != null" >
        idPk = #{record.idpk,jdbcType=INTEGER},
      </if>
      <if test="record.devidpk != null" >
        devIdpk = #{record.devidpk,jdbcType=INTEGER},
      </if>
      <if test="record.unitid != null" >
        unitId = #{record.unitid,jdbcType=INTEGER},
      </if>
      <if test="record.h1 != null" >
        h1 = #{record.h1,jdbcType=DOUBLE},
      </if>
      <if test="record.h2 != null" >
        h2 = #{record.h2,jdbcType=DOUBLE},
      </if>
      <if test="record.h3 != null" >
        h3 = #{record.h3,jdbcType=DOUBLE},
      </if>
      <if test="record.h4 != null" >
        h4 = #{record.h4,jdbcType=DOUBLE},
      </if>
      <if test="record.h5 != null" >
        h5 = #{record.h5,jdbcType=DOUBLE},
      </if>
      <if test="record.h6 != null" >
        h6 = #{record.h6,jdbcType=DOUBLE},
      </if>
      <if test="record.h7 != null" >
        h7 = #{record.h7,jdbcType=DOUBLE},
      </if>
      <if test="record.h8 != null" >
        h8 = #{record.h8,jdbcType=DOUBLE},
      </if>
      <if test="record.h9 != null" >
        h9 = #{record.h9,jdbcType=DOUBLE},
      </if>
      <if test="record.h10 != null" >
        h10 = #{record.h10,jdbcType=DOUBLE},
      </if>
      <if test="record.h11 != null" >
        h11 = #{record.h11,jdbcType=DOUBLE},
      </if>
      <if test="record.h12 != null" >
        h12 = #{record.h12,jdbcType=DOUBLE},
      </if>
      <if test="record.h13 != null" >
        h13 = #{record.h13,jdbcType=DOUBLE},
      </if>
      <if test="record.h14 != null" >
        h14 = #{record.h14,jdbcType=DOUBLE},
      </if>
      <if test="record.h15 != null" >
        h15 = #{record.h15,jdbcType=DOUBLE},
      </if>
      <if test="record.h16 != null" >
        h16 = #{record.h16,jdbcType=DOUBLE},
      </if>
      <if test="record.h17 != null" >
        h17 = #{record.h17,jdbcType=DOUBLE},
      </if>
      <if test="record.h18 != null" >
        h18 = #{record.h18,jdbcType=DOUBLE},
      </if>
      <if test="record.h19 != null" >
        h19 = #{record.h19,jdbcType=DOUBLE},
      </if>
      <if test="record.h20 != null" >
        h20 = #{record.h20,jdbcType=DOUBLE},
      </if>
      <if test="record.h21 != null" >
        h21 = #{record.h21,jdbcType=DOUBLE},
      </if>
      <if test="record.h22 != null" >
        h22 = #{record.h22,jdbcType=DOUBLE},
      </if>
      <if test="record.h23 != null" >
        h23 = #{record.h23,jdbcType=DOUBLE},
      </if>
      <if test="record.h24 != null" >
        h24 = #{record.h24,jdbcType=DOUBLE},
      </if>
      <if test="record.addtime != null" >
        addtime = #{record.addtime,jdbcType=DATE},
      </if>
      <if test="record.elyear != null" >
        elYear = #{record.elyear,jdbcType=INTEGER},
      </if>
      <if test="record.elmonth != null" >
        elMonth = #{record.elmonth,jdbcType=INTEGER},
      </if>
      <if test="record.elweek != null" >
        elWeek = #{record.elweek,jdbcType=INTEGER},
      </if>
      <if test="record.daytotalq != null" >
        dayTotalQ = #{record.daytotalq,jdbcType=DOUBLE},
      </if>
      <if test="record.daytotalfee != null" >
        dayTotalFee = #{record.daytotalfee,jdbcType=DOUBLE},
      </if>
      <if test="record.daycharge != null" >
        dayCharge = #{record.daycharge,jdbcType=DOUBLE},
      </if>
      <if test="record.devtotalq != null" >
        devTotalQ = #{record.devtotalq,jdbcType=DOUBLE},
      </if>
      <if test="record.updatetime != null" >
        updateTime = #{record.updatetime,jdbcType=TIMESTAMP},
      </if>
      <if test="record.isreset != null" >
        isReset = #{record.isreset,jdbcType=INTEGER},
      </if>
      <if test="record.beforetodaytotalq != null" >
        beforeTodayTotalQ = #{record.beforetodaytotalq,jdbcType=DOUBLE},
      </if>
      <if test="record.beforetodaytotalfee != null" >
        beforeTodayTotalFee = #{record.beforetodaytotalfee,jdbcType=DOUBLE},
      </if>
      <if test="record.devrealtotalq != null" >
        devRealTotalQ = #{record.devrealtotalq,jdbcType=INTEGER},
      </if>
    </set>
    <if test="_parameter != null" >
      <include refid="Update_By_Example_Where_Clause" />
    </if>
  </update>
  <update id="updateByExample" parameterType="map" >
    update ushare_device_electricuse
    set idPk = #{record.idpk,jdbcType=INTEGER},
      devIdpk = #{record.devidpk,jdbcType=INTEGER},
      unitId = #{record.unitid,jdbcType=INTEGER},
      h1 = #{record.h1,jdbcType=DOUBLE},
      h2 = #{record.h2,jdbcType=DOUBLE},
      h3 = #{record.h3,jdbcType=DOUBLE},
      h4 = #{record.h4,jdbcType=DOUBLE},
      h5 = #{record.h5,jdbcType=DOUBLE},
      h6 = #{record.h6,jdbcType=DOUBLE},
      h7 = #{record.h7,jdbcType=DOUBLE},
      h8 = #{record.h8,jdbcType=DOUBLE},
      h9 = #{record.h9,jdbcType=DOUBLE},
      h10 = #{record.h10,jdbcType=DOUBLE},
      h11 = #{record.h11,jdbcType=DOUBLE},
      h12 = #{record.h12,jdbcType=DOUBLE},
      h13 = #{record.h13,jdbcType=DOUBLE},
      h14 = #{record.h14,jdbcType=DOUBLE},
      h15 = #{record.h15,jdbcType=DOUBLE},
      h16 = #{record.h16,jdbcType=DOUBLE},
      h17 = #{record.h17,jdbcType=DOUBLE},
      h18 = #{record.h18,jdbcType=DOUBLE},
      h19 = #{record.h19,jdbcType=DOUBLE},
      h20 = #{record.h20,jdbcType=DOUBLE},
      h21 = #{record.h21,jdbcType=DOUBLE},
      h22 = #{record.h22,jdbcType=DOUBLE},
      h23 = #{record.h23,jdbcType=DOUBLE},
      h24 = #{record.h24,jdbcType=DOUBLE},
      addtime = #{record.addtime,jdbcType=DATE},
      elYear = #{record.elyear,jdbcType=INTEGER},
      elMonth = #{record.elmonth,jdbcType=INTEGER},
      elWeek = #{record.elweek,jdbcType=INTEGER},
      dayTotalQ = #{record.daytotalq,jdbcType=DOUBLE},
      dayTotalFee = #{record.daytotalfee,jdbcType=DOUBLE},
      dayCharge = #{record.daycharge,jdbcType=DOUBLE},
      devTotalQ = #{record.devtotalq,jdbcType=DOUBLE},
      updateTime = #{record.updatetime,jdbcType=TIMESTAMP},
      isReset = #{record.isreset,jdbcType=INTEGER},
      beforeTodayTotalQ = #{record.beforetodaytotalq,jdbcType=DOUBLE},
      beforeTodayTotalFee = #{record.beforetodaytotalfee,jdbcType=DOUBLE},
      devRealTotalQ = #{record.devrealtotalq,jdbcType=INTEGER}
    <if test="_parameter != null" >
      <include refid="Update_By_Example_Where_Clause" />
    </if>
  </update>
  <update id="updateByPrimaryKeySelective" parameterType="com.leniao.huanbao.entity.UshareDeviceElectricuse" >
    update ushare_device_electricuse
    <set >
      <if test="devidpk != null" >
        devIdpk = #{devidpk,jdbcType=INTEGER},
      </if>
      <if test="unitid != null" >
        unitId = #{unitid,jdbcType=INTEGER},
      </if>
      <if test="h1 != null" >
        h1 = #{h1,jdbcType=DOUBLE},
      </if>
      <if test="h2 != null" >
        h2 = #{h2,jdbcType=DOUBLE},
      </if>
      <if test="h3 != null" >
        h3 = #{h3,jdbcType=DOUBLE},
      </if>
      <if test="h4 != null" >
        h4 = #{h4,jdbcType=DOUBLE},
      </if>
      <if test="h5 != null" >
        h5 = #{h5,jdbcType=DOUBLE},
      </if>
      <if test="h6 != null" >
        h6 = #{h6,jdbcType=DOUBLE},
      </if>
      <if test="h7 != null" >
        h7 = #{h7,jdbcType=DOUBLE},
      </if>
      <if test="h8 != null" >
        h8 = #{h8,jdbcType=DOUBLE},
      </if>
      <if test="h9 != null" >
        h9 = #{h9,jdbcType=DOUBLE},
      </if>
      <if test="h10 != null" >
        h10 = #{h10,jdbcType=DOUBLE},
      </if>
      <if test="h11 != null" >
        h11 = #{h11,jdbcType=DOUBLE},
      </if>
      <if test="h12 != null" >
        h12 = #{h12,jdbcType=DOUBLE},
      </if>
      <if test="h13 != null" >
        h13 = #{h13,jdbcType=DOUBLE},
      </if>
      <if test="h14 != null" >
        h14 = #{h14,jdbcType=DOUBLE},
      </if>
      <if test="h15 != null" >
        h15 = #{h15,jdbcType=DOUBLE},
      </if>
      <if test="h16 != null" >
        h16 = #{h16,jdbcType=DOUBLE},
      </if>
      <if test="h17 != null" >
        h17 = #{h17,jdbcType=DOUBLE},
      </if>
      <if test="h18 != null" >
        h18 = #{h18,jdbcType=DOUBLE},
      </if>
      <if test="h19 != null" >
        h19 = #{h19,jdbcType=DOUBLE},
      </if>
      <if test="h20 != null" >
        h20 = #{h20,jdbcType=DOUBLE},
      </if>
      <if test="h21 != null" >
        h21 = #{h21,jdbcType=DOUBLE},
      </if>
      <if test="h22 != null" >
        h22 = #{h22,jdbcType=DOUBLE},
      </if>
      <if test="h23 != null" >
        h23 = #{h23,jdbcType=DOUBLE},
      </if>
      <if test="h24 != null" >
        h24 = #{h24,jdbcType=DOUBLE},
      </if>
      <if test="addtime != null" >
        addtime = #{addtime,jdbcType=DATE},
      </if>
      <if test="elyear != null" >
        elYear = #{elyear,jdbcType=INTEGER},
      </if>
      <if test="elmonth != null" >
        elMonth = #{elmonth,jdbcType=INTEGER},
      </if>
      <if test="elweek != null" >
        elWeek = #{elweek,jdbcType=INTEGER},
      </if>
      <if test="daytotalq != null" >
        dayTotalQ = #{daytotalq,jdbcType=DOUBLE},
      </if>
      <if test="daytotalfee != null" >
        dayTotalFee = #{daytotalfee,jdbcType=DOUBLE},
      </if>
      <if test="daycharge != null" >
        dayCharge = #{daycharge,jdbcType=DOUBLE},
      </if>
      <if test="devtotalq != null" >
        devTotalQ = #{devtotalq,jdbcType=DOUBLE},
      </if>
      <if test="updatetime != null" >
        updateTime = #{updatetime,jdbcType=TIMESTAMP},
      </if>
      <if test="isreset != null" >
        isReset = #{isreset,jdbcType=INTEGER},
      </if>
      <if test="beforetodaytotalq != null" >
        beforeTodayTotalQ = #{beforetodaytotalq,jdbcType=DOUBLE},
      </if>
      <if test="beforetodaytotalfee != null" >
        beforeTodayTotalFee = #{beforetodaytotalfee,jdbcType=DOUBLE},
      </if>
      <if test="devrealtotalq != null" >
        devRealTotalQ = #{devrealtotalq,jdbcType=INTEGER},
      </if>
    </set>
    where idPk = #{idpk,jdbcType=INTEGER}
  </update>
  <update id="updateByPrimaryKey" parameterType="com.leniao.huanbao.entity.UshareDeviceElectricuse" >
    update ushare_device_electricuse
    set devIdpk = #{devidpk,jdbcType=INTEGER},
      unitId = #{unitid,jdbcType=INTEGER},
      h1 = #{h1,jdbcType=DOUBLE},
      h2 = #{h2,jdbcType=DOUBLE},
      h3 = #{h3,jdbcType=DOUBLE},
      h4 = #{h4,jdbcType=DOUBLE},
      h5 = #{h5,jdbcType=DOUBLE},
      h6 = #{h6,jdbcType=DOUBLE},
      h7 = #{h7,jdbcType=DOUBLE},
      h8 = #{h8,jdbcType=DOUBLE},
      h9 = #{h9,jdbcType=DOUBLE},
      h10 = #{h10,jdbcType=DOUBLE},
      h11 = #{h11,jdbcType=DOUBLE},
      h12 = #{h12,jdbcType=DOUBLE},
      h13 = #{h13,jdbcType=DOUBLE},
      h14 = #{h14,jdbcType=DOUBLE},
      h15 = #{h15,jdbcType=DOUBLE},
      h16 = #{h16,jdbcType=DOUBLE},
      h17 = #{h17,jdbcType=DOUBLE},
      h18 = #{h18,jdbcType=DOUBLE},
      h19 = #{h19,jdbcType=DOUBLE},
      h20 = #{h20,jdbcType=DOUBLE},
      h21 = #{h21,jdbcType=DOUBLE},
      h22 = #{h22,jdbcType=DOUBLE},
      h23 = #{h23,jdbcType=DOUBLE},
      h24 = #{h24,jdbcType=DOUBLE},
      addtime = #{addtime,jdbcType=DATE},
      elYear = #{elyear,jdbcType=INTEGER},
      elMonth = #{elmonth,jdbcType=INTEGER},
      elWeek = #{elweek,jdbcType=INTEGER},
      dayTotalQ = #{daytotalq,jdbcType=DOUBLE},
      dayTotalFee = #{daytotalfee,jdbcType=DOUBLE},
      dayCharge = #{daycharge,jdbcType=DOUBLE},
      devTotalQ = #{devtotalq,jdbcType=DOUBLE},
      updateTime = #{updatetime,jdbcType=TIMESTAMP},
      isReset = #{isreset,jdbcType=INTEGER},
      beforeTodayTotalQ = #{beforetodaytotalq,jdbcType=DOUBLE},
      beforeTodayTotalFee = #{beforetodaytotalfee,jdbcType=DOUBLE},
      devRealTotalQ = #{devrealtotalq,jdbcType=INTEGER}
    where idPk = #{idpk,jdbcType=INTEGER}
  </update>
</mapper>