<?xml version="1.0" encoding="UTF-8"?>
<!DOCTYPE generatorConfiguration
        PUBLIC "-//mybatis.org//DTD MyBatis Generator Configuration 1.0//EN"
        "http://mybatis.org/dtd/mybatis-generator-config_1_0.dtd">

<generatorConfiguration>
    <!-- classPathEntry:数据库的JDBC驱动 -->
    <classPathEntry location="D:\developApp\apache-maven-3.3.9\repository\mysql\mysql-connector-java\5.1.41\mysql-connector-java-5.1.41.jar"/>
    <context id="DB2Tables" targetRuntime="MyBatis3">
        <!-- 去除自动生成的注释 -->
        <commentGenerator>
            <property name="suppressDate" value="true"/>
            <property name="suppressAllComments" value="true"/>
        </commentGenerator>
        <!--<jdbcConnection driverClass="com.mysql.cj.jdbc.Driver"
                        connectionURL="jdbc:mysql://192.168.1.179:3360/ln-db-release"
                        userId="root"
                        password="1234">
        </jdbcConnection>-->
        <jdbcConnection driverClass="com.mysql.jdbc.Driver"
                        connectionURL="jdbc:mysql://127.0.0.1:3360/ln-db-release"
                        userId="root"
                        password="123456">
        </jdbcConnection>
        <javaTypeResolver>
            <property name="forceBigDecimals" value="false"/>
        </javaTypeResolver>
        <!-- 生成POJO类 -->
        <javaModelGenerator targetPackage="com.leniao.entity" targetProject="src/main/java">
            <property name="enableSubPackages" value="false"/>
            <property name="trimStrings" value="true"/>
        </javaModelGenerator>

        <!-- 生成mapper配置文件 -->
        <sqlMapGenerator targetPackage="mapper" targetProject="src/main/resources">
            <property name="enableSubPackages" value="true"/>
        </sqlMapGenerator>

        <!-- 生成mapper的DAO接口 -->
        <javaClientGenerator type="XMLMAPPER" targetPackage="com.leniao.mapper" targetProject="src/main/java">
            <property name="enableSubPackages" value="true"/>
        </javaClientGenerator>

        <!-- 可以有多个，tableName为表名，domainObjectName为POJO类名 -->
        <!--
            监测点的实体类名称不负荷驼峰命名法,不要修改
        <table tableName="hby_projectstatus" domainObjectName="HbyProjectStatus"/>
        <table tableName="hby_deval_time_status" domainObjectName="HbyDevalTimeStatus"/>
        <table tableName="hby_agency" domainObjectName="HbyAgency"/>
        <table tableName="hby_reduce_emmission_plan" domainObjectName="HbyReduceEmmissionPlan"/>
        <table tableName="hby_deval_time_status" domainObjectName="HbyDevalTimeStatus">
        <table tableName="tblnprojectinfo" domainObjectName="ProjectInfo"/>
        <table tableName="hby_project_day_countinfo" domainObjectName="HbyProjectDayCountinfo"/>
        <table tableName="hby_overlook_dev_join" domainObjectName="HbyOverlookDevJoin"/>


        <table tableName="tblndeviceinfo" domainObjectName="Tblndeviceinfo"/>
        <table tableName="areanew" domainObjectName="Area"/>
        <table tableName="tblnwebsiteinfo" domainObjectName="WebSiteInfo"/>
        <table tableName="hby_project_errorinfo" domainObjectName="HbyProjectErrorInfo"/>

           <table tableName="hby_overlookpoint" domainObjectName="HbyOverLookPoint"/>
        <table tableName="hby_overlook_dev_join" domainObjectName="HbyOverLookDevJoin"/>
        -->

<!--        <table tableName="" domainObjectName=""/>
        <table tableName="hby_project_errorinfo" domainObjectName="HbyProjectErrorInfo"/>-->

        <table tableName="tblngroupaddress" domainObjectName="TblnGroupAddress"/>
        <table tableName="tblngroupinfo" domainObjectName="TblnGroupInfo"/>

    </context>
</generatorConfiguration>