<?xml version="1.0" encoding="UTF-8"?>
<configuration>
    <!-- 文件输出格式 -->
    <property name="ENCODER_PATTERN" value="%-12(%d{yyyy-MM-dd HH:mm:ss.SSS}) |-%-5level [%thread] %c [%L] -| %msg%n"/>

    <!--应用名称-->
    <property name="APP_NAME" value="admin"/>

    <!-- 日志文件路径 -->
    <property name="LOG_HOME" value="${catalina.base}/logs/${APP_NAME}"/>

    <!-- 开发环境 -->
    <springProfile name="DEV">
        <!-- 输出到控制台 -->
        <appender name="CONSOLE" class="ch.qos.logback.core.ConsoleAppender">
            <encoder>
                <pattern>${ENCODER_PATTERN}</pattern>
            </encoder>
        </appender>

        <logger name="com.leniao.admin.mapper" level="trace"/>
        <root level="info">
            <appender-ref ref="CONSOLE"/>
        </root>
    </springProfile>

    <!-- 测试环境 -->
    <springProfile name="UAT">
        <!-- 输出到控制台 -->
        <appender name="CONSOLE" class="ch.qos.logback.core.ConsoleAppender">
            <encoder>
                <pattern>${ENCODER_PATTERN}</pattern>
            </encoder>
        </appender>

        <appender name="INFO" class="ch.qos.logback.core.rolling.RollingFileAppender">
            <file>${LOG_HOME}/info/info.log</file>
            <encoder class="ch.qos.logback.classic.encoder.PatternLayoutEncoder">
                <pattern>${ENCODER_PATTERN}</pattern>
                <charset class="java.nio.charset.Charset">UTF-8</charset>
            </encoder>
            <rollingPolicy class="ch.qos.logback.core.rolling.SizeAndTimeBasedRollingPolicy">
                <!-- rollover daily -->
                <fileNamePattern>${LOG_HOME}/info/info.%d{yyyy-MM-dd}.%i.log</fileNamePattern>
                <!-- each file should be at most XXMB, keep XX days worth of history, but at most XXGB -->
                <maxFileSize>100KB</maxFileSize>
                <maxHistory>30</maxHistory>
                <totalSizeCap>20GB</totalSizeCap>
            </rollingPolicy>
            <filter class="ch.qos.logback.classic.filter.LevelFilter">
                <level>INFO</level>
                <onMatch>ACCEPT</onMatch>
                <onMismatch>DENY</onMismatch>
            </filter>
        </appender>

        <appender name="WARN" class="ch.qos.logback.core.rolling.RollingFileAppender">
            <file>${LOG_HOME}/warn/warn.log</file>
            <encoder class="ch.qos.logback.classic.encoder.PatternLayoutEncoder">
                <pattern>${ENCODER_PATTERN}</pattern>
                <charset class="java.nio.charset.Charset">UTF-8</charset>
            </encoder>
            <rollingPolicy class="ch.qos.logback.core.rolling.SizeAndTimeBasedRollingPolicy">
                <!-- rollover daily -->
                <fileNamePattern>${LOG_HOME}/warn/warn.%d{yyyy-MM-dd}.%i.log</fileNamePattern>
                <!-- each file should be at most XXMB, keep XX days worth of history, but at most XXGB -->
                <maxFileSize>100KB</maxFileSize>
                <maxHistory>30</maxHistory>
                <totalSizeCap>20GB</totalSizeCap>
            </rollingPolicy>
            <filter class="ch.qos.logback.classic.filter.LevelFilter">
                <level>WARN</level>
                <onMatch>ACCEPT</onMatch>
                <onMismatch>DENY</onMismatch>
            </filter>
        </appender>

        <appender name="ERROR" class="ch.qos.logback.core.rolling.RollingFileAppender">
            <file>${LOG_HOME}/error/error.log</file>
            <encoder class="ch.qos.logback.classic.encoder.PatternLayoutEncoder">
                <pattern>${ENCODER_PATTERN}</pattern>
                <charset class="java.nio.charset.Charset">UTF-8</charset>
            </encoder>
            <rollingPolicy class="ch.qos.logback.core.rolling.SizeAndTimeBasedRollingPolicy">
                <!-- rollover daily -->
                <fileNamePattern>${LOG_HOME}/error/error.%d{yyyy-MM-dd}.%i.log</fileNamePattern>
                <!-- each file should be at most XXMB, keep XX days worth of history, but at most XXGB -->
                <maxFileSize>100KB</maxFileSize>
                <maxHistory>30</maxHistory>
                <totalSizeCap>20GB</totalSizeCap>
            </rollingPolicy>
            <filter class="ch.qos.logback.classic.filter.LevelFilter">
                <level>ERROR</level>
                <onMatch>ACCEPT</onMatch>
                <onMismatch>DENY</onMismatch>
            </filter>
        </appender>

        <!-- 异步输出 -->
        <appender name="UAT_INFO" class="ch.qos.logback.classic.AsyncAppender">
            <!-- 不丢失日志.默认的,如果队列的80%已满,则会丢弃TRACT、DEBUG、INFO级别的日志 -->
            <discardingThreshold>0</discardingThreshold>
            <!-- 更改默认的队列的深度,该值会影响性能.默认值为256 -->
            <queueSize>1024</queueSize>
            <!-- 添加附加的appender,最多只能添加一个 -->
            <appender-ref ref="INFO"/>
        </appender>
        <appender name="UAT_WARN" class="ch.qos.logback.classic.AsyncAppender">
            <!-- 不丢失日志.默认的,如果队列的80%已满,则会丢弃TRACT、DEBUG、INFO级别的日志 -->
            <discardingThreshold>0</discardingThreshold>
            <!-- 更改默认的队列的深度,该值会影响性能.默认值为256 -->
            <queueSize>1024</queueSize>
            <!-- 添加附加的appender,最多只能添加一个 -->
            <appender-ref ref="WARN"/>
        </appender>
        <appender name="UAT_ERROR" class="ch.qos.logback.classic.AsyncAppender">
            <!-- 不丢失日志.默认的,如果队列的80%已满,则会丢弃TRACT、DEBUG、INFO级别的日志 -->
            <discardingThreshold>0</discardingThreshold>
            <!-- 更改默认的队列的深度,该值会影响性能.默认值为256 -->
            <queueSize>1024</queueSize>
            <!-- 添加附加的appender,最多只能添加一个 -->
            <appender-ref ref="ERROR"/>
        </appender>

        <logger name="com.leniao.admin.mapper" level="debug"/>
        <root level="info">
            <appender-ref ref="CONSOLE"/>
            <appender-ref ref="UAT_INFO"/>
            <appender-ref ref="UAT_WARN"/>
            <appender-ref ref="UAT_ERROR"/>
        </root>
    </springProfile>

    <!-- 爱德生产环境 -->
    <springProfile name="EIT">
        <!-- 输出到控制台 -->
        <appender name="CONSOLE" class="ch.qos.logback.core.ConsoleAppender">
            <encoder>
                <pattern>${ENCODER_PATTERN}</pattern>
            </encoder>
        </appender>

        <appender name="INFO" class="ch.qos.logback.core.rolling.RollingFileAppender">
            <file>${LOG_HOME}/info/info.log</file>
            <encoder class="ch.qos.logback.classic.encoder.PatternLayoutEncoder">
                <pattern>${ENCODER_PATTERN}</pattern>
                <charset class="java.nio.charset.Charset">UTF-8</charset>
            </encoder>
            <rollingPolicy class="ch.qos.logback.core.rolling.SizeAndTimeBasedRollingPolicy">
                <!-- rollover daily -->
                <fileNamePattern>${LOG_HOME}/info/info.%d{yyyy-MM-dd}.%i.log</fileNamePattern>
                <!-- each file should be at most XXMB, keep XX days worth of history, but at most XXGB -->
                <maxFileSize>100KB</maxFileSize>
                <maxHistory>30</maxHistory>
                <totalSizeCap>20GB</totalSizeCap>
            </rollingPolicy>
            <filter class="ch.qos.logback.classic.filter.LevelFilter">
                <level>INFO</level>
                <onMatch>ACCEPT</onMatch>
                <onMismatch>DENY</onMismatch>
            </filter>
        </appender>

        <appender name="WARN" class="ch.qos.logback.core.rolling.RollingFileAppender">
            <file>${LOG_HOME}/warn/warn.log</file>
            <encoder class="ch.qos.logback.classic.encoder.PatternLayoutEncoder">
                <pattern>${ENCODER_PATTERN}</pattern>
                <charset class="java.nio.charset.Charset">UTF-8</charset>
            </encoder>
            <rollingPolicy class="ch.qos.logback.core.rolling.SizeAndTimeBasedRollingPolicy">
                <!-- rollover daily -->
                <fileNamePattern>${LOG_HOME}/warn/warn.%d{yyyy-MM-dd}.%i.log</fileNamePattern>
                <!-- each file should be at most XXMB, keep XX days worth of history, but at most XXGB -->
                <maxFileSize>100KB</maxFileSize>
                <maxHistory>30</maxHistory>
                <totalSizeCap>20GB</totalSizeCap>
            </rollingPolicy>
            <filter class="ch.qos.logback.classic.filter.LevelFilter">
                <level>WARN</level>
                <onMatch>ACCEPT</onMatch>
                <onMismatch>DENY</onMismatch>
            </filter>
        </appender>

        <appender name="ERROR" class="ch.qos.logback.core.rolling.RollingFileAppender">
            <file>${LOG_HOME}/error/error.log</file>
            <encoder class="ch.qos.logback.classic.encoder.PatternLayoutEncoder">
                <pattern>${ENCODER_PATTERN}</pattern>
                <charset class="java.nio.charset.Charset">UTF-8</charset>
            </encoder>
            <rollingPolicy class="ch.qos.logback.core.rolling.SizeAndTimeBasedRollingPolicy">
                <!-- rollover daily -->
                <fileNamePattern>${LOG_HOME}/error/error.%d{yyyy-MM-dd}.%i.log</fileNamePattern>
                <!-- each file should be at most XXMB, keep XX days worth of history, but at most XXGB -->
                <maxFileSize>100KB</maxFileSize>
                <maxHistory>30</maxHistory>
                <totalSizeCap>20GB</totalSizeCap>
            </rollingPolicy>
            <filter class="ch.qos.logback.classic.filter.LevelFilter">
                <level>ERROR</level>
                <onMatch>ACCEPT</onMatch>
                <onMismatch>DENY</onMismatch>
            </filter>
        </appender>

        <!-- 异步输出 -->
        <appender name="UAT_INFO" class="ch.qos.logback.classic.AsyncAppender">
            <!-- 不丢失日志.默认的,如果队列的80%已满,则会丢弃TRACT、DEBUG、INFO级别的日志 -->
            <discardingThreshold>0</discardingThreshold>
            <!-- 更改默认的队列的深度,该值会影响性能.默认值为256 -->
            <queueSize>1024</queueSize>
            <!-- 添加附加的appender,最多只能添加一个 -->
            <appender-ref ref="INFO"/>
        </appender>
        <appender name="UAT_WARN" class="ch.qos.logback.classic.AsyncAppender">
            <!-- 不丢失日志.默认的,如果队列的80%已满,则会丢弃TRACT、DEBUG、INFO级别的日志 -->
            <discardingThreshold>0</discardingThreshold>
            <!-- 更改默认的队列的深度,该值会影响性能.默认值为256 -->
            <queueSize>1024</queueSize>
            <!-- 添加附加的appender,最多只能添加一个 -->
            <appender-ref ref="WARN"/>
        </appender>
        <appender name="UAT_ERROR" class="ch.qos.logback.classic.AsyncAppender">
            <!-- 不丢失日志.默认的,如果队列的80%已满,则会丢弃TRACT、DEBUG、INFO级别的日志 -->
            <discardingThreshold>0</discardingThreshold>
            <!-- 更改默认的队列的深度,该值会影响性能.默认值为256 -->
            <queueSize>1024</queueSize>
            <!-- 添加附加的appender,最多只能添加一个 -->
            <appender-ref ref="ERROR"/>
        </appender>

        <logger name="com.leniao.admin.mapper" level="debug"/>
        <root level="error">
            <appender-ref ref="CONSOLE"/>
            <appender-ref ref="UAT_INFO"/>
            <appender-ref ref="UAT_WARN"/>
            <appender-ref ref="UAT_ERROR"/>
        </root>
    </springProfile>

    <!-- 乐鸟生产环境 -->
    <springProfile name="PRO">
        <!-- 输出到控制台 -->
        <appender name="CONSOLE" class="ch.qos.logback.core.ConsoleAppender">
            <encoder>
                <pattern>${ENCODER_PATTERN}</pattern>
            </encoder>
        </appender>

        <appender name="INFO" class="ch.qos.logback.core.rolling.RollingFileAppender">
            <file>${LOG_HOME}/info/info.log</file>
            <encoder class="ch.qos.logback.classic.encoder.PatternLayoutEncoder">
                <pattern>${ENCODER_PATTERN}</pattern>
                <charset class="java.nio.charset.Charset">UTF-8</charset>
            </encoder>
            <rollingPolicy class="ch.qos.logback.core.rolling.SizeAndTimeBasedRollingPolicy">
                <!-- rollover daily -->
                <fileNamePattern>${LOG_HOME}/info/info.%d{yyyy-MM-dd}.%i.log</fileNamePattern>
                <!-- each file should be at most XXMB, keep XX days worth of history, but at most XXGB -->
                <maxFileSize>100KB</maxFileSize>
                <maxHistory>30</maxHistory>
                <totalSizeCap>20GB</totalSizeCap>
            </rollingPolicy>
            <filter class="ch.qos.logback.classic.filter.LevelFilter">
                <level>INFO</level>
                <onMatch>ACCEPT</onMatch>
                <onMismatch>DENY</onMismatch>
            </filter>
        </appender>

        <appender name="WARN" class="ch.qos.logback.core.rolling.RollingFileAppender">
            <file>${LOG_HOME}/warn/warn.log</file>
            <encoder class="ch.qos.logback.classic.encoder.PatternLayoutEncoder">
                <pattern>${ENCODER_PATTERN}</pattern>
                <charset class="java.nio.charset.Charset">UTF-8</charset>
            </encoder>
            <rollingPolicy class="ch.qos.logback.core.rolling.SizeAndTimeBasedRollingPolicy">
                <!-- rollover daily -->
                <fileNamePattern>${LOG_HOME}/warn/warn.%d{yyyy-MM-dd}.%i.log</fileNamePattern>
                <!-- each file should be at most XXMB, keep XX days worth of history, but at most XXGB -->
                <maxFileSize>100KB</maxFileSize>
                <maxHistory>30</maxHistory>
                <totalSizeCap>20GB</totalSizeCap>
            </rollingPolicy>
            <filter class="ch.qos.logback.classic.filter.LevelFilter">
                <level>WARN</level>
                <onMatch>ACCEPT</onMatch>
                <onMismatch>DENY</onMismatch>
            </filter>
        </appender>

        <appender name="ERROR" class="ch.qos.logback.core.rolling.RollingFileAppender">
            <file>${LOG_HOME}/error/error.log</file>
            <encoder class="ch.qos.logback.classic.encoder.PatternLayoutEncoder">
                <pattern>${ENCODER_PATTERN}</pattern>
                <charset class="java.nio.charset.Charset">UTF-8</charset>
            </encoder>
            <rollingPolicy class="ch.qos.logback.core.rolling.SizeAndTimeBasedRollingPolicy">
                <!-- rollover daily -->
                <fileNamePattern>${LOG_HOME}/error/error.%d{yyyy-MM-dd}.%i.log</fileNamePattern>
                <!-- each file should be at most XXMB, keep XX days worth of history, but at most XXGB -->
                <maxFileSize>100KB</maxFileSize>
                <maxHistory>30</maxHistory>
                <totalSizeCap>20GB</totalSizeCap>
            </rollingPolicy>
            <filter class="ch.qos.logback.classic.filter.LevelFilter">
                <level>ERROR</level>
                <onMatch>ACCEPT</onMatch>
                <onMismatch>DENY</onMismatch>
            </filter>
        </appender>

        <!-- 异步输出 -->
        <appender name="UAT_INFO" class="ch.qos.logback.classic.AsyncAppender">
            <!-- 不丢失日志.默认的,如果队列的80%已满,则会丢弃TRACT、DEBUG、INFO级别的日志 -->
            <discardingThreshold>0</discardingThreshold>
            <!-- 更改默认的队列的深度,该值会影响性能.默认值为256 -->
            <queueSize>1024</queueSize>
            <!-- 添加附加的appender,最多只能添加一个 -->
            <appender-ref ref="INFO"/>
        </appender>
        <appender name="UAT_WARN" class="ch.qos.logback.classic.AsyncAppender">
            <!-- 不丢失日志.默认的,如果队列的80%已满,则会丢弃TRACT、DEBUG、INFO级别的日志 -->
            <discardingThreshold>0</discardingThreshold>
            <!-- 更改默认的队列的深度,该值会影响性能.默认值为256 -->
            <queueSize>1024</queueSize>
            <!-- 添加附加的appender,最多只能添加一个 -->
            <appender-ref ref="WARN"/>
        </appender>
        <appender name="UAT_ERROR" class="ch.qos.logback.classic.AsyncAppender">
            <!-- 不丢失日志.默认的,如果队列的80%已满,则会丢弃TRACT、DEBUG、INFO级别的日志 -->
            <discardingThreshold>0</discardingThreshold>
            <!-- 更改默认的队列的深度,该值会影响性能.默认值为256 -->
            <queueSize>1024</queueSize>
            <!-- 添加附加的appender,最多只能添加一个 -->
            <appender-ref ref="ERROR"/>
        </appender>

        <logger name="com.leniao.admin.mapper" level="debug"/>
        <root level="error">
            <appender-ref ref="CONSOLE"/>
            <appender-ref ref="UAT_INFO"/>
            <appender-ref ref="UAT_WARN"/>
            <appender-ref ref="UAT_ERROR"/>
        </root>
    </springProfile>
</configuration>