<?xml version="1.0" encoding="UTF-8"?>
<!DOCTYPE mapper PUBLIC "-//mybatis.org//DTD Mapper 3.0//EN" "http://mybatis.org/dtd/mybatis-3-mapper.dtd">
<mapper namespace="com.leniao.mapper.AgencyUserMapper">

    <select id="selectByPage" parameterType="com.leniao.model.dto.BaseAgencyUserDTO$AgencyUserPage" resultType="com.leniao.model.dto.BaseAgencyUserDTO$AgencyUserList">
        SELECT t2.user_id,t5.`code` as position,t1.agcy_name,t3.USERNAME userName,t3.USERTEL userPhone,t3.ADDTIME addTime, CONCAT(t4.PROVINCE,'-',t4.CITYNAME,'-', t4.AREA)agencyArea FROM hby_agency t1
        JOIN hby_agency_join_user t2 ON t1.id = t2.agency_id
        JOIN tblngroupinfo t3 ON t2.user_id = t3.UserID and t3.userType = 3
        JOIN areanew t4 ON t1.province_code = t4.PROVINCEID and t1.city_code = t4.CITYID and t1.area_code = t4.AREAID
        JOIN tblnuserinfo t5 on t2.user_id = t5.userId
        where t1.platform_id = #{platformId}
        and t3.platformId = #{platformId} and t3.ISDEL = 0
        <if test="provinceCode != null and provinceCode !=''">
            and t1.province_code = #{provinceCode}
        </if>
        <if test="cityCode != null and cityCode !=''">
            and t1.city_code = #{cityCode}
        </if>
        <if test="areaCode  != null and areaCode !=''">
            and t1.area_code = #{areaCode}
        </if>
        <if test="agencyName != null and agencyName !=''">
            and t1.agcy_name like CONCAT('%',#{agencyName},'%')
        </if>
    </select>

    <select id="selectItemDesc" resultType="com.leniao.model.dto.BaseAgencyUserDTO$AgencyUserView">
        SELECT t1.id as agency_id, t1.agcy_name, t1.agcy_address, t1.province_code, t1.city_code, t1.area_code,
        t4.PROVINCE province_name,t4.CITYNAME city_name,t4.AREA area_name,
        t2.user_id,t5.`code` as position,t3.USERNAME userName,t3.USERTEL userPhone,t3.ADDTIME addTime, CONCAT(t4.PROVINCE,'-',t4.CITYNAME,'-', t4.AREA)agencyArea
        FROM hby_agency t1
        JOIN hby_agency_join_user t2 ON t1.id = t2.agency_id
        JOIN tblngroupinfo t3 ON t2.user_id = t3.UserID and t3.userType = 3
        JOIN areanew t4 ON t1.province_code = t4.PROVINCEID and t1.city_code = t4.CITYID and t1.area_code = t4.AREAID
        JOIN tblnuserinfo t5 on t2.user_id = t5.userId
        where t1.platform_id = #{platformId}
        and t3.platformId = #{platformId} and t3.ISDEL = 0
        and t2.user_id = #{userId}
    </select>
</mapper>