<?xml version="1.0" encoding="UTF-8"?>
<!DOCTYPE mapper PUBLIC "-//mybatis.org//DTD Mapper 3.0//EN" "http://mybatis.org/dtd/mybatis-3-mapper.dtd">
<mapper namespace="com.leniao.mapper.AgencyMapper">
    <sql id="Base_Column_List">
        id, agcy_name, agcy_address, tele_phone, create_time, province_code, city_code, area_code, platform_id
    </sql>

    <select id="selectByBody" parameterType="com.leniao.model.dto.BaseAgencyDTO$AgencyReq"
            resultType="com.leniao.model.dto.BaseAgencyDTO$AgencyList">
        select
        t1.id, t1.agcy_name, t1.agcy_address, t1.tele_phone, t1.create_time, t1.province_code, t1.city_code, t1.area_code, t1.platform_id,
        t2.PROVINCE as provinceName,t2.CITYNAME as cityName,t2.AREA as countyName
        from hby_agency t1
        left join areanew t2 on t1.province_code = t2.PROVINCEID and t1.city_code = t2.CITYID and t1.area_code = t2.AREAID
        where t1.deleted = 0
        <if test="platformId != null and platformId >=0">
            and t1.platform_id=#{platformId}
        </if>
        <if test="provinceCode != null and provinceCode != ''">
            and t1.province_code=#{provinceCode}
        </if>
        <if test="cityCode != null and cityCode != ''">
            and t1.city_code=#{cityCode}
        </if>
        <if test="areaCode != null and areaCode != ''">
            and t1.area_code=#{areaCode}
        </if>
        <if test="agcyName != null and agcyName != ''">
            and t1.agcy_name like CONCAT('%',#{agcyName},'%')
        </if>
        <if test="telePhone != null and telePhone != ''">
            and t1.tele_phone=#{telePhone}
        </if>
        order by t1.create_time desc
    </select>
</mapper>