<?xml version="1.0" encoding="UTF-8"?>
<!DOCTYPE mapper PUBLIC "-//mybatis.org//DTD Mapper 3.0//EN" "http://mybatis.org/dtd/mybatis-3-mapper.dtd">
<mapper namespace="com.leniao.mapper.AreaMapper">
  <resultMap id="BaseResultMap" type="com.leniao.entity.Area">
    <result column="AREAID" jdbcType="VARCHAR" property="areaid" />
    <result column="AREA" jdbcType="VARCHAR" property="area" />
    <result column="CITYID" jdbcType="VARCHAR" property="cityid" />
    <result column="CITYNAME" jdbcType="VARCHAR" property="cityname" />
    <result column="PROVINCEID" jdbcType="VARCHAR" property="provinceid" />
    <result column="PROVINCE" jdbcType="VARCHAR" property="province" />
  </resultMap>
  <sql id="Example_Where_Clause">
    <where>
      <foreach collection="oredCriteria" item="criteria" separator="or">
        <if test="criteria.valid">
          <trim prefix="(" prefixOverrides="and" suffix=")">
            <foreach collection="criteria.criteria" item="criterion">
              <choose>
                <when test="criterion.noValue">
                  and ${criterion.condition}
                </when>
                <when test="criterion.singleValue">
                  and ${criterion.condition} #{criterion.value}
                </when>
                <when test="criterion.betweenValue">
                  and ${criterion.condition} #{criterion.value} and #{criterion.secondValue}
                </when>
                <when test="criterion.listValue">
                  and ${criterion.condition}
                  <foreach close=")" collection="criterion.value" item="listItem" open="(" separator=",">
                    #{listItem}
                  </foreach>
                </when>
              </choose>
            </foreach>
          </trim>
        </if>
      </foreach>
    </where>
  </sql>
  <sql id="Update_By_Example_Where_Clause">
    <where>
      <foreach collection="example.oredCriteria" item="criteria" separator="or">
        <if test="criteria.valid">
          <trim prefix="(" prefixOverrides="and" suffix=")">
            <foreach collection="criteria.criteria" item="criterion">
              <choose>
                <when test="criterion.noValue">
                  and ${criterion.condition}
                </when>
                <when test="criterion.singleValue">
                  and ${criterion.condition} #{criterion.value}
                </when>
                <when test="criterion.betweenValue">
                  and ${criterion.condition} #{criterion.value} and #{criterion.secondValue}
                </when>
                <when test="criterion.listValue">
                  and ${criterion.condition}
                  <foreach close=")" collection="criterion.value" item="listItem" open="(" separator=",">
                    #{listItem}
                  </foreach>
                </when>
              </choose>
            </foreach>
          </trim>
        </if>
      </foreach>
    </where>
  </sql>
  <sql id="Base_Column_List">
    AREAID, AREA, CITYID, CITYNAME, PROVINCEID, PROVINCE
  </sql>
  <select id="selectByExample" parameterType="com.leniao.entity.AreaExample" resultMap="BaseResultMap">
    select
    <if test="distinct">
      distinct
    </if>
    <include refid="Base_Column_List" />
    from areanew
    <if test="_parameter != null">
      <include refid="Example_Where_Clause" />
    </if>
    <if test="orderByClause != null">
      order by ${orderByClause}
    </if>
  </select>
  <delete id="deleteByExample" parameterType="com.leniao.entity.AreaExample">
    delete from areanew
    <if test="_parameter != null">
      <include refid="Example_Where_Clause" />
    </if>
  </delete>
  <insert id="insert" parameterType="com.leniao.entity.Area">
    insert into areanew (AREAID, AREA, CITYID, 
      CITYNAME, PROVINCEID, PROVINCE
      )
    values (#{areaid,jdbcType=VARCHAR}, #{area,jdbcType=VARCHAR}, #{cityid,jdbcType=VARCHAR}, 
      #{cityname,jdbcType=VARCHAR}, #{provinceid,jdbcType=VARCHAR}, #{province,jdbcType=VARCHAR}
      )
  </insert>
  <insert id="insertSelective" parameterType="com.leniao.entity.Area">
    insert into areanew
    <trim prefix="(" suffix=")" suffixOverrides=",">
      <if test="areaid != null">
        AREAID,
      </if>
      <if test="area != null">
        AREA,
      </if>
      <if test="cityid != null">
        CITYID,
      </if>
      <if test="cityname != null">
        CITYNAME,
      </if>
      <if test="provinceid != null">
        PROVINCEID,
      </if>
      <if test="province != null">
        PROVINCE,
      </if>
    </trim>
    <trim prefix="values (" suffix=")" suffixOverrides=",">
      <if test="areaid != null">
        #{areaid,jdbcType=VARCHAR},
      </if>
      <if test="area != null">
        #{area,jdbcType=VARCHAR},
      </if>
      <if test="cityid != null">
        #{cityid,jdbcType=VARCHAR},
      </if>
      <if test="cityname != null">
        #{cityname,jdbcType=VARCHAR},
      </if>
      <if test="provinceid != null">
        #{provinceid,jdbcType=VARCHAR},
      </if>
      <if test="province != null">
        #{province,jdbcType=VARCHAR},
      </if>
    </trim>
  </insert>
  <select id="countByExample" parameterType="com.leniao.entity.AreaExample" resultType="java.lang.Long">
    select count(*) from areanew
    <if test="_parameter != null">
      <include refid="Example_Where_Clause" />
    </if>
  </select>
  <update id="updateByExampleSelective" parameterType="map">
    update areanew
    <set>
      <if test="record.areaid != null">
        AREAID = #{record.areaid,jdbcType=VARCHAR},
      </if>
      <if test="record.area != null">
        AREA = #{record.area,jdbcType=VARCHAR},
      </if>
      <if test="record.cityid != null">
        CITYID = #{record.cityid,jdbcType=VARCHAR},
      </if>
      <if test="record.cityname != null">
        CITYNAME = #{record.cityname,jdbcType=VARCHAR},
      </if>
      <if test="record.provinceid != null">
        PROVINCEID = #{record.provinceid,jdbcType=VARCHAR},
      </if>
      <if test="record.province != null">
        PROVINCE = #{record.province,jdbcType=VARCHAR},
      </if>
    </set>
    <if test="_parameter != null">
      <include refid="Update_By_Example_Where_Clause" />
    </if>
  </update>
  <update id="updateByExample" parameterType="map">
    update areanew
    set AREAID = #{record.areaid,jdbcType=VARCHAR},
      AREA = #{record.area,jdbcType=VARCHAR},
      CITYID = #{record.cityid,jdbcType=VARCHAR},
      CITYNAME = #{record.cityname,jdbcType=VARCHAR},
      PROVINCEID = #{record.provinceid,jdbcType=VARCHAR},
      PROVINCE = #{record.province,jdbcType=VARCHAR}
    <if test="_parameter != null">
      <include refid="Update_By_Example_Where_Clause" />
    </if>
  </update>
</mapper>