<?xml version="1.0" encoding="UTF-8" ?>
<!DOCTYPE mapper PUBLIC "-//mybatis.org//DTD Mapper 3.0//EN" "http://mybatis.org/dtd/mybatis-3-mapper.dtd" >
<mapper namespace="com.leniao.mapper.AreaCustomMapper">
    <resultMap id="BaseResultMap" type="com.leniao.model.dto.AreaDTO">
        <result column="id" property="id" jdbcType="VARCHAR" />
        <result column="name" property="name" jdbcType="VARCHAR" />
    </resultMap>

    <!--省-->
    <select id="selectProvinceList" parameterType="string" resultMap="BaseResultMap">
        select PROVINCEID as id, PROVINCE as name from areanew where AREAID = #{areaId} group by PROVINCEID,PROVINCE;
    </select>

    <!--市-->
    <select id="selectCityList" parameterType="string" resultMap="BaseResultMap">
        select CITYID as id, CITYNAME as name from areanew where PROVINCEID = #{provinceId} group by CITYID,CITYNAME;
    </select>

    <!--县-->
    <select id="selectCountyList" parameterType="string" resultMap="BaseResultMap">
        select AREAID as id, AREA as name from areanew where CITYID = #{cityId} group by AREAID,AREA;
    </select>
</mapper>