<?xml version="1.0" encoding="UTF-8"?>
<!DOCTYPE mapper PUBLIC "-//mybatis.org//DTD Mapper 3.0//EN" "http://mybatis.org/dtd/mybatis-3-mapper.dtd">
<mapper namespace="com.leniao.mapper.BussinessExMapper">

    <!--单位异常查询-->
    <select id="selectErrorSearchList" parameterType="com.leniao.model.dto.BaseBusinessExDTO$BusinessExSearchReq"
            resultType="com.leniao.model.dto.BaseBusinessExDTO$BusinessExSearchList">
        select distinct
        t3.projName as companyName, t2.agcy_name,t1.type,t1.error_desc,t1.update_time as error_time,t1.deal_status,t1.id
        from hby_project_errorinfo t1
        -- 机构表
        left join hby_agency t2 on t1.province_code = t2.province_code and t1.city_code = t2.city_code and t1.area_code = t2.area_code
        -- 单位表
        left join tblnprojectinfo t3 on t1.unit_id = t3.projId
        -- 设备表
        left join tblndeviceinfo t4 on t1.dev_idpk = t4.devIdpk
        -- 分组表
        left join tblngroup t5 on t4.devgroupId = t5.groupId
        -- 监测点表
        LEFT JOIN hby_overlook_dev_join t6 ON t6.dev_idpk = t1.dev_idpk
        JOIN hby_overlookpoint t7 ON t6.look_id = t7.id
        where t1.platform_id = #{platformId} and t7.deleted = 0
        <if test="provinceCode !=  null and provinceCode != '' and provinceCode != '000000'">
            and t1.province_code=#{provinceCode}
        </if>
        <if test="cityCode !=  null and cityCode != '' and cityCode != '000000'">
            and t1.city_code=#{cityCode}
        </if>
        <if test="areaCode !=  null and areaCode != '' and areaCode != '000000'">
            and t1.area_code=#{areaCode}
        </if>
        <if test="dealStatus != null and dealStatus >= 0">
            and t1.deal_status = #{dealStatus}
        </if>
        <if test="dealStatus != null and dealStatus == -1">
            and t1.deal_status in  (2,5)
        </if>
        <if test="type != null and type >= 0">
            and t1.type=#{type}
        </if>
        <if test="devSignature != null and devSignature != ''">
            and t4.devSignature=#{devSignature}
        </if>
        <if test="unitId != null">
            and t1.unit_id = #{unitId}
        </if>
        <if test="groupId != null">
            and t5.groupId = #{groupId}
        </if>
        <if test="overLookId != null">
            and t6.look_id =#{overLookId}
        </if>
        <if test="devLocation != null and devLocation != ''">
            and t4.installLocation like CONCAT('%',#{devLocation},'%')
        </if>
        <if test="devIds != null and devIds.size > 0">
            and t1.dev_idpk in
            <foreach item="item" index="index" collection="devIds" open="(" separator="," close=")">
                #{item}
            </foreach>
        </if>
        <if test="unitIds != null and unitIds.size > 0">
            and t1.unit_id in
            <foreach item="item" index="index" collection="unitIds" open="(" separator="," close=")">
                #{item}
            </foreach>
        </if>
        <if test="unitIds == null or unitIds.size == 0">
            and 1 > 2
        </if>
        <if test="startTime != null and startTime != '' and endTime != null and endTime != ''">
            and date_format(t1.error_time,'%Y-%m-%d') between date_format(#{startTime},'%Y-%m-%d') and
            date_format(#{endTime},'%Y-%m-%d')
        </if>
        order by  t1.update_time desc
    </select>

    <select id="selectByOverLookName" parameterType="com.leniao.model.dto.BaseBusinessExDTO$BusinessExSearchReq"
            resultType="integer">
        select t2.dev_idpk from hby_overlookpoint t1
        left join hby_overlook_dev_join t2 on t1.id = t2.look_id where t1.over_look_name like CONCAT('%',#{overLookName},'%')
    </select>

    <!--异常列表（根据机构名称，柱状图）-->
    <select id="selectErrorStatisticsAgencyList" parameterType="com.leniao.model.vo.Page" resultType="com.leniao.model.dto.BaseBusinessExDTO$BusinessExStatisticsAgencyList">
        select t2.agcy_name,count(t1.type) as total
        from hby_project_errorinfo t1
        -- 机构表
        join hby_agency t2 on t1.province_code = t2.province_code and t1.city_code = t2.city_code and t1.area_code= t2.area_code
        <where>
            t1.platform_id = #{platformId}
            <choose>
                <when test="projIds != null and projIds.size > 0">
                    and t1.unit_id in
                    <foreach collection="projIds" item="projId" index="index" open="(" separator="," close=")">
                        #{projId}
                    </foreach>
                </when>
                <otherwise>
                    and 1 > 2
                </otherwise>
            </choose>
        </where>
        group by t2.agcy_name
    </select>

    <!--异常列表（根据行业名称，饼状图）-->
    <select id="selectErrorStatisticsIndustryList" parameterType="com.leniao.model.vo.Page" resultType="com.leniao.model.dto.BaseBusinessExDTO$BusinessExStatisticsIndustryList">
        select t2.industry_name,COUNT(t1.type) as total
        from hby_project_errorinfo t1
        -- 行业表
        left join hby_industry t2 on t1.industry_id = t2.id
        where t1.platform_id = #{platformId}
        <choose>
            <when test="projIds != null and projIds.size > 0">
                and t1.unit_id in
                <foreach collection="projIds" item="projId" index="index" open="(" separator="," close=")">
                    #{projId}
                </foreach>
            </when>
            <otherwise>
                and 1 > 2
            </otherwise>
        </choose>
        group by t1.industry_id
    </select>

    <!--异常首页滚动列表（普通用户）-->
    <select id="selectErrorHomeRollingListByNormalUser" resultType="com.leniao.model.dto.BaseBusinessExDTO$BusinessExHomeRollingList">
        -- 异常表
        select t3.projName as companyName,t1.type,t1.error_desc,t1.error_time,t1.deal_status from hby_project_errorinfo t1
        -- 单位表
        left join tblnprojectinfo t3 on t1.unit_id = t3.projId
        <where>
            <if test="projIds != null and projIds.size > 0">
                t1.unit_id in
                <foreach collection="projIds" index="index" item="projId" open="(" separator="," close=")">
                    #{projId}
                </foreach>
            </if>
            <if test="projIds == null or projIds.size == 0">
                1 > 2
            </if>
        </where>
        order by t1.update_time desc limit 0,10;
    </select>

    <!--异常首页滚动列表（环保云用户）-->
    <select id="selectErrorHomeRollingListBySpecifyUser" parameterType="com.leniao.model.dto.BaseBusinessExDTO$BusinessExRollingReq"
            resultType="com.leniao.model.dto.BaseBusinessExDTO$BusinessExHomeRollingList">
        -- 异常表
        select
        t2.projName as companyName,t1.type,t1.error_desc,t1.error_time,t1.deal_status
        from hby_project_errorinfo t1
        -- 单位表
        left join tblnprojectinfo t2 on t1.unit_id = t2.projId
        <where>
            <choose>
                <when test="projIds != null and projIds.size >0">
                    <if test="provinceCode != null and provinceCode != '' and provinceCode != '000000'">
                        t1.province_code = #{provinceCode}
                    </if>
                    <if test="cityCode != null and cityCode != '' and cityCode !='000000'">
                        and t1.city_code = #{cityCode}
                    </if>
                    <if test="areaCode != null and areaCode != '' and areaCode !='000000'">
                        and t1.area_code = #{areaCode}
                    </if>
                    and t1.unit_id  in
                    <foreach collection="projIds" index="index" item="projId" open="(" separator="," close=")">
                        #{projId}
                    </foreach>
                </when>
                <otherwise>
                    1 > 2
                </otherwise>
            </choose>
            order by t1.update_time desc limit 0,10;
        </where>
    </select>

    <!--单位异常查询详情-->
    <select id="selectErrorSearchDetail" resultType="com.leniao.model.dto.BaseBusinessExDTO$BusinessExSearchDetail">
        -- 异常表
        select t1.id,t1.type,t2.projName as companyName,t4.groupName,t3.installLocation as devLocation,
        group_concat(distinct t6.over_look_name) as overLookName,t3.devSignature,t1.error_time,
        t1.error_desc,t1.check_user_name,t1.check_time,t1.check_result,t1.verify_user_name,t1.verify_time,t1.verify_result,
        t1.remark,t1.check_desc,t1.fj_url,t1.fj_desc,t1.deal_status
        from hby_project_errorinfo t1
        -- 单位表
        left join tblnprojectinfo t2 on t1.unit_id = t2.projId
        -- 设备表
        left join tblndeviceinfo t3 on t1.dev_idpk = t3.devIdpk
        -- 分组表
        left join tblngroup t4 on t3.devgroupId = t4.groupId
        -- 监测点与设备关联表
        left join hby_overlook_dev_join t5 on t1.dev_idpk = t5.dev_idpk
        -- 监测点表
        left join hby_overlookpoint t6 on t5.look_id = t6.id
        where t1.id = #{id};
    </select>

    <!--单位异常处理详情-->
    <select id="selectErrorHandlerDetail" resultType="com.leniao.model.dto.BaseBusinessExDTO$BusinessExHandlerDetail">
        -- 异常表
        select t1.type,t2.projName as companyName,t4.groupName,t3.installLocation as devLocation,t1.remark,
        group_concat(distinct t6.over_look_name) as overLookName,t3.devSignature,t1.error_time,t1.id, t8.IdDesc as errorReason,
        -- t1.error_desc as errorReason,
        t1.check_desc,
        t1.fj_url,t1.fj_desc,verify_sugg,verify_result,verify_time,verify_user_name,t1.deal_status
        from hby_project_errorinfo t1
        -- 单位表
        left join tblnprojectinfo t2 on t1.unit_id = t2.projId
        -- 设备表
        left join tblndeviceinfo t3 on t1.dev_idpk = t3.devIdpk
        -- 分组表
        left join tblngroup t4 on t3.devgroupId = t4.groupId
        -- 监测点与设备关联表
        left join hby_overlook_dev_join t5 on t1.dev_idpk = t5.dev_idpk
        -- 监测点表
        left join hby_overlookpoint t6 on t5.look_id = t6.id
        -- 异常原因类型表
        left join tblnerrordescinfo t8 on t1.error_event_type = t8.ID
        where t1.id = #{id};
    </select>

    <!--单位异常审核详情-->
    <select id="selectErrorExamineDetail" resultType="com.leniao.model.dto.BaseBusinessExDTO$BusinessExExamineDetail">
        -- 异常表
        select t1.type,t2.projName as companyName,t4.groupName,t3.installLocation as devLocation,
        group_concat(distinct t6.over_look_name) as overLookName,t3.devSignature,t1.check_time,t1.id,
        t1.check_desc,t1.check_user_name,t1.check_time,t1.check_result,t1.remark,t1.error_desc,t1.fj_url,t1.fj_desc,t1.verify_sugg,
        t1.error_time,t1.remark,t1.deal_status
        from hby_project_errorinfo t1
        -- 单位表
        left join tblnprojectinfo t2 on t1.unit_id = t2.projId
        -- 设备表
        left join tblndeviceinfo t3 on t1.dev_idpk = t3.devIdpk
        -- 分组表
        left join tblngroup t4 on t3.devgroupId = t4.groupId
        -- 监测点与设备关联表
        left join hby_overlook_dev_join t5 on t1.dev_idpk = t5.dev_idpk
        -- 监测点表
        left join hby_overlookpoint t6 on t5.look_id = t6.id
        where t1.id = #{id};
    </select>

    <!--单位异常统计-->
    <select id="selectErrorStatisticsList" parameterType="com.leniao.model.dto.BaseBusinessExDTO$BusinessExStatisticsReq"
            resultType="com.leniao.model.dto.BaseBusinessExDTO$BusinessExStatisticsList">
        -- 异常表
        select DISTINCT t3.projId unitId,
        t3.projName as companyName, IFNULL(t2.agcy_name, '暂无该区域的机构')agcy_name,IFNULL(t4.industry_name,'未分配行业')industry_name,
        coalesce(ty0.num, 0) type0,
        coalesce(ty1.num, 0) type1,
        coalesce(ty2.num, 0) type2,
        coalesce(ty3.num, 0) type3,
        coalesce(ty4.num, 0) type4,
        coalesce(ty5.num, 0) type5,
        coalesce(ty6.num, 0) type6,
        coalesce(ty7.num, 0) type7,
        coalesce(ty0.num, 0) + coalesce(ty1.num, 0) + coalesce(ty2.num, 0) + coalesce(ty3.num, 0) + coalesce(ty4.num, 0) + coalesce(ty5.num, 0) +
        coalesce(ty6.num, 0) + coalesce(ty7.num, 0) AS total
        from (SELECT * FROM hby_overlookpoint where platform_id = #{req.platformId} and deleted =0) t5
        LEFT JOIN tblnprojectinfo t3 on t5.unit_id = t3.projId
        left join  hby_project_errorinfo t1 on t1.unit_id = t3.projId
        -- 机构表
        left join hby_agency t2 on t3.proProvinceCode = t2.province_code and t3.proCityCode = t2.city_code and t3.proAreaCode = t2.area_code
        -- 行业表
        left join hby_industry t4 on t3.industryId = t4.id
        -- 总表设备异常
        left JOIN (SELECT unit_id, count(1) AS num FROM hby_project_errorinfo WHERE type = 0 GROUP BY unit_id ) AS ty0 ON t1.unit_id = ty0.unit_id
        -- 产污设备异常数量
        left JOIN (SELECT unit_id, count(1) AS num FROM hby_project_errorinfo WHERE type = 1 GROUP BY unit_id ) AS ty1 ON t1.unit_id = ty1.unit_id
        -- 治污设备异常数量
        left JOIN (SELECT unit_id, count(1) AS num FROM hby_project_errorinfo WHERE type = 2 GROUP BY unit_id ) AS ty2 ON t1.unit_id = ty2.unit_id
        -- 停产异常数量
        left JOIN (SELECT unit_id, count(1) AS num FROM hby_project_errorinfo WHERE type = 3 GROUP BY unit_id ) AS ty3 ON t1.unit_id = ty3.unit_id
        -- 限产异常数量
        left JOIN (SELECT unit_id, count(1) AS num FROM hby_project_errorinfo WHERE type = 4 GROUP BY unit_id ) AS ty4 ON t1.unit_id = ty4.unit_id
        -- 电量异常数量
        left JOIN (SELECT unit_id, count(1) AS num FROM hby_project_errorinfo WHERE type = 5 GROUP BY unit_id ) AS ty5 ON t1.unit_id = ty5.unit_id
        -- 功率异常
        left JOIN (SELECT unit_id, count(1) AS num FROM hby_project_errorinfo WHERE type = 6 GROUP BY unit_id ) AS ty6 ON t1.unit_id = ty6.unit_id
        -- 停机异常数量
        left JOIN (SELECT unit_id, count(1) AS num FROM hby_project_errorinfo WHERE type = 7 GROUP BY unit_id ) AS ty7 ON t1.unit_id = ty7.unit_id
        where t1.platform_id = #{req.platformId}
        <if test="userGrade != 0 and (req.projIds != null and req.projIds.size > 0)">
            and t5.unit_id in
            <foreach item="item" index="index" collection="req.projIds" open="(" separator="," close=")">
                #{item}
            </foreach>
        </if>
        <if test="req.unitId != null">
            and  t5.unit_id = #{req.unitId}
        </if>
        <if test="req.provinceCode != null and req.provinceCode != '' and req.provinceCode != '000000'">
            and t3.proProvinceCode = #{req.provinceCode}
        </if>
        <if test="req.cityCode != null and req.cityCode != '' and req.cityCode != '000000'">
            and t3.proCityCode = #{req.cityCode}
        </if>
        <if test="req.areaCode != null and req.areaCode != '' and req.areaCode != '000000'">
            and t3.proAreaCode = #{req.areaCode}
        </if>
        <if test="req.agcyName != null and req.agcyName != ''">
            and t2.agcy_name=#{req.agcyName}
        </if>
        <if test="req.industryId != null and req.industryId > 0">
            and t1.industry_id = #{req.industryId}
        </if>
        <if test="req.companyName != null and req.companyName != ''">
            and t3.projName like CONCAT('%',#{req.companyName},'%')
        </if>

    </select>

    <!--错峰生产异常（一周内停限产异常数据）-->
    <select id="selectErrorCuoFengList" resultType="com.leniao.model.dto.BaseBusinessExDTO$BusinessExCuoFengList">
        select t1.unit_id,t3.installLocation as devLocation,t1.update_time as error_time,t4.groupName,t5.plan_name,t1.error_desc
        -- 异常表
        from hby_project_errorinfo t1
        -- 单位表
        left join tblnprojectinfo t2 on t1.unit_id = t2.projId
        -- 设备表
        left join tblndeviceinfo t3 on t1.dev_idpk = t3.devIdpk
        -- 分组
        left join tblngroup t4 on t3.devgroupId = t4.groupId
        -- 方案表
        left join hby_reduce_emmission_plan t5 on t1.plan_id = t5.plan_id
        where t1.unit_id = #{unitId} and (t1.type = 3 or t1.type = 4) and t1.update_time and WEEKOFYEAR(current_date()) = WEEKOFYEAR(t1.update_time) ORDER BY t1.update_time DESC

    </select>

    <!--查询当日的异常单位数-->
    <select id="selectTodayUnitCount" resultType="java.lang.Integer">
        SELECT
            count(1) AS unitCount
        FROM ( SELECT DISTINCT t1.unit_id FROM hby_project_errorinfo t1
                WHERE
                <choose>
                    <when test="list != null and list.size > 0">
                        to_days(t1.error_time) = to_days(CURRENT_DATE)
                        and t1.unit_id in
                        <foreach collection="list" index="index" item="projId" open="(" separator="," close=")">
                            #{projId}
                        </foreach>
                    </when>
                    <otherwise>
                        1 > 2
                    </otherwise>
                </choose>
            ) AS tt
    </select>

    <!--查询当日的异常所涉及的治污设备数-->
    <select id="selectTodayDeviceCount" resultType="java.lang.Integer">
        SELECT
            count(1) AS deviceCount
        FROM
            (
                SELECT DISTINCT
                    t1.dev_idpk
                FROM
                    hby_project_errorinfo t1
                WHERE t1.poll_or_con = 2
                <choose>
                    <when test="list != null and list.size > 0">
                        and to_days(t1.error_time) = to_days(CURRENT_DATE)
                        and t1.unit_id in
                        <foreach collection="list" index="index" item="projId" open="(" separator="," close=")">
                            #{projId}
                        </foreach>
                    </when>
                    <otherwise>
                        and 1 > 2
                    </otherwise>
                </choose>
            ) tt
    </select>

    <!--查询当日已申报的单位数量-->
    <select id="selectTodayDeclareCount" resultType="java.lang.Integer">
        SELECT
            count(1) AS declareCount
        FROM
            (
                SELECT DISTINCT
                    t1.unit_id
                FROM
                    hby_project_errorinfo t1
                WHERE
                <choose>
                    <when test="list != null and list.size > 0">
                        to_days(t1.update_time) = to_days(CURRENT_DATE)
                        AND t1.deal_status = 3
                        and t1.unit_id in
                        <foreach collection="list" index="index" item="projId" open="(" separator="," close=")">
                            #{projId}
                        </foreach>
                    </when>
                    <otherwise>
                        1 > 2
                    </otherwise>
                </choose>
            ) AS tt
    </select>
    <select id="selectYesTodayUnitCount" resultType="java.lang.Integer">
        SELECT
            count(1) AS unitCount
        FROM
            (
                SELECT DISTINCT
                    t1.unit_id
                FROM
                    hby_project_errorinfo t1
                WHERE
                <choose>
                    <when test="list != null and list.size > 0">
                        datediff(t1.error_time, CURRENT_DATE) = - 1
                        and t1.unit_id in
                        <foreach collection="list" index="index" item="projId" open="(" separator="," close=")">
                            #{projId}
                        </foreach>
                    </when>
                    <otherwise>
                        1 > 2
                    </otherwise>
                </choose>
            ) AS tt
    </select>
    <select id="selectYesTodayDeviceCount" resultType="java.lang.Integer">
        SELECT
            count(1) AS deviceCount
        FROM
            (
                SELECT DISTINCT
                    t1.dev_idpk
                FROM
                    hby_project_errorinfo t1
                WHERE t1.poll_or_con = 1
                <choose>
                    <when test="list != null and list.size > 0">
                        and datediff(t1.error_time, CURRENT_DATE) = - 1
                        and t1.unit_id in
                        <foreach collection="list" index="index" item="projId" open="(" separator="," close=")">
                            #{projId}
                        </foreach>
                    </when>
                    <otherwise>
                       and  1 > 2
                    </otherwise>
                </choose>
            ) tt
    </select>
    <select id="selectYesTodayDeclareCount" resultType="java.lang.Integer">
        SELECT
            count(1) AS declareCount
        FROM
            (
                SELECT DISTINCT
                    t1.unit_id
                FROM
                    hby_project_errorinfo t1
                WHERE
                <choose>
                    <when test="list != null and list.size > 0">
                        datediff(t1.update_time, CURRENT_DATE) = - 1
                        AND t1.deal_status = 3
                        and t1.unit_id in
                        <foreach collection="list" index="index" item="projId" open="(" separator="," close=")">
                            #{projId}
                        </foreach>
                    </when>
                    <otherwise>
                        1 > 2
                    </otherwise>
                </choose>

	        ) AS tt
    </select>
    <select id="selectAgencyByAreaCode"
            resultType="com.leniao.model.dto.BaseBusinessExDTO$BusinessExStatisticsAgencyList">
        SELECT t1.agcy_name,t1.province_code,t1.city_code,t1.area_code,COUNT(t2.id)total FROM hby_agency t1
        LEFT JOIN hby_project_errorinfo t2 ON t1.province_code = t2.province_code and t1.city_code = t2.city_code and t1.area_code = t2.area_code
        <where>
            1=1
            <choose>
                <when test="userGrade != 0">
                    <if test="provinceCode != null and provinceCode != '' and provinceCode != '000000'">
                        and t1.province_code = #{provinceCode}
                    </if>
                    <if test="cityCode != null and cityCode != '' and cityCode != '000000'">
                        and t1.city_code = #{cityCode}
                    </if>
                    <if test="areaCode != null and areaCode != '' and areaCode != '000000'">
                        and t1.area_code = #{areaCode}
                    </if>
                </when>
                <otherwise>
                    and t1.city_code = '000000'
                    and t1.area_code = '000000'
                </otherwise>
            </choose>
            GROUP BY t1.id
        </where>
    </select>
    <!--全国账号查看首页异常统计柱状图-->
    <select id="selectAgencyErrCountByCountryUser"
            resultType="com.leniao.model.dto.BaseBusinessExDTO$BusinessExStatisticsAgencyList">
        SELECT t1.agcy_name,t1.province_code,t1.city_code,t1.area_code,COUNT(t2.id)total  FROM (
            SELECT id, agcy_name,province_code,city_code,area_code FROM hby_agency where platform_id = #{platformId} and city_code = '000000' and  area_code = '000000') t1
            LEFT JOIN  hby_project_errorinfo t2 ON t1.province_code = t2.province_code  and t2.platform_id = #{platformId}
            GROUP BY t1.id
    </select>
    <select id="selectAgencyErrCountByProvinceUser"
            resultType="com.leniao.model.dto.BaseBusinessExDTO$BusinessExStatisticsAgencyList">
        SELECT
        t1.agcy_name,
        t1.province_code,
        t1.city_code,
        t1.area_code,
        IFNULL(t2.num, 0) total
        FROM (SELECT id,agcy_name,province_code,city_code,area_code FROM hby_agency WHERE platform_id = #{platformId} and province_code = #{provinceCode} AND area_code = '000000' AND city_code <![CDATA[ <> ]]> '000000' ) t1
        LEFT JOIN ( SELECT province_code, city_code, area_code, platform_id,  COUNT(id) num FROM hby_project_errorinfo WHERE province_code = #{provinceCode} AND platform_id = #{platformId}
                    GROUP BY province_code,  city_code, area_code
        ) t2 ON t1.province_code = t2.province_code
        AND t1.city_code = t2.city_code
    </select>
    <!--直辖市省级用户异常统计旧的统计中有 area_code 的判断-->
    <!--<select id="selectAgencyErrCountByProvinceZXSUser"
            resultType="com.leniao.model.dto.BaseBusinessExDTO$BusinessExStatisticsAgencyList">
        SELECT t1.agcy_name,t1.province_code,t1.city_code,t1.area_code ,IFNULL(t2.num,0)total FROM (
        SELECT id, agcy_name,province_code,city_code,area_code  FROM hby_agency where platform_id = #{platformId} and province_code = #{provinceCode} and area_code <![CDATA[ <> ]]> '000000')t1
        LEFT JOIN (
        SELECT province_code,city_code,area_code,platform_id, COUNT(id) num FROM hby_project_errorinfo   where  province_code = #{provinceCode} AND platform_id = #{platformId} GROUP BY province_code,city_code,area_code
        ) t2 on t1.province_code = t2.province_code and t1.city_code = t2.city_code and t1.area_code = t2.area_code
    </select>-->
    <select id="selectAgencyErrCountByProvinceZXSUser"
            resultType="com.leniao.model.dto.BaseBusinessExDTO$BusinessExStatisticsAgencyList">
        SELECT t1.agcy_name,t1.province_code,t1.city_code,t1.area_code ,IFNULL(t2.num,0)total FROM (
        SELECT id, agcy_name,province_code,city_code,area_code  FROM hby_agency where platform_id = #{platformId} and province_code = #{provinceCode})t1
        LEFT JOIN (
        SELECT province_code,city_code,area_code,platform_id, COUNT(id) num FROM hby_project_errorinfo   where  province_code = #{provinceCode} AND platform_id = #{platformId} GROUP BY province_code,city_code,area_code
        ) t2 on t1.province_code = t2.province_code and t1.city_code = t2.city_code and t1.area_code = t2.area_code
    </select>

    <select id="selectAgencyErrCountByCityUser"
            resultType="com.leniao.model.dto.BaseBusinessExDTO$BusinessExStatisticsAgencyList">
        SELECT t1.agcy_name,t1.province_code,t1.city_code,t1.area_code ,IFNULL(t2.num,0)total FROM (
        SELECT id, agcy_name,province_code,city_code,area_code FROM hby_agency where platform_id = #{platformId} and province_code = #{provinceCode} and city_code = #{cityCode} and area_code <![CDATA[ <> ]]> '000000')t1
        LEFT JOIN (
        SELECT province_code,city_code,area_code,platform_id, COUNT(id) num  FROM hby_project_errorinfo where platform_id = #{platformId} and province_code = #{provinceCode} and city_code = #{cityCode} and area_code <![CDATA[ <> ]]>  '000000'  GROUP BY province_code,city_code,area_code
        )t2 ON t1.province_code = t2.province_code and t1.city_code = t2.city_code and t1.area_code = t2.area_code
    </select>

    <select id="selectAgencyErrCountByCityZXSUser"
            resultType="com.leniao.model.dto.BaseBusinessExDTO$BusinessExStatisticsAgencyList">
        SELECT t1.agcy_name,t1.province_code,t1.city_code,t1.area_code ,IFNULL(t2.num,0)total FROM (
        SELECT id, agcy_name,province_code,city_code,area_code FROM hby_agency where platform_id = #{platformId} and province_code = #{provinceCode} and city_code = #{cityCode})t1
        LEFT JOIN (
        SELECT province_code,city_code,area_code,platform_id, COUNT(id) num  FROM hby_project_errorinfo where platform_id = #{platformId} and province_code = #{provinceCode} and city_code = #{cityCode}   GROUP BY province_code,city_code,area_code
        )t2 ON t1.province_code = t2.province_code and t1.city_code = t2.city_code and t1.area_code = t2.area_code
    </select>
    <select id="selectUnitErrCountByAreaUser"
            resultType="com.leniao.model.dto.BaseBusinessExDTO$BusinessExStatisticsAgencyList">
        SELECT t1.agcy_name,t2.province_code,t2.city_code, t2.area_code, IFNULL(t2.num,0)total FROM (
            SELECT projId unit_id, projName agcy_name FROM tblnprojectinfo
            where projId in
            <foreach collection="projIds" index="index" item="projId" open="(" separator="," close=")">#{projId}</foreach>
            ) t1
        LEFT JOIN (SELECT a.unit_id, a.province_code, a.city_code, a.area_code, COUNT(a.id) num FROM hby_project_errorinfo a
        JOIN hby_overlook_dev_join b ON a.dev_idpk = b.dev_idpk
        JOIN hby_overlookpoint c ON b.look_id = c.id
        where c.deleted = 0 and  a.unit_id in
            <foreach collection="projIds" index="index" item="projId" open="(" separator="," close=")">#{projId}</foreach>
             GROUP BY unit_id ) t2 ON t1.unit_id = t2.unit_id

    </select>
    <select id="findRootPointDevIdpkOfUnit" resultType="java.lang.Integer">
        SELECT a.dev_idpk FROM hby_overlook_dev_join a
        JOIN hby_overlookpoint b on a.look_id = b.id
        where a.dev_pro_ty = 0 and b.deleted  = 0
        and b.unit_id = #{unitId}
    </select>
    <select id="selectErrorStatisticsIndustryListByCountryUser"
            resultType="com.leniao.model.dto.BaseBusinessExDTO$BusinessExStatisticsIndustryList">
        select t2.industry_name,COUNT(t1.type) as total
        from hby_project_errorinfo t1
        left join hby_industry t2 on t1.industry_id = t2.id
        where t1.platform_id = #{platformId}
        group by t1.industry_id
    </select>
    <select id="selectErrorStatisticsIndustryListByProZXSUser"
            resultType="com.leniao.model.dto.BaseBusinessExDTO$BusinessExStatisticsIndustryList">
        select t2.industry_name,COUNT(t1.type) as total
        from hby_project_errorinfo t1
        left join hby_industry t2 on t1.industry_id = t2.id
        where t1.platform_id = #{platformId}
        and t1.province_code = #{provinceCode}
        group by t1.industry_id
    </select>
    <select id="selectErrorStatisticsIndustryListBYCityUser"
            resultType="com.leniao.model.dto.BaseBusinessExDTO$BusinessExStatisticsIndustryList">
        select t2.industry_name,COUNT(t1.type) as total
        from hby_project_errorinfo t1
        left join hby_industry t2 on t1.industry_id = t2.id
        where t1.platform_id = #{platformId}
        and t1.province_code = #{provinceCode}
        and t1.city_code =  #{cityCode}
        group by t1.industry_id
    </select>
    <select id="selectErrorStatisticsIndustryListBYAreaUser"
            resultType="com.leniao.model.dto.BaseBusinessExDTO$BusinessExStatisticsIndustryList">
        select t2.industry_name,COUNT(t1.type) as total
        from hby_project_errorinfo t1
        left join hby_industry t2 on t1.industry_id = t2.id
        where t1.platform_id = #{platformId}
        and t1.province_code = #{provinceCode}
        and t1.city_code =  #{cityCode}
        and t1.area_code = #{areaCode}
        group by t1.industry_id
    </select>
    <select id="selectErrorStatisticsProjectList"
            resultType="com.leniao.model.dto.BaseBusinessExDTO$BusinessExStatisticsAgencyList">
        SELECT t1.projName agcy_name, IFNULL(t2.num,0)total  FROM tblnprojectinfo t1
        LEFT JOIN (
        SELECT a.unit_id, a.province_code, a.city_code, a.area_code, COUNT(a.id) num FROM hby_project_errorinfo a
        JOIN hby_overlook_dev_join b ON a.dev_idpk = b.dev_idpk
        JOIN hby_overlookpoint c ON b.look_id = c.id
        where c.deleted = 0 and  a.unit_id in
         <foreach collection="projIds" item="projId" index="index" open="(" separator="," close=")">
             #{projId}
         </foreach>
         GROUP BY a.unit_id ) t2
        ON t1.projId = t2.unit_id
        where t1.projId in
        <foreach collection="projIds" item="projId" index="index" open="(" separator="," close=")">
            #{projId}
        </foreach>
    </select>


</mapper>