<?xml version="1.0" encoding="UTF-8"?>
<!DOCTYPE mapper PUBLIC "-//mybatis.org//DTD Mapper 3.0//EN" "http://mybatis.org/dtd/mybatis-3-mapper.dtd">
<mapper namespace="com.leniao.mapper.HbyAgencyMapper">
  <resultMap id="BaseResultMap" type="com.leniao.entity.HbyAgency">
    <id column="id" jdbcType="BIGINT" property="id" />
    <result column="agcy_name" jdbcType="VARCHAR" property="agcyName" />
    <result column="platform_id" jdbcType="INTEGER" property="platformId" />
    <result column="agcy_address" jdbcType="VARCHAR" property="agcyAddress" />
    <result column="tele_phone" jdbcType="VARCHAR" property="telePhone" />
    <result column="province_code" jdbcType="VARCHAR" property="provinceCode" />
    <result column="city_code" jdbcType="VARCHAR" property="cityCode" />
    <result column="area_code" jdbcType="VARCHAR" property="areaCode" />
    <result column="create_time" jdbcType="TIMESTAMP" property="createTime" />
    <result column="create_user" jdbcType="VARCHAR" property="createUser" />
    <result column="update_time" jdbcType="TIMESTAMP" property="updateTime" />
    <result column="update_user" jdbcType="VARCHAR" property="updateUser" />
    <result column="deleted" jdbcType="INTEGER" property="deleted" />
    <result column="version" jdbcType="INTEGER" property="version" />
  </resultMap>
  <sql id="Example_Where_Clause">
    <where>
      <foreach collection="oredCriteria" item="criteria" separator="or">
        <if test="criteria.valid">
          <trim prefix="(" prefixOverrides="and" suffix=")">
            <foreach collection="criteria.criteria" item="criterion">
              <choose>
                <when test="criterion.noValue">
                  and ${criterion.condition}
                </when>
                <when test="criterion.singleValue">
                  and ${criterion.condition} #{criterion.value}
                </when>
                <when test="criterion.betweenValue">
                  and ${criterion.condition} #{criterion.value} and #{criterion.secondValue}
                </when>
                <when test="criterion.listValue">
                  and ${criterion.condition}
                  <foreach close=")" collection="criterion.value" item="listItem" open="(" separator=",">
                    #{listItem}
                  </foreach>
                </when>
              </choose>
            </foreach>
          </trim>
        </if>
      </foreach>
    </where>
  </sql>
  <sql id="Update_By_Example_Where_Clause">
    <where>
      <foreach collection="example.oredCriteria" item="criteria" separator="or">
        <if test="criteria.valid">
          <trim prefix="(" prefixOverrides="and" suffix=")">
            <foreach collection="criteria.criteria" item="criterion">
              <choose>
                <when test="criterion.noValue">
                  and ${criterion.condition}
                </when>
                <when test="criterion.singleValue">
                  and ${criterion.condition} #{criterion.value}
                </when>
                <when test="criterion.betweenValue">
                  and ${criterion.condition} #{criterion.value} and #{criterion.secondValue}
                </when>
                <when test="criterion.listValue">
                  and ${criterion.condition}
                  <foreach close=")" collection="criterion.value" item="listItem" open="(" separator=",">
                    #{listItem}
                  </foreach>
                </when>
              </choose>
            </foreach>
          </trim>
        </if>
      </foreach>
    </where>
  </sql>
  <sql id="Base_Column_List">
    id, agcy_name, platform_id, agcy_address, tele_phone, province_code, city_code, area_code, 
    create_time, create_user, update_time, update_user, deleted, version
  </sql>
  <select id="selectByExample" parameterType="com.leniao.entity.HbyAgencyExample" resultMap="BaseResultMap">
    select
    <if test="distinct">
      distinct
    </if>
    <include refid="Base_Column_List" />
    from hby_agency
    <if test="_parameter != null">
      <include refid="Example_Where_Clause" />
    </if>
    <if test="orderByClause != null">
      order by ${orderByClause}
    </if>
  </select>
  <select id="selectByPrimaryKey" parameterType="java.lang.Long" resultMap="BaseResultMap">
    select 
    <include refid="Base_Column_List" />
    from hby_agency
    where id = #{id,jdbcType=BIGINT}
  </select>
  <delete id="deleteByPrimaryKey" parameterType="java.lang.Long">
    delete from hby_agency
    where id = #{id,jdbcType=BIGINT}
  </delete>
  <delete id="deleteByExample" parameterType="com.leniao.entity.HbyAgencyExample">
    delete from hby_agency
    <if test="_parameter != null">
      <include refid="Example_Where_Clause" />
    </if>
  </delete>
  <insert id="insert" parameterType="com.leniao.entity.HbyAgency">
    insert into hby_agency (id, agcy_name, platform_id, 
      agcy_address, tele_phone, province_code, 
      city_code, area_code, create_time, 
      create_user, update_time, update_user, 
      deleted, version)
    values (#{id,jdbcType=BIGINT}, #{agcyName,jdbcType=VARCHAR}, #{platformId,jdbcType=INTEGER}, 
      #{agcyAddress,jdbcType=VARCHAR}, #{telePhone,jdbcType=VARCHAR}, #{provinceCode,jdbcType=VARCHAR}, 
      #{cityCode,jdbcType=VARCHAR}, #{areaCode,jdbcType=VARCHAR}, #{createTime,jdbcType=TIMESTAMP}, 
      #{createUser,jdbcType=VARCHAR}, #{updateTime,jdbcType=TIMESTAMP}, #{updateUser,jdbcType=VARCHAR}, 
      #{deleted,jdbcType=INTEGER}, #{version,jdbcType=INTEGER})
  </insert>
  <insert id="insertSelective" parameterType="com.leniao.entity.HbyAgency">
    insert into hby_agency
    <trim prefix="(" suffix=")" suffixOverrides=",">
      <if test="id != null">
        id,
      </if>
      <if test="agcyName != null">
        agcy_name,
      </if>
      <if test="platformId != null">
        platform_id,
      </if>
      <if test="agcyAddress != null">
        agcy_address,
      </if>
      <if test="telePhone != null">
        tele_phone,
      </if>
      <if test="provinceCode != null">
        province_code,
      </if>
      <if test="cityCode != null">
        city_code,
      </if>
      <if test="areaCode != null">
        area_code,
      </if>
      <if test="createTime != null">
        create_time,
      </if>
      <if test="createUser != null">
        create_user,
      </if>
      <if test="updateTime != null">
        update_time,
      </if>
      <if test="updateUser != null">
        update_user,
      </if>
      <if test="deleted != null">
        deleted,
      </if>
      <if test="version != null">
        version,
      </if>
    </trim>
    <trim prefix="values (" suffix=")" suffixOverrides=",">
      <if test="id != null">
        #{id,jdbcType=BIGINT},
      </if>
      <if test="agcyName != null">
        #{agcyName,jdbcType=VARCHAR},
      </if>
      <if test="platformId != null">
        #{platformId,jdbcType=INTEGER},
      </if>
      <if test="agcyAddress != null">
        #{agcyAddress,jdbcType=VARCHAR},
      </if>
      <if test="telePhone != null">
        #{telePhone,jdbcType=VARCHAR},
      </if>
      <if test="provinceCode != null">
        #{provinceCode,jdbcType=VARCHAR},
      </if>
      <if test="cityCode != null">
        #{cityCode,jdbcType=VARCHAR},
      </if>
      <if test="areaCode != null">
        #{areaCode,jdbcType=VARCHAR},
      </if>
      <if test="createTime != null">
        #{createTime,jdbcType=TIMESTAMP},
      </if>
      <if test="createUser != null">
        #{createUser,jdbcType=VARCHAR},
      </if>
      <if test="updateTime != null">
        #{updateTime,jdbcType=TIMESTAMP},
      </if>
      <if test="updateUser != null">
        #{updateUser,jdbcType=VARCHAR},
      </if>
      <if test="deleted != null">
        #{deleted,jdbcType=INTEGER},
      </if>
      <if test="version != null">
        #{version,jdbcType=INTEGER},
      </if>
    </trim>
  </insert>
  <select id="countByExample" parameterType="com.leniao.entity.HbyAgencyExample" resultType="java.lang.Long">
    select count(*) from hby_agency
    <if test="_parameter != null">
      <include refid="Example_Where_Clause" />
    </if>
  </select>
  <update id="updateByExampleSelective" parameterType="map">
    update hby_agency
    <set>
      <if test="record.id != null">
        id = #{record.id,jdbcType=BIGINT},
      </if>
      <if test="record.agcyName != null">
        agcy_name = #{record.agcyName,jdbcType=VARCHAR},
      </if>
      <if test="record.platformId != null">
        platform_id = #{record.platformId,jdbcType=INTEGER},
      </if>
      <if test="record.agcyAddress != null">
        agcy_address = #{record.agcyAddress,jdbcType=VARCHAR},
      </if>
      <if test="record.telePhone != null">
        tele_phone = #{record.telePhone,jdbcType=VARCHAR},
      </if>
      <if test="record.provinceCode != null">
        province_code = #{record.provinceCode,jdbcType=VARCHAR},
      </if>
      <if test="record.cityCode != null">
        city_code = #{record.cityCode,jdbcType=VARCHAR},
      </if>
      <if test="record.areaCode != null">
        area_code = #{record.areaCode,jdbcType=VARCHAR},
      </if>
      <if test="record.createTime != null">
        create_time = #{record.createTime,jdbcType=TIMESTAMP},
      </if>
      <if test="record.createUser != null">
        create_user = #{record.createUser,jdbcType=VARCHAR},
      </if>
      <if test="record.updateTime != null">
        update_time = #{record.updateTime,jdbcType=TIMESTAMP},
      </if>
      <if test="record.updateUser != null">
        update_user = #{record.updateUser,jdbcType=VARCHAR},
      </if>
      <if test="record.deleted != null">
        deleted = #{record.deleted,jdbcType=INTEGER},
      </if>
      <if test="record.version != null">
        version = #{record.version,jdbcType=INTEGER},
      </if>
    </set>
    <if test="_parameter != null">
      <include refid="Update_By_Example_Where_Clause" />
    </if>
  </update>
  <update id="updateByExample" parameterType="map">
    update hby_agency
    set id = #{record.id,jdbcType=BIGINT},
      agcy_name = #{record.agcyName,jdbcType=VARCHAR},
      platform_id = #{record.platformId,jdbcType=INTEGER},
      agcy_address = #{record.agcyAddress,jdbcType=VARCHAR},
      tele_phone = #{record.telePhone,jdbcType=VARCHAR},
      province_code = #{record.provinceCode,jdbcType=VARCHAR},
      city_code = #{record.cityCode,jdbcType=VARCHAR},
      area_code = #{record.areaCode,jdbcType=VARCHAR},
      create_time = #{record.createTime,jdbcType=TIMESTAMP},
      create_user = #{record.createUser,jdbcType=VARCHAR},
      update_time = #{record.updateTime,jdbcType=TIMESTAMP},
      update_user = #{record.updateUser,jdbcType=VARCHAR},
      deleted = #{record.deleted,jdbcType=INTEGER},
      version = #{record.version,jdbcType=INTEGER}
    <if test="_parameter != null">
      <include refid="Update_By_Example_Where_Clause" />
    </if>
  </update>
  <update id="updateByPrimaryKeySelective" parameterType="com.leniao.entity.HbyAgency">
    update hby_agency
    <set>
      <if test="agcyName != null">
        agcy_name = #{agcyName,jdbcType=VARCHAR},
      </if>
      <if test="platformId != null">
        platform_id = #{platformId,jdbcType=INTEGER},
      </if>
      <if test="agcyAddress != null">
        agcy_address = #{agcyAddress,jdbcType=VARCHAR},
      </if>
      <if test="telePhone != null">
        tele_phone = #{telePhone,jdbcType=VARCHAR},
      </if>
      <if test="provinceCode != null">
        province_code = #{provinceCode,jdbcType=VARCHAR},
      </if>
      <if test="cityCode != null">
        city_code = #{cityCode,jdbcType=VARCHAR},
      </if>
      <if test="areaCode != null">
        area_code = #{areaCode,jdbcType=VARCHAR},
      </if>
      <if test="createTime != null">
        create_time = #{createTime,jdbcType=TIMESTAMP},
      </if>
      <if test="createUser != null">
        create_user = #{createUser,jdbcType=VARCHAR},
      </if>
      <if test="updateTime != null">
        update_time = #{updateTime,jdbcType=TIMESTAMP},
      </if>
      <if test="updateUser != null">
        update_user = #{updateUser,jdbcType=VARCHAR},
      </if>
      <if test="deleted != null">
        deleted = #{deleted,jdbcType=INTEGER},
      </if>
      <if test="version != null">
        version = #{version,jdbcType=INTEGER},
      </if>
    </set>
    where id = #{id,jdbcType=BIGINT}
  </update>
  <update id="updateByPrimaryKey" parameterType="com.leniao.entity.HbyAgency">
    update hby_agency
    set agcy_name = #{agcyName,jdbcType=VARCHAR},
      platform_id = #{platformId,jdbcType=INTEGER},
      agcy_address = #{agcyAddress,jdbcType=VARCHAR},
      tele_phone = #{telePhone,jdbcType=VARCHAR},
      province_code = #{provinceCode,jdbcType=VARCHAR},
      city_code = #{cityCode,jdbcType=VARCHAR},
      area_code = #{areaCode,jdbcType=VARCHAR},
      create_time = #{createTime,jdbcType=TIMESTAMP},
      create_user = #{createUser,jdbcType=VARCHAR},
      update_time = #{updateTime,jdbcType=TIMESTAMP},
      update_user = #{updateUser,jdbcType=VARCHAR},
      deleted = #{deleted,jdbcType=INTEGER},
      version = #{version,jdbcType=INTEGER}
    where id = #{id,jdbcType=BIGINT}
  </update>
</mapper>