<?xml version="1.0" encoding="UTF-8"?>
<!DOCTYPE mapper PUBLIC "-//mybatis.org//DTD Mapper 3.0//EN" "http://mybatis.org/dtd/mybatis-3-mapper.dtd">
<mapper namespace="com.leniao.mapper.HbyIndustryMapper">
  <resultMap id="BaseResultMap" type="com.leniao.entity.HbyIndustry">
    <id column="id" jdbcType="BIGINT" property="id" />
    <result column="industry_name" jdbcType="VARCHAR" property="industryName" />
    <result column="bind_num" jdbcType="INTEGER" property="bindNum" />
    <result column="create_time" jdbcType="TIMESTAMP" property="createTime" />
    <result column="create_user" jdbcType="VARCHAR" property="createUser" />
    <result column="update_time" jdbcType="TIMESTAMP" property="updateTime" />
    <result column="update_user" jdbcType="VARCHAR" property="updateUser" />
    <result column="deleted" jdbcType="INTEGER" property="deleted" />
    <result column="version" jdbcType="INTEGER" property="version" />
  </resultMap>
  <sql id="Example_Where_Clause">
    <where>
      <foreach collection="oredCriteria" item="criteria" separator="or">
        <if test="criteria.valid">
          <trim prefix="(" prefixOverrides="and" suffix=")">
            <foreach collection="criteria.criteria" item="criterion">
              <choose>
                <when test="criterion.noValue">
                  and ${criterion.condition}
                </when>
                <when test="criterion.singleValue">
                  and ${criterion.condition} #{criterion.value}
                </when>
                <when test="criterion.betweenValue">
                  and ${criterion.condition} #{criterion.value} and #{criterion.secondValue}
                </when>
                <when test="criterion.listValue">
                  and ${criterion.condition}
                  <foreach close=")" collection="criterion.value" item="listItem" open="(" separator=",">
                    #{listItem}
                  </foreach>
                </when>
              </choose>
            </foreach>
          </trim>
        </if>
      </foreach>
    </where>
  </sql>
  <sql id="Update_By_Example_Where_Clause">
    <where>
      <foreach collection="example.oredCriteria" item="criteria" separator="or">
        <if test="criteria.valid">
          <trim prefix="(" prefixOverrides="and" suffix=")">
            <foreach collection="criteria.criteria" item="criterion">
              <choose>
                <when test="criterion.noValue">
                  and ${criterion.condition}
                </when>
                <when test="criterion.singleValue">
                  and ${criterion.condition} #{criterion.value}
                </when>
                <when test="criterion.betweenValue">
                  and ${criterion.condition} #{criterion.value} and #{criterion.secondValue}
                </when>
                <when test="criterion.listValue">
                  and ${criterion.condition}
                  <foreach close=")" collection="criterion.value" item="listItem" open="(" separator=",">
                    #{listItem}
                  </foreach>
                </when>
              </choose>
            </foreach>
          </trim>
        </if>
      </foreach>
    </where>
  </sql>
  <sql id="Base_Column_List">
    id, industry_name, bind_num, create_time, create_user, update_time, update_user, 
    deleted, version
  </sql>
  <select id="selectByExample" parameterType="com.leniao.entity.HbyIndustryExample" resultMap="BaseResultMap">
    select
    <if test="distinct">
      distinct
    </if>
    <include refid="Base_Column_List" />
    from hby_industry
    <if test="_parameter != null">
      <include refid="Example_Where_Clause" />
    </if>
    <if test="orderByClause != null">
      order by ${orderByClause}
    </if>
  </select>
  <select id="selectByPrimaryKey" parameterType="java.lang.Long" resultMap="BaseResultMap">
    select 
    <include refid="Base_Column_List" />
    from hby_industry
    where id = #{id,jdbcType=BIGINT}
  </select>
  <delete id="deleteByPrimaryKey" parameterType="java.lang.Long">
    delete from hby_industry
    where id = #{id,jdbcType=BIGINT}
  </delete>
  <delete id="deleteByExample" parameterType="com.leniao.entity.HbyIndustryExample">
    delete from hby_industry
    <if test="_parameter != null">
      <include refid="Example_Where_Clause" />
    </if>
  </delete>
  <insert id="insert" parameterType="com.leniao.entity.HbyIndustry">
    insert into hby_industry (id, industry_name, bind_num, 
      create_time, create_user, update_time, 
      update_user, deleted, version
      )
    values (#{id,jdbcType=BIGINT}, #{industryName,jdbcType=VARCHAR}, #{bindNum,jdbcType=INTEGER}, 
      #{createTime,jdbcType=TIMESTAMP}, #{createUser,jdbcType=VARCHAR}, #{updateTime,jdbcType=TIMESTAMP}, 
      #{updateUser,jdbcType=VARCHAR}, #{deleted,jdbcType=INTEGER}, #{version,jdbcType=INTEGER}
      )
  </insert>
  <insert id="insertSelective" parameterType="com.leniao.entity.HbyIndustry">
    insert into hby_industry
    <trim prefix="(" suffix=")" suffixOverrides=",">
      <if test="id != null">
        id,
      </if>
      <if test="industryName != null">
        industry_name,
      </if>
      <if test="bindNum != null">
        bind_num,
      </if>
      <if test="createTime != null">
        create_time,
      </if>
      <if test="createUser != null">
        create_user,
      </if>
      <if test="updateTime != null">
        update_time,
      </if>
      <if test="updateUser != null">
        update_user,
      </if>
      <if test="deleted != null">
        deleted,
      </if>
      <if test="version != null">
        version,
      </if>
    </trim>
    <trim prefix="values (" suffix=")" suffixOverrides=",">
      <if test="id != null">
        #{id,jdbcType=BIGINT},
      </if>
      <if test="industryName != null">
        #{industryName,jdbcType=VARCHAR},
      </if>
      <if test="bindNum != null">
        #{bindNum,jdbcType=INTEGER},
      </if>
      <if test="createTime != null">
        #{createTime,jdbcType=TIMESTAMP},
      </if>
      <if test="createUser != null">
        #{createUser,jdbcType=VARCHAR},
      </if>
      <if test="updateTime != null">
        #{updateTime,jdbcType=TIMESTAMP},
      </if>
      <if test="updateUser != null">
        #{updateUser,jdbcType=VARCHAR},
      </if>
      <if test="deleted != null">
        #{deleted,jdbcType=INTEGER},
      </if>
      <if test="version != null">
        #{version,jdbcType=INTEGER},
      </if>
    </trim>
  </insert>
  <select id="countByExample" parameterType="com.leniao.entity.HbyIndustryExample" resultType="java.lang.Long">
    select count(*) from hby_industry
    <if test="_parameter != null">
      <include refid="Example_Where_Clause" />
    </if>
  </select>
  <update id="updateByExampleSelective" parameterType="map">
    update hby_industry
    <set>
      <if test="record.id != null">
        id = #{record.id,jdbcType=BIGINT},
      </if>
      <if test="record.industryName != null">
        industry_name = #{record.industryName,jdbcType=VARCHAR},
      </if>
      <if test="record.bindNum != null">
        bind_num = #{record.bindNum,jdbcType=INTEGER},
      </if>
      <if test="record.createTime != null">
        create_time = #{record.createTime,jdbcType=TIMESTAMP},
      </if>
      <if test="record.createUser != null">
        create_user = #{record.createUser,jdbcType=VARCHAR},
      </if>
      <if test="record.updateTime != null">
        update_time = #{record.updateTime,jdbcType=TIMESTAMP},
      </if>
      <if test="record.updateUser != null">
        update_user = #{record.updateUser,jdbcType=VARCHAR},
      </if>
      <if test="record.deleted != null">
        deleted = #{record.deleted,jdbcType=INTEGER},
      </if>
      <if test="record.version != null">
        version = #{record.version,jdbcType=INTEGER},
      </if>
    </set>
    <if test="_parameter != null">
      <include refid="Update_By_Example_Where_Clause" />
    </if>
  </update>
  <update id="updateByExample" parameterType="map">
    update hby_industry
    set id = #{record.id,jdbcType=BIGINT},
      industry_name = #{record.industryName,jdbcType=VARCHAR},
      bind_num = #{record.bindNum,jdbcType=INTEGER},
      create_time = #{record.createTime,jdbcType=TIMESTAMP},
      create_user = #{record.createUser,jdbcType=VARCHAR},
      update_time = #{record.updateTime,jdbcType=TIMESTAMP},
      update_user = #{record.updateUser,jdbcType=VARCHAR},
      deleted = #{record.deleted,jdbcType=INTEGER},
      version = #{record.version,jdbcType=INTEGER}
    <if test="_parameter != null">
      <include refid="Update_By_Example_Where_Clause" />
    </if>
  </update>
  <update id="updateByPrimaryKeySelective" parameterType="com.leniao.entity.HbyIndustry">
    update hby_industry
    <set>
      <if test="industryName != null">
        industry_name = #{industryName,jdbcType=VARCHAR},
      </if>
      <if test="bindNum != null">
        bind_num = #{bindNum,jdbcType=INTEGER},
      </if>
      <if test="createTime != null">
        create_time = #{createTime,jdbcType=TIMESTAMP},
      </if>
      <if test="createUser != null">
        create_user = #{createUser,jdbcType=VARCHAR},
      </if>
      <if test="updateTime != null">
        update_time = #{updateTime,jdbcType=TIMESTAMP},
      </if>
      <if test="updateUser != null">
        update_user = #{updateUser,jdbcType=VARCHAR},
      </if>
      <if test="deleted != null">
        deleted = #{deleted,jdbcType=INTEGER},
      </if>
      <if test="version != null">
        version = #{version,jdbcType=INTEGER},
      </if>
    </set>
    where id = #{id,jdbcType=BIGINT}
  </update>
  <update id="updateByPrimaryKey" parameterType="com.leniao.entity.HbyIndustry">
    update hby_industry
    set industry_name = #{industryName,jdbcType=VARCHAR},
      bind_num = #{bindNum,jdbcType=INTEGER},
      create_time = #{createTime,jdbcType=TIMESTAMP},
      create_user = #{createUser,jdbcType=VARCHAR},
      update_time = #{updateTime,jdbcType=TIMESTAMP},
      update_user = #{updateUser,jdbcType=VARCHAR},
      deleted = #{deleted,jdbcType=INTEGER},
      version = #{version,jdbcType=INTEGER}
    where id = #{id,jdbcType=BIGINT}
  </update>
</mapper>