<?xml version="1.0" encoding="UTF-8" ?>
<!DOCTYPE mapper PUBLIC "-//mybatis.org//DTD Mapper 3.0//EN" "http://mybatis.org/dtd/mybatis-3-mapper.dtd" >
<mapper namespace="com.leniao.mapper.HbyMonthAndYearEleCountMapper" >
  <resultMap id="BaseResultMap" type="com.leniao.entity.HbyMonthAndYearEleCount" >
    <id column="id" property="id" jdbcType="BIGINT" />
    <result column="unit_id" property="unitId" jdbcType="INTEGER" />
    <result column="dev_idpk" property="devIdpk" jdbcType="INTEGER" />
    <result column="year" property="year" jdbcType="INTEGER" />
    <result column="month" property="month" jdbcType="INTEGER" />
    <result column="ele_total" property="eleTotal" jdbcType="DECIMAL" />
  </resultMap>
  <sql id="Example_Where_Clause" >
    <where >
      <foreach collection="oredCriteria" item="criteria" separator="or" >
        <if test="criteria.valid" >
          <trim prefix="(" suffix=")" prefixOverrides="and" >
            <foreach collection="criteria.criteria" item="criterion" >
              <choose >
                <when test="criterion.noValue" >
                  and ${criterion.condition}
                </when>
                <when test="criterion.singleValue" >
                  and ${criterion.condition} #{criterion.value}
                </when>
                <when test="criterion.betweenValue" >
                  and ${criterion.condition} #{criterion.value} and #{criterion.secondValue}
                </when>
                <when test="criterion.listValue" >
                  and ${criterion.condition}
                  <foreach collection="criterion.value" item="listItem" open="(" close=")" separator="," >
                    #{listItem}
                  </foreach>
                </when>
              </choose>
            </foreach>
          </trim>
        </if>
      </foreach>
    </where>
  </sql>
  <sql id="Update_By_Example_Where_Clause" >
    <where >
      <foreach collection="example.oredCriteria" item="criteria" separator="or" >
        <if test="criteria.valid" >
          <trim prefix="(" suffix=")" prefixOverrides="and" >
            <foreach collection="criteria.criteria" item="criterion" >
              <choose >
                <when test="criterion.noValue" >
                  and ${criterion.condition}
                </when>
                <when test="criterion.singleValue" >
                  and ${criterion.condition} #{criterion.value}
                </when>
                <when test="criterion.betweenValue" >
                  and ${criterion.condition} #{criterion.value} and #{criterion.secondValue}
                </when>
                <when test="criterion.listValue" >
                  and ${criterion.condition}
                  <foreach collection="criterion.value" item="listItem" open="(" close=")" separator="," >
                    #{listItem}
                  </foreach>
                </when>
              </choose>
            </foreach>
          </trim>
        </if>
      </foreach>
    </where>
  </sql>
  <sql id="Base_Column_List" >
    id, unit_id, dev_idpk, year, month, ele_total
  </sql>
  <select id="selectByExample" resultMap="BaseResultMap" parameterType="com.leniao.entity.HbyMonthAndYearEleCountExample" >
    select
    <if test="distinct" >
      distinct
    </if>
    <include refid="Base_Column_List" />
    from hby_month_and_year_ele_count
    <if test="_parameter != null" >
      <include refid="Example_Where_Clause" />
    </if>
    <if test="orderByClause != null" >
      order by ${orderByClause}
    </if>
  </select>
  <select id="selectByPrimaryKey" resultMap="BaseResultMap" parameterType="java.lang.Long" >
    select 
    <include refid="Base_Column_List" />
    from hby_month_and_year_ele_count
    where id = #{id,jdbcType=BIGINT}
  </select>
  <delete id="deleteByPrimaryKey" parameterType="java.lang.Long" >
    delete from hby_month_and_year_ele_count
    where id = #{id,jdbcType=BIGINT}
  </delete>
  <delete id="deleteByExample" parameterType="com.leniao.entity.HbyMonthAndYearEleCountExample" >
    delete from hby_month_and_year_ele_count
    <if test="_parameter != null" >
      <include refid="Example_Where_Clause" />
    </if>
  </delete>
  <insert id="insert" parameterType="com.leniao.entity.HbyMonthAndYearEleCount" >
    insert into hby_month_and_year_ele_count (id, unit_id, dev_idpk, 
      year, month, ele_total
      )
    values (#{id,jdbcType=BIGINT}, #{unitId,jdbcType=INTEGER}, #{devIdpk,jdbcType=INTEGER}, 
      #{year,jdbcType=INTEGER}, #{month,jdbcType=INTEGER}, #{eleTotal,jdbcType=DECIMAL}
      )
  </insert>
  <insert id="insertSelective" parameterType="com.leniao.entity.HbyMonthAndYearEleCount" >
    insert into hby_month_and_year_ele_count
    <trim prefix="(" suffix=")" suffixOverrides="," >
      <if test="id != null" >
        id,
      </if>
      <if test="unitId != null" >
        unit_id,
      </if>
      <if test="devIdpk != null" >
        dev_idpk,
      </if>
      <if test="year != null" >
        year,
      </if>
      <if test="month != null" >
        month,
      </if>
      <if test="eleTotal != null" >
        ele_total,
      </if>
    </trim>
    <trim prefix="values (" suffix=")" suffixOverrides="," >
      <if test="id != null" >
        #{id,jdbcType=BIGINT},
      </if>
      <if test="unitId != null" >
        #{unitId,jdbcType=INTEGER},
      </if>
      <if test="devIdpk != null" >
        #{devIdpk,jdbcType=INTEGER},
      </if>
      <if test="year != null" >
        #{year,jdbcType=INTEGER},
      </if>
      <if test="month != null" >
        #{month,jdbcType=INTEGER},
      </if>
      <if test="eleTotal != null" >
        #{eleTotal,jdbcType=DECIMAL},
      </if>
    </trim>
  </insert>
  <select id="countByExample" parameterType="com.leniao.entity.HbyMonthAndYearEleCountExample" resultType="java.lang.Integer" >
    select count(*) from hby_month_and_year_ele_count
    <if test="_parameter != null" >
      <include refid="Example_Where_Clause" />
    </if>
  </select>
  <update id="updateByExampleSelective" parameterType="map" >
    update hby_month_and_year_ele_count
    <set >
      <if test="record.id != null" >
        id = #{record.id,jdbcType=BIGINT},
      </if>
      <if test="record.unitId != null" >
        unit_id = #{record.unitId,jdbcType=INTEGER},
      </if>
      <if test="record.devIdpk != null" >
        dev_idpk = #{record.devIdpk,jdbcType=INTEGER},
      </if>
      <if test="record.year != null" >
        year = #{record.year,jdbcType=INTEGER},
      </if>
      <if test="record.month != null" >
        month = #{record.month,jdbcType=INTEGER},
      </if>
      <if test="record.eleTotal != null" >
        ele_total = #{record.eleTotal,jdbcType=DECIMAL},
      </if>
    </set>
    <if test="_parameter != null" >
      <include refid="Update_By_Example_Where_Clause" />
    </if>
  </update>
  <update id="updateByExample" parameterType="map" >
    update hby_month_and_year_ele_count
    set id = #{record.id,jdbcType=BIGINT},
      unit_id = #{record.unitId,jdbcType=INTEGER},
      dev_idpk = #{record.devIdpk,jdbcType=INTEGER},
      year = #{record.year,jdbcType=INTEGER},
      month = #{record.month,jdbcType=INTEGER},
      ele_total = #{record.eleTotal,jdbcType=DECIMAL}
    <if test="_parameter != null" >
      <include refid="Update_By_Example_Where_Clause" />
    </if>
  </update>
  <update id="updateByPrimaryKeySelective" parameterType="com.leniao.entity.HbyMonthAndYearEleCount" >
    update hby_month_and_year_ele_count
    <set >
      <if test="unitId != null" >
        unit_id = #{unitId,jdbcType=INTEGER},
      </if>
      <if test="devIdpk != null" >
        dev_idpk = #{devIdpk,jdbcType=INTEGER},
      </if>
      <if test="year != null" >
        year = #{year,jdbcType=INTEGER},
      </if>
      <if test="month != null" >
        month = #{month,jdbcType=INTEGER},
      </if>
      <if test="eleTotal != null" >
        ele_total = #{eleTotal,jdbcType=DECIMAL},
      </if>
    </set>
    where id = #{id,jdbcType=BIGINT}
  </update>
  <update id="updateByPrimaryKey" parameterType="com.leniao.entity.HbyMonthAndYearEleCount" >
    update hby_month_and_year_ele_count
    set unit_id = #{unitId,jdbcType=INTEGER},
      dev_idpk = #{devIdpk,jdbcType=INTEGER},
      year = #{year,jdbcType=INTEGER},
      month = #{month,jdbcType=INTEGER},
      ele_total = #{eleTotal,jdbcType=DECIMAL}
    where id = #{id,jdbcType=BIGINT}
  </update>
</mapper>