<?xml version="1.0" encoding="UTF-8"?>
<!DOCTYPE mapper PUBLIC "-//mybatis.org//DTD Mapper 3.0//EN" "http://mybatis.org/dtd/mybatis-3-mapper.dtd">
<mapper namespace="com.leniao.mapper.HbyOverLookPointMapper">
  <resultMap id="BaseResultMap" type="com.leniao.entity.HbyOverLookPoint">
    <id column="id" jdbcType="BIGINT" property="id" />
    <result column="unit_id" jdbcType="INTEGER" property="unitId" />
    <result column="over_look_name" jdbcType="VARCHAR" property="overLookName" />
    <result column="dev_group_id" jdbcType="INTEGER" property="devGroupId" />
    <result column="is_demo_box" jdbcType="INTEGER" property="isDemoBox" />
    <result column="dev_using" jdbcType="VARCHAR" property="devUsing" />
    <result column="remark" jdbcType="VARCHAR" property="remark" />
    <result column="point_type" jdbcType="INTEGER" property="pointType" />
    <result column="poll_dev_power" jdbcType="INTEGER" property="pollDevPower" />
    <result column="poll_dev_rated_voltg" jdbcType="INTEGER" property="pollDevRatedVoltg" />
    <result column="poll_dev_power_sill_val" jdbcType="INTEGER" property="pollDevPowerSillVal" />
    <result column="poll_dev_power_live_time" jdbcType="INTEGER" property="pollDevPowerLiveTime" />
    <result column="poll_dev_ele_sill_val" jdbcType="INTEGER" property="pollDevEleSillVal" />
    <result column="poll_dev_ele_live_time" jdbcType="INTEGER" property="pollDevEleLiveTime" />
    <result column="poll_dev_type" jdbcType="INTEGER" property="pollDevType" />
    <result column="con_dev_power" jdbcType="INTEGER" property="conDevPower" />
    <result column="con_dev_rated_voltg" jdbcType="INTEGER" property="conDevRatedVoltg" />
    <result column="con_dev_power_sill_val" jdbcType="INTEGER" property="conDevPowerSillVal" />
    <result column="con_dev_power_live_time" jdbcType="INTEGER" property="conDevPowerLiveTime" />
    <result column="con_dev_ele_sill_val" jdbcType="INTEGER" property="conDevEleSillVal" />
    <result column="con_dev_ele_live_time" jdbcType="INTEGER" property="conDevEleLiveTime" />
    <result column="con_dev_type" jdbcType="INTEGER" property="conDevType" />
    <result column="platform_id" jdbcType="INTEGER" property="platformId" />
    <result column="create_time" jdbcType="TIMESTAMP" property="createTime" />
    <result column="create_user" jdbcType="VARCHAR" property="createUser" />
    <result column="update_time" jdbcType="TIMESTAMP" property="updateTime" />
    <result column="update_user" jdbcType="VARCHAR" property="updateUser" />
    <result column="deleted" jdbcType="INTEGER" property="deleted" />
    <result column="version" jdbcType="INTEGER" property="version" />
  </resultMap>
  <sql id="Example_Where_Clause">
    <where>
      <foreach collection="oredCriteria" item="criteria" separator="or">
        <if test="criteria.valid">
          <trim prefix="(" prefixOverrides="and" suffix=")">
            <foreach collection="criteria.criteria" item="criterion">
              <choose>
                <when test="criterion.noValue">
                  and ${criterion.condition}
                </when>
                <when test="criterion.singleValue">
                  and ${criterion.condition} #{criterion.value}
                </when>
                <when test="criterion.betweenValue">
                  and ${criterion.condition} #{criterion.value} and #{criterion.secondValue}
                </when>
                <when test="criterion.listValue">
                  and ${criterion.condition}
                  <foreach close=")" collection="criterion.value" item="listItem" open="(" separator=",">
                    #{listItem}
                  </foreach>
                </when>
              </choose>
            </foreach>
          </trim>
        </if>
      </foreach>
    </where>
  </sql>
  <sql id="Update_By_Example_Where_Clause">
    <where>
      <foreach collection="example.oredCriteria" item="criteria" separator="or">
        <if test="criteria.valid">
          <trim prefix="(" prefixOverrides="and" suffix=")">
            <foreach collection="criteria.criteria" item="criterion">
              <choose>
                <when test="criterion.noValue">
                  and ${criterion.condition}
                </when>
                <when test="criterion.singleValue">
                  and ${criterion.condition} #{criterion.value}
                </when>
                <when test="criterion.betweenValue">
                  and ${criterion.condition} #{criterion.value} and #{criterion.secondValue}
                </when>
                <when test="criterion.listValue">
                  and ${criterion.condition}
                  <foreach close=")" collection="criterion.value" item="listItem" open="(" separator=",">
                    #{listItem}
                  </foreach>
                </when>
              </choose>
            </foreach>
          </trim>
        </if>
      </foreach>
    </where>
  </sql>
  <sql id="Base_Column_List">
    id, unit_id, over_look_name, dev_group_id, is_demo_box, dev_using, remark, point_type, 
    poll_dev_power, poll_dev_rated_voltg, poll_dev_power_sill_val, poll_dev_power_live_time, 
    poll_dev_ele_sill_val, poll_dev_ele_live_time, poll_dev_type, con_dev_power, con_dev_rated_voltg, 
    con_dev_power_sill_val, con_dev_power_live_time, con_dev_ele_sill_val, con_dev_ele_live_time, 
    con_dev_type, platform_id, create_time, create_user, update_time, update_user, deleted, 
    version
  </sql>
  <select id="selectByExample" parameterType="com.leniao.entity.HbyOverLookPointExample" resultMap="BaseResultMap">
    select
    <if test="distinct">
      distinct
    </if>
    <include refid="Base_Column_List" />
    from hby_overlookpoint
    <if test="_parameter != null">
      <include refid="Example_Where_Clause" />
    </if>
    <if test="orderByClause != null">
      order by ${orderByClause}
    </if>
  </select>
  <select id="selectByPrimaryKey" parameterType="java.lang.Long" resultMap="BaseResultMap">
    select 
    <include refid="Base_Column_List" />
    from hby_overlookpoint
    where id = #{id,jdbcType=BIGINT}
  </select>
  <delete id="deleteByPrimaryKey" parameterType="java.lang.Long">
    delete from hby_overlookpoint
    where id = #{id,jdbcType=BIGINT}
  </delete>
  <delete id="deleteByExample" parameterType="com.leniao.entity.HbyOverLookPointExample">
    delete from hby_overlookpoint
    <if test="_parameter != null">
      <include refid="Example_Where_Clause" />
    </if>
  </delete>
  <insert id="insert" parameterType="com.leniao.entity.HbyOverLookPoint">
    insert into hby_overlookpoint (id, unit_id, over_look_name, 
      dev_group_id, is_demo_box, dev_using, 
      remark, point_type, poll_dev_power, 
      poll_dev_rated_voltg, poll_dev_power_sill_val, 
      poll_dev_power_live_time, poll_dev_ele_sill_val, 
      poll_dev_ele_live_time, poll_dev_type, con_dev_power, 
      con_dev_rated_voltg, con_dev_power_sill_val, con_dev_power_live_time, 
      con_dev_ele_sill_val, con_dev_ele_live_time, con_dev_type, 
      platform_id, create_time, create_user, 
      update_time, update_user, deleted, 
      version)
    values (#{id,jdbcType=BIGINT}, #{unitId,jdbcType=INTEGER}, #{overLookName,jdbcType=VARCHAR}, 
      #{devGroupId,jdbcType=INTEGER}, #{isDemoBox,jdbcType=INTEGER}, #{devUsing,jdbcType=VARCHAR}, 
      #{remark,jdbcType=VARCHAR}, #{pointType,jdbcType=INTEGER}, #{pollDevPower,jdbcType=INTEGER}, 
      #{pollDevRatedVoltg,jdbcType=INTEGER}, #{pollDevPowerSillVal,jdbcType=INTEGER}, 
      #{pollDevPowerLiveTime,jdbcType=INTEGER}, #{pollDevEleSillVal,jdbcType=INTEGER}, 
      #{pollDevEleLiveTime,jdbcType=INTEGER}, #{pollDevType,jdbcType=INTEGER}, #{conDevPower,jdbcType=INTEGER}, 
      #{conDevRatedVoltg,jdbcType=INTEGER}, #{conDevPowerSillVal,jdbcType=INTEGER}, #{conDevPowerLiveTime,jdbcType=INTEGER}, 
      #{conDevEleSillVal,jdbcType=INTEGER}, #{conDevEleLiveTime,jdbcType=INTEGER}, #{conDevType,jdbcType=INTEGER}, 
      #{platformId,jdbcType=INTEGER}, #{createTime,jdbcType=TIMESTAMP}, #{createUser,jdbcType=VARCHAR}, 
      #{updateTime,jdbcType=TIMESTAMP}, #{updateUser,jdbcType=VARCHAR}, #{deleted,jdbcType=INTEGER}, 
      #{version,jdbcType=INTEGER})
  </insert>
  <insert id="insertSelective" parameterType="com.leniao.entity.HbyOverLookPoint">
    insert into hby_overlookpoint
    <trim prefix="(" suffix=")" suffixOverrides=",">
      <if test="id != null">
        id,
      </if>
      <if test="unitId != null">
        unit_id,
      </if>
      <if test="overLookName != null">
        over_look_name,
      </if>
      <if test="devGroupId != null">
        dev_group_id,
      </if>
      <if test="isDemoBox != null">
        is_demo_box,
      </if>
      <if test="devUsing != null">
        dev_using,
      </if>
      <if test="remark != null">
        remark,
      </if>
      <if test="pointType != null">
        point_type,
      </if>
      <if test="pollDevPower != null">
        poll_dev_power,
      </if>
      <if test="pollDevRatedVoltg != null">
        poll_dev_rated_voltg,
      </if>
      <if test="pollDevPowerSillVal != null">
        poll_dev_power_sill_val,
      </if>
      <if test="pollDevPowerLiveTime != null">
        poll_dev_power_live_time,
      </if>
      <if test="pollDevEleSillVal != null">
        poll_dev_ele_sill_val,
      </if>
      <if test="pollDevEleLiveTime != null">
        poll_dev_ele_live_time,
      </if>
      <if test="pollDevType != null">
        poll_dev_type,
      </if>
      <if test="conDevPower != null">
        con_dev_power,
      </if>
      <if test="conDevRatedVoltg != null">
        con_dev_rated_voltg,
      </if>
      <if test="conDevPowerSillVal != null">
        con_dev_power_sill_val,
      </if>
      <if test="conDevPowerLiveTime != null">
        con_dev_power_live_time,
      </if>
      <if test="conDevEleSillVal != null">
        con_dev_ele_sill_val,
      </if>
      <if test="conDevEleLiveTime != null">
        con_dev_ele_live_time,
      </if>
      <if test="conDevType != null">
        con_dev_type,
      </if>
      <if test="platformId != null">
        platform_id,
      </if>
      <if test="createTime != null">
        create_time,
      </if>
      <if test="createUser != null">
        create_user,
      </if>
      <if test="updateTime != null">
        update_time,
      </if>
      <if test="updateUser != null">
        update_user,
      </if>
      <if test="deleted != null">
        deleted,
      </if>
      <if test="version != null">
        version,
      </if>
    </trim>
    <trim prefix="values (" suffix=")" suffixOverrides=",">
      <if test="id != null">
        #{id,jdbcType=BIGINT},
      </if>
      <if test="unitId != null">
        #{unitId,jdbcType=INTEGER},
      </if>
      <if test="overLookName != null">
        #{overLookName,jdbcType=VARCHAR},
      </if>
      <if test="devGroupId != null">
        #{devGroupId,jdbcType=INTEGER},
      </if>
      <if test="isDemoBox != null">
        #{isDemoBox,jdbcType=INTEGER},
      </if>
      <if test="devUsing != null">
        #{devUsing,jdbcType=VARCHAR},
      </if>
      <if test="remark != null">
        #{remark,jdbcType=VARCHAR},
      </if>
      <if test="pointType != null">
        #{pointType,jdbcType=INTEGER},
      </if>
      <if test="pollDevPower != null">
        #{pollDevPower,jdbcType=INTEGER},
      </if>
      <if test="pollDevRatedVoltg != null">
        #{pollDevRatedVoltg,jdbcType=INTEGER},
      </if>
      <if test="pollDevPowerSillVal != null">
        #{pollDevPowerSillVal,jdbcType=INTEGER},
      </if>
      <if test="pollDevPowerLiveTime != null">
        #{pollDevPowerLiveTime,jdbcType=INTEGER},
      </if>
      <if test="pollDevEleSillVal != null">
        #{pollDevEleSillVal,jdbcType=INTEGER},
      </if>
      <if test="pollDevEleLiveTime != null">
        #{pollDevEleLiveTime,jdbcType=INTEGER},
      </if>
      <if test="pollDevType != null">
        #{pollDevType,jdbcType=INTEGER},
      </if>
      <if test="conDevPower != null">
        #{conDevPower,jdbcType=INTEGER},
      </if>
      <if test="conDevRatedVoltg != null">
        #{conDevRatedVoltg,jdbcType=INTEGER},
      </if>
      <if test="conDevPowerSillVal != null">
        #{conDevPowerSillVal,jdbcType=INTEGER},
      </if>
      <if test="conDevPowerLiveTime != null">
        #{conDevPowerLiveTime,jdbcType=INTEGER},
      </if>
      <if test="conDevEleSillVal != null">
        #{conDevEleSillVal,jdbcType=INTEGER},
      </if>
      <if test="conDevEleLiveTime != null">
        #{conDevEleLiveTime,jdbcType=INTEGER},
      </if>
      <if test="conDevType != null">
        #{conDevType,jdbcType=INTEGER},
      </if>
      <if test="platformId != null">
        #{platformId,jdbcType=INTEGER},
      </if>
      <if test="createTime != null">
        #{createTime,jdbcType=TIMESTAMP},
      </if>
      <if test="createUser != null">
        #{createUser,jdbcType=VARCHAR},
      </if>
      <if test="updateTime != null">
        #{updateTime,jdbcType=TIMESTAMP},
      </if>
      <if test="updateUser != null">
        #{updateUser,jdbcType=VARCHAR},
      </if>
      <if test="deleted != null">
        #{deleted,jdbcType=INTEGER},
      </if>
      <if test="version != null">
        #{version,jdbcType=INTEGER},
      </if>
    </trim>
  </insert>
  <select id="countByExample" parameterType="com.leniao.entity.HbyOverLookPointExample" resultType="java.lang.Long">
    select count(*) from hby_overlookpoint
    <if test="_parameter != null">
      <include refid="Example_Where_Clause" />
    </if>
  </select>
  <update id="updateByExampleSelective" parameterType="map">
    update hby_overlookpoint
    <set>
      <if test="record.id != null">
        id = #{record.id,jdbcType=BIGINT},
      </if>
      <if test="record.unitId != null">
        unit_id = #{record.unitId,jdbcType=INTEGER},
      </if>
      <if test="record.overLookName != null">
        over_look_name = #{record.overLookName,jdbcType=VARCHAR},
      </if>
      <if test="record.devGroupId != null">
        dev_group_id = #{record.devGroupId,jdbcType=INTEGER},
      </if>
      <if test="record.isDemoBox != null">
        is_demo_box = #{record.isDemoBox,jdbcType=INTEGER},
      </if>
      <if test="record.devUsing != null">
        dev_using = #{record.devUsing,jdbcType=VARCHAR},
      </if>
      <if test="record.remark != null">
        remark = #{record.remark,jdbcType=VARCHAR},
      </if>
      <if test="record.pointType != null">
        point_type = #{record.pointType,jdbcType=INTEGER},
      </if>
      <if test="record.pollDevPower != null">
        poll_dev_power = #{record.pollDevPower,jdbcType=INTEGER},
      </if>
      <if test="record.pollDevRatedVoltg != null">
        poll_dev_rated_voltg = #{record.pollDevRatedVoltg,jdbcType=INTEGER},
      </if>
      <if test="record.pollDevPowerSillVal != null">
        poll_dev_power_sill_val = #{record.pollDevPowerSillVal,jdbcType=INTEGER},
      </if>
      <if test="record.pollDevPowerLiveTime != null">
        poll_dev_power_live_time = #{record.pollDevPowerLiveTime,jdbcType=INTEGER},
      </if>
      <if test="record.pollDevEleSillVal != null">
        poll_dev_ele_sill_val = #{record.pollDevEleSillVal,jdbcType=INTEGER},
      </if>
      <if test="record.pollDevEleLiveTime != null">
        poll_dev_ele_live_time = #{record.pollDevEleLiveTime,jdbcType=INTEGER},
      </if>
      <if test="record.pollDevType != null">
        poll_dev_type = #{record.pollDevType,jdbcType=INTEGER},
      </if>
      <if test="record.conDevPower != null">
        con_dev_power = #{record.conDevPower,jdbcType=INTEGER},
      </if>
      <if test="record.conDevRatedVoltg != null">
        con_dev_rated_voltg = #{record.conDevRatedVoltg,jdbcType=INTEGER},
      </if>
      <if test="record.conDevPowerSillVal != null">
        con_dev_power_sill_val = #{record.conDevPowerSillVal,jdbcType=INTEGER},
      </if>
      <if test="record.conDevPowerLiveTime != null">
        con_dev_power_live_time = #{record.conDevPowerLiveTime,jdbcType=INTEGER},
      </if>
      <if test="record.conDevEleSillVal != null">
        con_dev_ele_sill_val = #{record.conDevEleSillVal,jdbcType=INTEGER},
      </if>
      <if test="record.conDevEleLiveTime != null">
        con_dev_ele_live_time = #{record.conDevEleLiveTime,jdbcType=INTEGER},
      </if>
      <if test="record.conDevType != null">
        con_dev_type = #{record.conDevType,jdbcType=INTEGER},
      </if>
      <if test="record.platformId != null">
        platform_id = #{record.platformId,jdbcType=INTEGER},
      </if>
      <if test="record.createTime != null">
        create_time = #{record.createTime,jdbcType=TIMESTAMP},
      </if>
      <if test="record.createUser != null">
        create_user = #{record.createUser,jdbcType=VARCHAR},
      </if>
      <if test="record.updateTime != null">
        update_time = #{record.updateTime,jdbcType=TIMESTAMP},
      </if>
      <if test="record.updateUser != null">
        update_user = #{record.updateUser,jdbcType=VARCHAR},
      </if>
      <if test="record.deleted != null">
        deleted = #{record.deleted,jdbcType=INTEGER},
      </if>
      <if test="record.version != null">
        version = #{record.version,jdbcType=INTEGER},
      </if>
    </set>
    <if test="_parameter != null">
      <include refid="Update_By_Example_Where_Clause" />
    </if>
  </update>
  <update id="updateByExample" parameterType="map">
    update hby_overlookpoint
    set id = #{record.id,jdbcType=BIGINT},
      unit_id = #{record.unitId,jdbcType=INTEGER},
      over_look_name = #{record.overLookName,jdbcType=VARCHAR},
      dev_group_id = #{record.devGroupId,jdbcType=INTEGER},
      is_demo_box = #{record.isDemoBox,jdbcType=INTEGER},
      dev_using = #{record.devUsing,jdbcType=VARCHAR},
      remark = #{record.remark,jdbcType=VARCHAR},
      point_type = #{record.pointType,jdbcType=INTEGER},
      poll_dev_power = #{record.pollDevPower,jdbcType=INTEGER},
      poll_dev_rated_voltg = #{record.pollDevRatedVoltg,jdbcType=INTEGER},
      poll_dev_power_sill_val = #{record.pollDevPowerSillVal,jdbcType=INTEGER},
      poll_dev_power_live_time = #{record.pollDevPowerLiveTime,jdbcType=INTEGER},
      poll_dev_ele_sill_val = #{record.pollDevEleSillVal,jdbcType=INTEGER},
      poll_dev_ele_live_time = #{record.pollDevEleLiveTime,jdbcType=INTEGER},
      poll_dev_type = #{record.pollDevType,jdbcType=INTEGER},
      con_dev_power = #{record.conDevPower,jdbcType=INTEGER},
      con_dev_rated_voltg = #{record.conDevRatedVoltg,jdbcType=INTEGER},
      con_dev_power_sill_val = #{record.conDevPowerSillVal,jdbcType=INTEGER},
      con_dev_power_live_time = #{record.conDevPowerLiveTime,jdbcType=INTEGER},
      con_dev_ele_sill_val = #{record.conDevEleSillVal,jdbcType=INTEGER},
      con_dev_ele_live_time = #{record.conDevEleLiveTime,jdbcType=INTEGER},
      con_dev_type = #{record.conDevType,jdbcType=INTEGER},
      platform_id = #{record.platformId,jdbcType=INTEGER},
      create_time = #{record.createTime,jdbcType=TIMESTAMP},
      create_user = #{record.createUser,jdbcType=VARCHAR},
      update_time = #{record.updateTime,jdbcType=TIMESTAMP},
      update_user = #{record.updateUser,jdbcType=VARCHAR},
      deleted = #{record.deleted,jdbcType=INTEGER},
      version = #{record.version,jdbcType=INTEGER}
    <if test="_parameter != null">
      <include refid="Update_By_Example_Where_Clause" />
    </if>
  </update>
  <update id="updateByPrimaryKeySelective" parameterType="com.leniao.entity.HbyOverLookPoint">
    update hby_overlookpoint
    <set>
      <if test="unitId != null">
        unit_id = #{unitId,jdbcType=INTEGER},
      </if>
      <if test="overLookName != null">
        over_look_name = #{overLookName,jdbcType=VARCHAR},
      </if>
      <if test="devGroupId != null">
        dev_group_id = #{devGroupId,jdbcType=INTEGER},
      </if>
      <if test="isDemoBox != null">
        is_demo_box = #{isDemoBox,jdbcType=INTEGER},
      </if>
      <if test="devUsing != null">
        dev_using = #{devUsing,jdbcType=VARCHAR},
      </if>
      <if test="remark != null">
        remark = #{remark,jdbcType=VARCHAR},
      </if>
      <if test="pointType != null">
        point_type = #{pointType,jdbcType=INTEGER},
      </if>
      <if test="pollDevPower != null">
        poll_dev_power = #{pollDevPower,jdbcType=INTEGER},
      </if>
      <if test="pollDevRatedVoltg != null">
        poll_dev_rated_voltg = #{pollDevRatedVoltg,jdbcType=INTEGER},
      </if>
      <if test="pollDevPowerSillVal != null">
        poll_dev_power_sill_val = #{pollDevPowerSillVal,jdbcType=INTEGER},
      </if>
      <if test="pollDevPowerLiveTime != null">
        poll_dev_power_live_time = #{pollDevPowerLiveTime,jdbcType=INTEGER},
      </if>
      <if test="pollDevEleSillVal != null">
        poll_dev_ele_sill_val = #{pollDevEleSillVal,jdbcType=INTEGER},
      </if>
      <if test="pollDevEleLiveTime != null">
        poll_dev_ele_live_time = #{pollDevEleLiveTime,jdbcType=INTEGER},
      </if>
      <if test="pollDevType != null">
        poll_dev_type = #{pollDevType,jdbcType=INTEGER},
      </if>
      <if test="conDevPower != null">
        con_dev_power = #{conDevPower,jdbcType=INTEGER},
      </if>
      <if test="conDevRatedVoltg != null">
        con_dev_rated_voltg = #{conDevRatedVoltg,jdbcType=INTEGER},
      </if>
      <if test="conDevPowerSillVal != null">
        con_dev_power_sill_val = #{conDevPowerSillVal,jdbcType=INTEGER},
      </if>
      <if test="conDevPowerLiveTime != null">
        con_dev_power_live_time = #{conDevPowerLiveTime,jdbcType=INTEGER},
      </if>
      <if test="conDevEleSillVal != null">
        con_dev_ele_sill_val = #{conDevEleSillVal,jdbcType=INTEGER},
      </if>
      <if test="conDevEleLiveTime != null">
        con_dev_ele_live_time = #{conDevEleLiveTime,jdbcType=INTEGER},
      </if>
      <if test="conDevType != null">
        con_dev_type = #{conDevType,jdbcType=INTEGER},
      </if>
      <if test="platformId != null">
        platform_id = #{platformId,jdbcType=INTEGER},
      </if>
      <if test="createTime != null">
        create_time = #{createTime,jdbcType=TIMESTAMP},
      </if>
      <if test="createUser != null">
        create_user = #{createUser,jdbcType=VARCHAR},
      </if>
      <if test="updateTime != null">
        update_time = #{updateTime,jdbcType=TIMESTAMP},
      </if>
      <if test="updateUser != null">
        update_user = #{updateUser,jdbcType=VARCHAR},
      </if>
      <if test="deleted != null">
        deleted = #{deleted,jdbcType=INTEGER},
      </if>
      <if test="version != null">
        version = #{version,jdbcType=INTEGER},
      </if>
    </set>
    where id = #{id,jdbcType=BIGINT}
  </update>
  <update id="updateByPrimaryKey" parameterType="com.leniao.entity.HbyOverLookPoint">
    update hby_overlookpoint
    set unit_id = #{unitId,jdbcType=INTEGER},
      over_look_name = #{overLookName,jdbcType=VARCHAR},
      dev_group_id = #{devGroupId,jdbcType=INTEGER},
      is_demo_box = #{isDemoBox,jdbcType=INTEGER},
      dev_using = #{devUsing,jdbcType=VARCHAR},
      remark = #{remark,jdbcType=VARCHAR},
      point_type = #{pointType,jdbcType=INTEGER},
      poll_dev_power = #{pollDevPower,jdbcType=INTEGER},
      poll_dev_rated_voltg = #{pollDevRatedVoltg,jdbcType=INTEGER},
      poll_dev_power_sill_val = #{pollDevPowerSillVal,jdbcType=INTEGER},
      poll_dev_power_live_time = #{pollDevPowerLiveTime,jdbcType=INTEGER},
      poll_dev_ele_sill_val = #{pollDevEleSillVal,jdbcType=INTEGER},
      poll_dev_ele_live_time = #{pollDevEleLiveTime,jdbcType=INTEGER},
      poll_dev_type = #{pollDevType,jdbcType=INTEGER},
      con_dev_power = #{conDevPower,jdbcType=INTEGER},
      con_dev_rated_voltg = #{conDevRatedVoltg,jdbcType=INTEGER},
      con_dev_power_sill_val = #{conDevPowerSillVal,jdbcType=INTEGER},
      con_dev_power_live_time = #{conDevPowerLiveTime,jdbcType=INTEGER},
      con_dev_ele_sill_val = #{conDevEleSillVal,jdbcType=INTEGER},
      con_dev_ele_live_time = #{conDevEleLiveTime,jdbcType=INTEGER},
      con_dev_type = #{conDevType,jdbcType=INTEGER},
      platform_id = #{platformId,jdbcType=INTEGER},
      create_time = #{createTime,jdbcType=TIMESTAMP},
      create_user = #{createUser,jdbcType=VARCHAR},
      update_time = #{updateTime,jdbcType=TIMESTAMP},
      update_user = #{updateUser,jdbcType=VARCHAR},
      deleted = #{deleted,jdbcType=INTEGER},
      version = #{version,jdbcType=INTEGER}
    where id = #{id,jdbcType=BIGINT}
  </update>
</mapper>