<?xml version="1.0" encoding="UTF-8"?>
<!DOCTYPE mapper PUBLIC "-//mybatis.org//DTD Mapper 3.0//EN" "http://mybatis.org/dtd/mybatis-3-mapper.dtd">
<mapper namespace="com.leniao.mapper.HbyOverLookDevJoinMapper">
  <resultMap id="BaseResultMap" type="com.leniao.entity.HbyOverLookDevJoin">
    <id column="id" jdbcType="BIGINT" property="id" />
    <result column="look_id" jdbcType="BIGINT" property="lookId" />
    <result column="dev_idpk" jdbcType="INTEGER" property="devIdpk" />
    <result column="dev_pro_ty" jdbcType="INTEGER" property="devProTy" />
    <result column="dev_work_state" jdbcType="INTEGER" property="devWorkState" />
  </resultMap>
  <sql id="Example_Where_Clause">
    <where>
      <foreach collection="oredCriteria" item="criteria" separator="or">
        <if test="criteria.valid">
          <trim prefix="(" prefixOverrides="and" suffix=")">
            <foreach collection="criteria.criteria" item="criterion">
              <choose>
                <when test="criterion.noValue">
                  and ${criterion.condition}
                </when>
                <when test="criterion.singleValue">
                  and ${criterion.condition} #{criterion.value}
                </when>
                <when test="criterion.betweenValue">
                  and ${criterion.condition} #{criterion.value} and #{criterion.secondValue}
                </when>
                <when test="criterion.listValue">
                  and ${criterion.condition}
                  <foreach close=")" collection="criterion.value" item="listItem" open="(" separator=",">
                    #{listItem}
                  </foreach>
                </when>
              </choose>
            </foreach>
          </trim>
        </if>
      </foreach>
    </where>
  </sql>
  <sql id="Update_By_Example_Where_Clause">
    <where>
      <foreach collection="example.oredCriteria" item="criteria" separator="or">
        <if test="criteria.valid">
          <trim prefix="(" prefixOverrides="and" suffix=")">
            <foreach collection="criteria.criteria" item="criterion">
              <choose>
                <when test="criterion.noValue">
                  and ${criterion.condition}
                </when>
                <when test="criterion.singleValue">
                  and ${criterion.condition} #{criterion.value}
                </when>
                <when test="criterion.betweenValue">
                  and ${criterion.condition} #{criterion.value} and #{criterion.secondValue}
                </when>
                <when test="criterion.listValue">
                  and ${criterion.condition}
                  <foreach close=")" collection="criterion.value" item="listItem" open="(" separator=",">
                    #{listItem}
                  </foreach>
                </when>
              </choose>
            </foreach>
          </trim>
        </if>
      </foreach>
    </where>
  </sql>
  <sql id="Base_Column_List">
    id, look_id, dev_idpk, dev_pro_ty, dev_work_state
  </sql>
  <select id="selectByExample" parameterType="com.leniao.entity.HbyOverLookDevJoinExample" resultMap="BaseResultMap">
    select
    <if test="distinct">
      distinct
    </if>
    <include refid="Base_Column_List" />
    from hby_overlook_dev_join
    <if test="_parameter != null">
      <include refid="Example_Where_Clause" />
    </if>
    <if test="orderByClause != null">
      order by ${orderByClause}
    </if>
  </select>
  <select id="selectByPrimaryKey" parameterType="java.lang.Long" resultMap="BaseResultMap">
    select 
    <include refid="Base_Column_List" />
    from hby_overlook_dev_join
    where id = #{id,jdbcType=BIGINT}
  </select>
  <delete id="deleteByPrimaryKey" parameterType="java.lang.Long">
    delete from hby_overlook_dev_join
    where id = #{id,jdbcType=BIGINT}
  </delete>
  <delete id="deleteByExample" parameterType="com.leniao.entity.HbyOverLookDevJoinExample">
    delete from hby_overlook_dev_join
    <if test="_parameter != null">
      <include refid="Example_Where_Clause" />
    </if>
  </delete>
  <insert id="insert" parameterType="com.leniao.entity.HbyOverLookDevJoin">
    insert into hby_overlook_dev_join (id, look_id, dev_idpk, 
      dev_pro_ty, dev_work_state)
    values (#{id,jdbcType=BIGINT}, #{lookId,jdbcType=BIGINT}, #{devIdpk,jdbcType=INTEGER}, 
      #{devProTy,jdbcType=INTEGER}, #{devWorkState,jdbcType=INTEGER})
  </insert>
  <insert id="insertSelective" parameterType="com.leniao.entity.HbyOverLookDevJoin">
    insert into hby_overlook_dev_join
    <trim prefix="(" suffix=")" suffixOverrides=",">
      <if test="id != null">
        id,
      </if>
      <if test="lookId != null">
        look_id,
      </if>
      <if test="devIdpk != null">
        dev_idpk,
      </if>
      <if test="devProTy != null">
        dev_pro_ty,
      </if>
      <if test="devWorkState != null">
        dev_work_state,
      </if>
    </trim>
    <trim prefix="values (" suffix=")" suffixOverrides=",">
      <if test="id != null">
        #{id,jdbcType=BIGINT},
      </if>
      <if test="lookId != null">
        #{lookId,jdbcType=BIGINT},
      </if>
      <if test="devIdpk != null">
        #{devIdpk,jdbcType=INTEGER},
      </if>
      <if test="devProTy != null">
        #{devProTy,jdbcType=INTEGER},
      </if>
      <if test="devWorkState != null">
        #{devWorkState,jdbcType=INTEGER},
      </if>
    </trim>
  </insert>
  <select id="countByExample" parameterType="com.leniao.entity.HbyOverLookDevJoinExample" resultType="java.lang.Long">
    select count(*) from hby_overlook_dev_join
    <if test="_parameter != null">
      <include refid="Example_Where_Clause" />
    </if>
  </select>
  <update id="updateByExampleSelective" parameterType="map">
    update hby_overlook_dev_join
    <set>
      <if test="record.id != null">
        id = #{record.id,jdbcType=BIGINT},
      </if>
      <if test="record.lookId != null">
        look_id = #{record.lookId,jdbcType=BIGINT},
      </if>
      <if test="record.devIdpk != null">
        dev_idpk = #{record.devIdpk,jdbcType=INTEGER},
      </if>
      <if test="record.devProTy != null">
        dev_pro_ty = #{record.devProTy,jdbcType=INTEGER},
      </if>
      <if test="record.devWorkState != null">
        dev_work_state = #{record.devWorkState,jdbcType=INTEGER},
      </if>
    </set>
    <if test="_parameter != null">
      <include refid="Update_By_Example_Where_Clause" />
    </if>
  </update>
  <update id="updateByExample" parameterType="map">
    update hby_overlook_dev_join
    set id = #{record.id,jdbcType=BIGINT},
      look_id = #{record.lookId,jdbcType=BIGINT},
      dev_idpk = #{record.devIdpk,jdbcType=INTEGER},
      dev_pro_ty = #{record.devProTy,jdbcType=INTEGER},
      dev_work_state = #{record.devWorkState,jdbcType=INTEGER}
    <if test="_parameter != null">
      <include refid="Update_By_Example_Where_Clause" />
    </if>
  </update>
  <update id="updateByPrimaryKeySelective" parameterType="com.leniao.entity.HbyOverLookDevJoin">
    update hby_overlook_dev_join
    <set>
      <if test="lookId != null">
        look_id = #{lookId,jdbcType=BIGINT},
      </if>
      <if test="devIdpk != null">
        dev_idpk = #{devIdpk,jdbcType=INTEGER},
      </if>
      <if test="devProTy != null">
        dev_pro_ty = #{devProTy,jdbcType=INTEGER},
      </if>
      <if test="devWorkState != null">
        dev_work_state = #{devWorkState,jdbcType=INTEGER},
      </if>
    </set>
    where id = #{id,jdbcType=BIGINT}
  </update>
  <update id="updateByPrimaryKey" parameterType="com.leniao.entity.HbyOverLookDevJoin">
    update hby_overlook_dev_join
    set look_id = #{lookId,jdbcType=BIGINT},
      dev_idpk = #{devIdpk,jdbcType=INTEGER},
      dev_pro_ty = #{devProTy,jdbcType=INTEGER},
      dev_work_state = #{devWorkState,jdbcType=INTEGER}
    where id = #{id,jdbcType=BIGINT}
  </update>
</mapper>