<?xml version="1.0" encoding="UTF-8"?>
<!DOCTYPE mapper PUBLIC "-//mybatis.org//DTD Mapper 3.0//EN" "http://mybatis.org/dtd/mybatis-3-mapper.dtd">
<mapper namespace="com.leniao.mapper.HbyProjectDayCountinfoMapper">
  <resultMap id="BaseResultMap" type="com.leniao.entity.HbyProjectDayCountinfo">
    <id column="id" jdbcType="BIGINT" property="id" />
    <result column="unit_id" jdbcType="INTEGER" property="unitId" />
    <result column="industry_idpk" jdbcType="BIGINT" property="industryIdpk" />
    <result column="agcy_id" jdbcType="BIGINT" property="agcyId" />
    <result column="year" jdbcType="INTEGER" property="year" />
    <result column="month" jdbcType="INTEGER" property="month" />
    <result column="day" jdbcType="INTEGER" property="day" />
    <result column="poll_dev_ele_use" jdbcType="VARCHAR" property="pollDevEleUse" />
    <result column="con_dev_ele_use" jdbcType="VARCHAR" property="conDevEleUse" />
    <result column="total_dev_ele_use" jdbcType="VARCHAR" property="totalDevEleUse" />
    <result column="poll_dev_err_num" jdbcType="BIGINT" property="pollDevErrNum" />
    <result column="con_dev_err_num" jdbcType="BIGINT" property="conDevErrNum" />
    <result column="stop_or_limit_err_num" jdbcType="BIGINT" property="stopOrLimitErrNum" />
    <result column="ele_err_num" jdbcType="BIGINT" property="eleErrNum" />
    <result column="power_err_num" jdbcType="BIGINT" property="powerErrNum" />
    <result column="dev_stop_err_num" jdbcType="BIGINT" property="devStopErrNum" />
    <result column="both_dev_num" jdbcType="INTEGER" property="bothDevNum" />
    <result column="poll_dev_num" jdbcType="INTEGER" property="pollDevNum" />
    <result column="con_dev_num" jdbcType="INTEGER" property="conDevNum" />
    <result column="run_dev_num" jdbcType="INTEGER" property="runDevNum" />
    <result column="stop_dev_num" jdbcType="INTEGER" property="stopDevNum" />
    <result column="lost_dev_num" jdbcType="INTEGER" property="lostDevNum" />
    <result column="power_max" jdbcType="VARCHAR" property="powerMax" />
    <result column="ele_max" jdbcType="VARCHAR" property="eleMax" />
    <result column="max_power_time" jdbcType="TIMESTAMP" property="maxPowerTime" />
    <result column="max_ele_time" jdbcType="TIMESTAMP" property="maxEleTime" />
    <result column="platform_id" jdbcType="INTEGER" property="platformId" />
    <result column="produc_state" jdbcType="INTEGER" property="producState" />
  </resultMap>
  <sql id="Example_Where_Clause">
    <where>
      <foreach collection="oredCriteria" item="criteria" separator="or">
        <if test="criteria.valid">
          <trim prefix="(" prefixOverrides="and" suffix=")">
            <foreach collection="criteria.criteria" item="criterion">
              <choose>
                <when test="criterion.noValue">
                  and ${criterion.condition}
                </when>
                <when test="criterion.singleValue">
                  and ${criterion.condition} #{criterion.value}
                </when>
                <when test="criterion.betweenValue">
                  and ${criterion.condition} #{criterion.value} and #{criterion.secondValue}
                </when>
                <when test="criterion.listValue">
                  and ${criterion.condition}
                  <foreach close=")" collection="criterion.value" item="listItem" open="(" separator=",">
                    #{listItem}
                  </foreach>
                </when>
              </choose>
            </foreach>
          </trim>
        </if>
      </foreach>
    </where>
  </sql>
  <sql id="Update_By_Example_Where_Clause">
    <where>
      <foreach collection="example.oredCriteria" item="criteria" separator="or">
        <if test="criteria.valid">
          <trim prefix="(" prefixOverrides="and" suffix=")">
            <foreach collection="criteria.criteria" item="criterion">
              <choose>
                <when test="criterion.noValue">
                  and ${criterion.condition}
                </when>
                <when test="criterion.singleValue">
                  and ${criterion.condition} #{criterion.value}
                </when>
                <when test="criterion.betweenValue">
                  and ${criterion.condition} #{criterion.value} and #{criterion.secondValue}
                </when>
                <when test="criterion.listValue">
                  and ${criterion.condition}
                  <foreach close=")" collection="criterion.value" item="listItem" open="(" separator=",">
                    #{listItem}
                  </foreach>
                </when>
              </choose>
            </foreach>
          </trim>
        </if>
      </foreach>
    </where>
  </sql>
  <sql id="Base_Column_List">
    id, unit_id, industry_idpk, agcy_id, year, month, day, poll_dev_ele_use, con_dev_ele_use, 
    total_dev_ele_use, poll_dev_err_num, con_dev_err_num, stop_or_limit_err_num, ele_err_num, 
    power_err_num, dev_stop_err_num, both_dev_num, poll_dev_num, con_dev_num, run_dev_num, 
    stop_dev_num, lost_dev_num, power_max, ele_max, max_power_time, max_ele_time, platform_id, 
    produc_state
  </sql>
  <select id="selectByExample" parameterType="com.leniao.entity.HbyProjectDayCountinfoExample" resultMap="BaseResultMap">
    select
    <if test="distinct">
      distinct
    </if>
    <include refid="Base_Column_List" />
    from hby_project_day_countinfo
    <if test="_parameter != null">
      <include refid="Example_Where_Clause" />
    </if>
    <if test="orderByClause != null">
      order by ${orderByClause}
    </if>
  </select>
  <select id="selectByPrimaryKey" parameterType="java.lang.Long" resultMap="BaseResultMap">
    select 
    <include refid="Base_Column_List" />
    from hby_project_day_countinfo
    where id = #{id,jdbcType=BIGINT}
  </select>
  <delete id="deleteByPrimaryKey" parameterType="java.lang.Long">
    delete from hby_project_day_countinfo
    where id = #{id,jdbcType=BIGINT}
  </delete>
  <delete id="deleteByExample" parameterType="com.leniao.entity.HbyProjectDayCountinfoExample">
    delete from hby_project_day_countinfo
    <if test="_parameter != null">
      <include refid="Example_Where_Clause" />
    </if>
  </delete>
  <insert id="insert" parameterType="com.leniao.entity.HbyProjectDayCountinfo">
    insert into hby_project_day_countinfo (id, unit_id, industry_idpk, 
      agcy_id, year, month, 
      day, poll_dev_ele_use, con_dev_ele_use, 
      total_dev_ele_use, poll_dev_err_num, con_dev_err_num, 
      stop_or_limit_err_num, ele_err_num, power_err_num, 
      dev_stop_err_num, both_dev_num, poll_dev_num, 
      con_dev_num, run_dev_num, stop_dev_num, 
      lost_dev_num, power_max, ele_max, 
      max_power_time, max_ele_time, platform_id, 
      produc_state)
    values (#{id,jdbcType=BIGINT}, #{unitId,jdbcType=INTEGER}, #{industryIdpk,jdbcType=BIGINT}, 
      #{agcyId,jdbcType=BIGINT}, #{year,jdbcType=INTEGER}, #{month,jdbcType=INTEGER}, 
      #{day,jdbcType=INTEGER}, #{pollDevEleUse,jdbcType=VARCHAR}, #{conDevEleUse,jdbcType=VARCHAR}, 
      #{totalDevEleUse,jdbcType=VARCHAR}, #{pollDevErrNum,jdbcType=BIGINT}, #{conDevErrNum,jdbcType=BIGINT}, 
      #{stopOrLimitErrNum,jdbcType=BIGINT}, #{eleErrNum,jdbcType=BIGINT}, #{powerErrNum,jdbcType=BIGINT}, 
      #{devStopErrNum,jdbcType=BIGINT}, #{bothDevNum,jdbcType=INTEGER}, #{pollDevNum,jdbcType=INTEGER}, 
      #{conDevNum,jdbcType=INTEGER}, #{runDevNum,jdbcType=INTEGER}, #{stopDevNum,jdbcType=INTEGER}, 
      #{lostDevNum,jdbcType=INTEGER}, #{powerMax,jdbcType=VARCHAR}, #{eleMax,jdbcType=VARCHAR}, 
      #{maxPowerTime,jdbcType=TIMESTAMP}, #{maxEleTime,jdbcType=TIMESTAMP}, #{platformId,jdbcType=INTEGER}, 
      #{producState,jdbcType=INTEGER})
  </insert>
  <insert id="insertSelective" parameterType="com.leniao.entity.HbyProjectDayCountinfo">
    insert into hby_project_day_countinfo
    <trim prefix="(" suffix=")" suffixOverrides=",">
      <if test="id != null">
        id,
      </if>
      <if test="unitId != null">
        unit_id,
      </if>
      <if test="industryIdpk != null">
        industry_idpk,
      </if>
      <if test="agcyId != null">
        agcy_id,
      </if>
      <if test="year != null">
        year,
      </if>
      <if test="month != null">
        month,
      </if>
      <if test="day != null">
        day,
      </if>
      <if test="pollDevEleUse != null">
        poll_dev_ele_use,
      </if>
      <if test="conDevEleUse != null">
        con_dev_ele_use,
      </if>
      <if test="totalDevEleUse != null">
        total_dev_ele_use,
      </if>
      <if test="pollDevErrNum != null">
        poll_dev_err_num,
      </if>
      <if test="conDevErrNum != null">
        con_dev_err_num,
      </if>
      <if test="stopOrLimitErrNum != null">
        stop_or_limit_err_num,
      </if>
      <if test="eleErrNum != null">
        ele_err_num,
      </if>
      <if test="powerErrNum != null">
        power_err_num,
      </if>
      <if test="devStopErrNum != null">
        dev_stop_err_num,
      </if>
      <if test="bothDevNum != null">
        both_dev_num,
      </if>
      <if test="pollDevNum != null">
        poll_dev_num,
      </if>
      <if test="conDevNum != null">
        con_dev_num,
      </if>
      <if test="runDevNum != null">
        run_dev_num,
      </if>
      <if test="stopDevNum != null">
        stop_dev_num,
      </if>
      <if test="lostDevNum != null">
        lost_dev_num,
      </if>
      <if test="powerMax != null">
        power_max,
      </if>
      <if test="eleMax != null">
        ele_max,
      </if>
      <if test="maxPowerTime != null">
        max_power_time,
      </if>
      <if test="maxEleTime != null">
        max_ele_time,
      </if>
      <if test="platformId != null">
        platform_id,
      </if>
      <if test="producState != null">
        produc_state,
      </if>
    </trim>
    <trim prefix="values (" suffix=")" suffixOverrides=",">
      <if test="id != null">
        #{id,jdbcType=BIGINT},
      </if>
      <if test="unitId != null">
        #{unitId,jdbcType=INTEGER},
      </if>
      <if test="industryIdpk != null">
        #{industryIdpk,jdbcType=BIGINT},
      </if>
      <if test="agcyId != null">
        #{agcyId,jdbcType=BIGINT},
      </if>
      <if test="year != null">
        #{year,jdbcType=INTEGER},
      </if>
      <if test="month != null">
        #{month,jdbcType=INTEGER},
      </if>
      <if test="day != null">
        #{day,jdbcType=INTEGER},
      </if>
      <if test="pollDevEleUse != null">
        #{pollDevEleUse,jdbcType=VARCHAR},
      </if>
      <if test="conDevEleUse != null">
        #{conDevEleUse,jdbcType=VARCHAR},
      </if>
      <if test="totalDevEleUse != null">
        #{totalDevEleUse,jdbcType=VARCHAR},
      </if>
      <if test="pollDevErrNum != null">
        #{pollDevErrNum,jdbcType=BIGINT},
      </if>
      <if test="conDevErrNum != null">
        #{conDevErrNum,jdbcType=BIGINT},
      </if>
      <if test="stopOrLimitErrNum != null">
        #{stopOrLimitErrNum,jdbcType=BIGINT},
      </if>
      <if test="eleErrNum != null">
        #{eleErrNum,jdbcType=BIGINT},
      </if>
      <if test="powerErrNum != null">
        #{powerErrNum,jdbcType=BIGINT},
      </if>
      <if test="devStopErrNum != null">
        #{devStopErrNum,jdbcType=BIGINT},
      </if>
      <if test="bothDevNum != null">
        #{bothDevNum,jdbcType=INTEGER},
      </if>
      <if test="pollDevNum != null">
        #{pollDevNum,jdbcType=INTEGER},
      </if>
      <if test="conDevNum != null">
        #{conDevNum,jdbcType=INTEGER},
      </if>
      <if test="runDevNum != null">
        #{runDevNum,jdbcType=INTEGER},
      </if>
      <if test="stopDevNum != null">
        #{stopDevNum,jdbcType=INTEGER},
      </if>
      <if test="lostDevNum != null">
        #{lostDevNum,jdbcType=INTEGER},
      </if>
      <if test="powerMax != null">
        #{powerMax,jdbcType=VARCHAR},
      </if>
      <if test="eleMax != null">
        #{eleMax,jdbcType=VARCHAR},
      </if>
      <if test="maxPowerTime != null">
        #{maxPowerTime,jdbcType=TIMESTAMP},
      </if>
      <if test="maxEleTime != null">
        #{maxEleTime,jdbcType=TIMESTAMP},
      </if>
      <if test="platformId != null">
        #{platformId,jdbcType=INTEGER},
      </if>
      <if test="producState != null">
        #{producState,jdbcType=INTEGER},
      </if>
    </trim>
  </insert>
  <select id="countByExample" parameterType="com.leniao.entity.HbyProjectDayCountinfoExample" resultType="java.lang.Long">
    select count(*) from hby_project_day_countinfo
    <if test="_parameter != null">
      <include refid="Example_Where_Clause" />
    </if>
  </select>
  <update id="updateByExampleSelective" parameterType="map">
    update hby_project_day_countinfo
    <set>
      <if test="record.id != null">
        id = #{record.id,jdbcType=BIGINT},
      </if>
      <if test="record.unitId != null">
        unit_id = #{record.unitId,jdbcType=INTEGER},
      </if>
      <if test="record.industryIdpk != null">
        industry_idpk = #{record.industryIdpk,jdbcType=BIGINT},
      </if>
      <if test="record.agcyId != null">
        agcy_id = #{record.agcyId,jdbcType=BIGINT},
      </if>
      <if test="record.year != null">
        year = #{record.year,jdbcType=INTEGER},
      </if>
      <if test="record.month != null">
        month = #{record.month,jdbcType=INTEGER},
      </if>
      <if test="record.day != null">
        day = #{record.day,jdbcType=INTEGER},
      </if>
      <if test="record.pollDevEleUse != null">
        poll_dev_ele_use = #{record.pollDevEleUse,jdbcType=VARCHAR},
      </if>
      <if test="record.conDevEleUse != null">
        con_dev_ele_use = #{record.conDevEleUse,jdbcType=VARCHAR},
      </if>
      <if test="record.totalDevEleUse != null">
        total_dev_ele_use = #{record.totalDevEleUse,jdbcType=VARCHAR},
      </if>
      <if test="record.pollDevErrNum != null">
        poll_dev_err_num = #{record.pollDevErrNum,jdbcType=BIGINT},
      </if>
      <if test="record.conDevErrNum != null">
        con_dev_err_num = #{record.conDevErrNum,jdbcType=BIGINT},
      </if>
      <if test="record.stopOrLimitErrNum != null">
        stop_or_limit_err_num = #{record.stopOrLimitErrNum,jdbcType=BIGINT},
      </if>
      <if test="record.eleErrNum != null">
        ele_err_num = #{record.eleErrNum,jdbcType=BIGINT},
      </if>
      <if test="record.powerErrNum != null">
        power_err_num = #{record.powerErrNum,jdbcType=BIGINT},
      </if>
      <if test="record.devStopErrNum != null">
        dev_stop_err_num = #{record.devStopErrNum,jdbcType=BIGINT},
      </if>
      <if test="record.bothDevNum != null">
        both_dev_num = #{record.bothDevNum,jdbcType=INTEGER},
      </if>
      <if test="record.pollDevNum != null">
        poll_dev_num = #{record.pollDevNum,jdbcType=INTEGER},
      </if>
      <if test="record.conDevNum != null">
        con_dev_num = #{record.conDevNum,jdbcType=INTEGER},
      </if>
      <if test="record.runDevNum != null">
        run_dev_num = #{record.runDevNum,jdbcType=INTEGER},
      </if>
      <if test="record.stopDevNum != null">
        stop_dev_num = #{record.stopDevNum,jdbcType=INTEGER},
      </if>
      <if test="record.lostDevNum != null">
        lost_dev_num = #{record.lostDevNum,jdbcType=INTEGER},
      </if>
      <if test="record.powerMax != null">
        power_max = #{record.powerMax,jdbcType=VARCHAR},
      </if>
      <if test="record.eleMax != null">
        ele_max = #{record.eleMax,jdbcType=VARCHAR},
      </if>
      <if test="record.maxPowerTime != null">
        max_power_time = #{record.maxPowerTime,jdbcType=TIMESTAMP},
      </if>
      <if test="record.maxEleTime != null">
        max_ele_time = #{record.maxEleTime,jdbcType=TIMESTAMP},
      </if>
      <if test="record.platformId != null">
        platform_id = #{record.platformId,jdbcType=INTEGER},
      </if>
      <if test="record.producState != null">
        produc_state = #{record.producState,jdbcType=INTEGER},
      </if>
    </set>
    <if test="_parameter != null">
      <include refid="Update_By_Example_Where_Clause" />
    </if>
  </update>
  <update id="updateByExample" parameterType="map">
    update hby_project_day_countinfo
    set id = #{record.id,jdbcType=BIGINT},
      unit_id = #{record.unitId,jdbcType=INTEGER},
      industry_idpk = #{record.industryIdpk,jdbcType=BIGINT},
      agcy_id = #{record.agcyId,jdbcType=BIGINT},
      year = #{record.year,jdbcType=INTEGER},
      month = #{record.month,jdbcType=INTEGER},
      day = #{record.day,jdbcType=INTEGER},
      poll_dev_ele_use = #{record.pollDevEleUse,jdbcType=VARCHAR},
      con_dev_ele_use = #{record.conDevEleUse,jdbcType=VARCHAR},
      total_dev_ele_use = #{record.totalDevEleUse,jdbcType=VARCHAR},
      poll_dev_err_num = #{record.pollDevErrNum,jdbcType=BIGINT},
      con_dev_err_num = #{record.conDevErrNum,jdbcType=BIGINT},
      stop_or_limit_err_num = #{record.stopOrLimitErrNum,jdbcType=BIGINT},
      ele_err_num = #{record.eleErrNum,jdbcType=BIGINT},
      power_err_num = #{record.powerErrNum,jdbcType=BIGINT},
      dev_stop_err_num = #{record.devStopErrNum,jdbcType=BIGINT},
      both_dev_num = #{record.bothDevNum,jdbcType=INTEGER},
      poll_dev_num = #{record.pollDevNum,jdbcType=INTEGER},
      con_dev_num = #{record.conDevNum,jdbcType=INTEGER},
      run_dev_num = #{record.runDevNum,jdbcType=INTEGER},
      stop_dev_num = #{record.stopDevNum,jdbcType=INTEGER},
      lost_dev_num = #{record.lostDevNum,jdbcType=INTEGER},
      power_max = #{record.powerMax,jdbcType=VARCHAR},
      ele_max = #{record.eleMax,jdbcType=VARCHAR},
      max_power_time = #{record.maxPowerTime,jdbcType=TIMESTAMP},
      max_ele_time = #{record.maxEleTime,jdbcType=TIMESTAMP},
      platform_id = #{record.platformId,jdbcType=INTEGER},
      produc_state = #{record.producState,jdbcType=INTEGER}
    <if test="_parameter != null">
      <include refid="Update_By_Example_Where_Clause" />
    </if>
  </update>
  <update id="updateByPrimaryKeySelective" parameterType="com.leniao.entity.HbyProjectDayCountinfo">
    update hby_project_day_countinfo
    <set>
      <if test="unitId != null">
        unit_id = #{unitId,jdbcType=INTEGER},
      </if>
      <if test="industryIdpk != null">
        industry_idpk = #{industryIdpk,jdbcType=BIGINT},
      </if>
      <if test="agcyId != null">
        agcy_id = #{agcyId,jdbcType=BIGINT},
      </if>
      <if test="year != null">
        year = #{year,jdbcType=INTEGER},
      </if>
      <if test="month != null">
        month = #{month,jdbcType=INTEGER},
      </if>
      <if test="day != null">
        day = #{day,jdbcType=INTEGER},
      </if>
      <if test="pollDevEleUse != null">
        poll_dev_ele_use = #{pollDevEleUse,jdbcType=VARCHAR},
      </if>
      <if test="conDevEleUse != null">
        con_dev_ele_use = #{conDevEleUse,jdbcType=VARCHAR},
      </if>
      <if test="totalDevEleUse != null">
        total_dev_ele_use = #{totalDevEleUse,jdbcType=VARCHAR},
      </if>
      <if test="pollDevErrNum != null">
        poll_dev_err_num = #{pollDevErrNum,jdbcType=BIGINT},
      </if>
      <if test="conDevErrNum != null">
        con_dev_err_num = #{conDevErrNum,jdbcType=BIGINT},
      </if>
      <if test="stopOrLimitErrNum != null">
        stop_or_limit_err_num = #{stopOrLimitErrNum,jdbcType=BIGINT},
      </if>
      <if test="eleErrNum != null">
        ele_err_num = #{eleErrNum,jdbcType=BIGINT},
      </if>
      <if test="powerErrNum != null">
        power_err_num = #{powerErrNum,jdbcType=BIGINT},
      </if>
      <if test="devStopErrNum != null">
        dev_stop_err_num = #{devStopErrNum,jdbcType=BIGINT},
      </if>
      <if test="bothDevNum != null">
        both_dev_num = #{bothDevNum,jdbcType=INTEGER},
      </if>
      <if test="pollDevNum != null">
        poll_dev_num = #{pollDevNum,jdbcType=INTEGER},
      </if>
      <if test="conDevNum != null">
        con_dev_num = #{conDevNum,jdbcType=INTEGER},
      </if>
      <if test="runDevNum != null">
        run_dev_num = #{runDevNum,jdbcType=INTEGER},
      </if>
      <if test="stopDevNum != null">
        stop_dev_num = #{stopDevNum,jdbcType=INTEGER},
      </if>
      <if test="lostDevNum != null">
        lost_dev_num = #{lostDevNum,jdbcType=INTEGER},
      </if>
      <if test="powerMax != null">
        power_max = #{powerMax,jdbcType=VARCHAR},
      </if>
      <if test="eleMax != null">
        ele_max = #{eleMax,jdbcType=VARCHAR},
      </if>
      <if test="maxPowerTime != null">
        max_power_time = #{maxPowerTime,jdbcType=TIMESTAMP},
      </if>
      <if test="maxEleTime != null">
        max_ele_time = #{maxEleTime,jdbcType=TIMESTAMP},
      </if>
      <if test="platformId != null">
        platform_id = #{platformId,jdbcType=INTEGER},
      </if>
      <if test="producState != null">
        produc_state = #{producState,jdbcType=INTEGER},
      </if>
    </set>
    where id = #{id,jdbcType=BIGINT}
  </update>
  <update id="updateByPrimaryKey" parameterType="com.leniao.entity.HbyProjectDayCountinfo">
    update hby_project_day_countinfo
    set unit_id = #{unitId,jdbcType=INTEGER},
      industry_idpk = #{industryIdpk,jdbcType=BIGINT},
      agcy_id = #{agcyId,jdbcType=BIGINT},
      year = #{year,jdbcType=INTEGER},
      month = #{month,jdbcType=INTEGER},
      day = #{day,jdbcType=INTEGER},
      poll_dev_ele_use = #{pollDevEleUse,jdbcType=VARCHAR},
      con_dev_ele_use = #{conDevEleUse,jdbcType=VARCHAR},
      total_dev_ele_use = #{totalDevEleUse,jdbcType=VARCHAR},
      poll_dev_err_num = #{pollDevErrNum,jdbcType=BIGINT},
      con_dev_err_num = #{conDevErrNum,jdbcType=BIGINT},
      stop_or_limit_err_num = #{stopOrLimitErrNum,jdbcType=BIGINT},
      ele_err_num = #{eleErrNum,jdbcType=BIGINT},
      power_err_num = #{powerErrNum,jdbcType=BIGINT},
      dev_stop_err_num = #{devStopErrNum,jdbcType=BIGINT},
      both_dev_num = #{bothDevNum,jdbcType=INTEGER},
      poll_dev_num = #{pollDevNum,jdbcType=INTEGER},
      con_dev_num = #{conDevNum,jdbcType=INTEGER},
      run_dev_num = #{runDevNum,jdbcType=INTEGER},
      stop_dev_num = #{stopDevNum,jdbcType=INTEGER},
      lost_dev_num = #{lostDevNum,jdbcType=INTEGER},
      power_max = #{powerMax,jdbcType=VARCHAR},
      ele_max = #{eleMax,jdbcType=VARCHAR},
      max_power_time = #{maxPowerTime,jdbcType=TIMESTAMP},
      max_ele_time = #{maxEleTime,jdbcType=TIMESTAMP},
      platform_id = #{platformId,jdbcType=INTEGER},
      produc_state = #{producState,jdbcType=INTEGER}
    where id = #{id,jdbcType=BIGINT}
  </update>
</mapper>