<?xml version="1.0" encoding="UTF-8" ?>
<!DOCTYPE mapper PUBLIC "-//mybatis.org//DTD Mapper 3.0//EN" "http://mybatis.org/dtd/mybatis-3-mapper.dtd" >
<mapper namespace="com.leniao.mapper.HbyProjectErrorInfoMapper" >
  <resultMap id="BaseResultMap" type="com.leniao.entity.HbyProjectErrorInfo" >
    <id column="id" property="id" jdbcType="BIGINT" />
    <result column="unit_id" property="unitId" jdbcType="INTEGER" />
    <result column="province_code" property="provinceCode" jdbcType="VARCHAR" />
    <result column="city_code" property="cityCode" jdbcType="VARCHAR" />
    <result column="area_code" property="areaCode" jdbcType="VARCHAR" />
    <result column="industry_id" property="industryId" jdbcType="BIGINT" />
    <result column="type" property="type" jdbcType="INTEGER" />
    <result column="dev_idpk" property="devIdpk" jdbcType="INTEGER" />
    <result column="dev_signature" property="devSignature" jdbcType="VARCHAR" />
    <result column="overlook_id" property="overlookId" jdbcType="VARCHAR" />
    <result column="plan_id" property="planId" jdbcType="BIGINT" />
    <result column="poll_or_con" property="pollOrCon" jdbcType="INTEGER" />
    <result column="error_time" property="errorTime" jdbcType="TIMESTAMP" />
    <result column="normal_time" property="normalTime" jdbcType="TIMESTAMP" />
    <result column="deal_status" property="dealStatus" jdbcType="INTEGER" />
    <result column="error_event_type" property="errorEventType" jdbcType="INTEGER" />
    <result column="error_desc" property="errorDesc" jdbcType="VARCHAR" />
    <result column="vol_charge_ratio" property="volChargeRatio" jdbcType="DECIMAL" />
    <result column="ele_charge_ratio" property="eleChargeRatio" jdbcType="DECIMAL" />
    <result column="push_time" property="pushTime" jdbcType="TIMESTAMP" />
    <result column="is_push" property="isPush" jdbcType="INTEGER" />
    <result column="remark" property="remark" jdbcType="VARCHAR" />
    <result column="check_user" property="checkUser" jdbcType="INTEGER" />
    <result column="check_user_name" property="checkUserName" jdbcType="VARCHAR" />
    <result column="check_time" property="checkTime" jdbcType="TIMESTAMP" />
    <result column="check_result" property="checkResult" jdbcType="INTEGER" />
    <result column="check_desc" property="checkDesc" jdbcType="VARCHAR" />
    <result column="fj_url" property="fjUrl" jdbcType="VARCHAR" />
    <result column="fj_desc" property="fjDesc" jdbcType="VARCHAR" />
    <result column="verify_user" property="verifyUser" jdbcType="INTEGER" />
    <result column="verify_user_name" property="verifyUserName" jdbcType="VARCHAR" />
    <result column="verify_time" property="verifyTime" jdbcType="TIMESTAMP" />
    <result column="verify_sugg" property="verifySugg" jdbcType="VARCHAR" />
    <result column="verify_result" property="verifyResult" jdbcType="INTEGER" />
    <result column="raw_errID" property="rawErrid" jdbcType="INTEGER" />
    <result column="raw_node" property="rawNode" jdbcType="VARCHAR" />
    <result column="raw_type" property="rawType" jdbcType="INTEGER" />
    <result column="raw_value" property="rawValue" jdbcType="DECIMAL" />
    <result column="raw_unit" property="rawUnit" jdbcType="VARCHAR" />
    <result column="raw_UUID" property="rawUuid" jdbcType="VARCHAR" />
    <result column="platform_id" property="platformId" jdbcType="INTEGER" />
    <result column="create_time" property="createTime" jdbcType="TIMESTAMP" />
    <result column="create_user" property="createUser" jdbcType="VARCHAR" />
    <result column="update_time" property="updateTime" jdbcType="TIMESTAMP" />
    <result column="update_user" property="updateUser" jdbcType="VARCHAR" />
    <result column="deleted" property="deleted" jdbcType="INTEGER" />
    <result column="version" property="version" jdbcType="INTEGER" />
  </resultMap>
  <sql id="Example_Where_Clause" >
    <where >
      <foreach collection="oredCriteria" item="criteria" separator="or" >
        <if test="criteria.valid" >
          <trim prefix="(" suffix=")" prefixOverrides="and" >
            <foreach collection="criteria.criteria" item="criterion" >
              <choose >
                <when test="criterion.noValue" >
                  and ${criterion.condition}
                </when>
                <when test="criterion.singleValue" >
                  and ${criterion.condition} #{criterion.value}
                </when>
                <when test="criterion.betweenValue" >
                  and ${criterion.condition} #{criterion.value} and #{criterion.secondValue}
                </when>
                <when test="criterion.listValue" >
                  and ${criterion.condition}
                  <foreach collection="criterion.value" item="listItem" open="(" close=")" separator="," >
                    #{listItem}
                  </foreach>
                </when>
              </choose>
            </foreach>
          </trim>
        </if>
      </foreach>
    </where>
  </sql>
  <sql id="Update_By_Example_Where_Clause" >
    <where >
      <foreach collection="example.oredCriteria" item="criteria" separator="or" >
        <if test="criteria.valid" >
          <trim prefix="(" suffix=")" prefixOverrides="and" >
            <foreach collection="criteria.criteria" item="criterion" >
              <choose >
                <when test="criterion.noValue" >
                  and ${criterion.condition}
                </when>
                <when test="criterion.singleValue" >
                  and ${criterion.condition} #{criterion.value}
                </when>
                <when test="criterion.betweenValue" >
                  and ${criterion.condition} #{criterion.value} and #{criterion.secondValue}
                </when>
                <when test="criterion.listValue" >
                  and ${criterion.condition}
                  <foreach collection="criterion.value" item="listItem" open="(" close=")" separator="," >
                    #{listItem}
                  </foreach>
                </when>
              </choose>
            </foreach>
          </trim>
        </if>
      </foreach>
    </where>
  </sql>
  <sql id="Base_Column_List" >
    id, unit_id, province_code, city_code, area_code, industry_id, type, dev_idpk, dev_signature, 
    overlook_id, plan_id, poll_or_con, error_time, normal_time, deal_status, error_event_type, 
    error_desc, vol_charge_ratio, ele_charge_ratio, push_time, is_push, remark, check_user, 
    check_user_name, check_time, check_result, check_desc, fj_url, fj_desc, verify_user, 
    verify_user_name, verify_time, verify_sugg, verify_result, raw_errID, raw_node, raw_type, 
    raw_value, raw_unit, raw_UUID, platform_id, create_time, create_user, update_time, 
    update_user, deleted, version
  </sql>
  <select id="selectByExample" resultMap="BaseResultMap" parameterType="com.leniao.entity.HbyProjectErrorInfoExample" >
    select
    <if test="distinct" >
      distinct
    </if>
    <include refid="Base_Column_List" />
    from hby_project_errorinfo
    <if test="_parameter != null" >
      <include refid="Example_Where_Clause" />
    </if>
    <if test="orderByClause != null" >
      order by ${orderByClause}
    </if>
  </select>
  <select id="selectByPrimaryKey" resultMap="BaseResultMap" parameterType="java.lang.Long" >
    select 
    <include refid="Base_Column_List" />
    from hby_project_errorinfo
    where id = #{id,jdbcType=BIGINT}
  </select>
  <delete id="deleteByPrimaryKey" parameterType="java.lang.Long" >
    delete from hby_project_errorinfo
    where id = #{id,jdbcType=BIGINT}
  </delete>
  <delete id="deleteByExample" parameterType="com.leniao.entity.HbyProjectErrorInfoExample" >
    delete from hby_project_errorinfo
    <if test="_parameter != null" >
      <include refid="Example_Where_Clause" />
    </if>
  </delete>
  <insert id="insert" parameterType="com.leniao.entity.HbyProjectErrorInfo" >
    insert into hby_project_errorinfo (id, unit_id, province_code, 
      city_code, area_code, industry_id, 
      type, dev_idpk, dev_signature, 
      overlook_id, plan_id, poll_or_con, 
      error_time, normal_time, deal_status, 
      error_event_type, error_desc, vol_charge_ratio, 
      ele_charge_ratio, push_time, is_push, 
      remark, check_user, check_user_name, 
      check_time, check_result, check_desc, 
      fj_url, fj_desc, verify_user, 
      verify_user_name, verify_time, verify_sugg, 
      verify_result, raw_errID, raw_node, 
      raw_type, raw_value, raw_unit, 
      raw_UUID, platform_id, create_time, 
      create_user, update_time, update_user, 
      deleted, version)
    values (#{id,jdbcType=BIGINT}, #{unitId,jdbcType=INTEGER}, #{provinceCode,jdbcType=VARCHAR}, 
      #{cityCode,jdbcType=VARCHAR}, #{areaCode,jdbcType=VARCHAR}, #{industryId,jdbcType=BIGINT}, 
      #{type,jdbcType=INTEGER}, #{devIdpk,jdbcType=INTEGER}, #{devSignature,jdbcType=VARCHAR}, 
      #{overlookId,jdbcType=VARCHAR}, #{planId,jdbcType=BIGINT}, #{pollOrCon,jdbcType=INTEGER}, 
      #{errorTime,jdbcType=TIMESTAMP}, #{normalTime,jdbcType=TIMESTAMP}, #{dealStatus,jdbcType=INTEGER}, 
      #{errorEventType,jdbcType=INTEGER}, #{errorDesc,jdbcType=VARCHAR}, #{volChargeRatio,jdbcType=DECIMAL}, 
      #{eleChargeRatio,jdbcType=DECIMAL}, #{pushTime,jdbcType=TIMESTAMP}, #{isPush,jdbcType=INTEGER}, 
      #{remark,jdbcType=VARCHAR}, #{checkUser,jdbcType=INTEGER}, #{checkUserName,jdbcType=VARCHAR}, 
      #{checkTime,jdbcType=TIMESTAMP}, #{checkResult,jdbcType=INTEGER}, #{checkDesc,jdbcType=VARCHAR}, 
      #{fjUrl,jdbcType=VARCHAR}, #{fjDesc,jdbcType=VARCHAR}, #{verifyUser,jdbcType=INTEGER}, 
      #{verifyUserName,jdbcType=VARCHAR}, #{verifyTime,jdbcType=TIMESTAMP}, #{verifySugg,jdbcType=VARCHAR}, 
      #{verifyResult,jdbcType=INTEGER}, #{rawErrid,jdbcType=INTEGER}, #{rawNode,jdbcType=VARCHAR}, 
      #{rawType,jdbcType=INTEGER}, #{rawValue,jdbcType=DECIMAL}, #{rawUnit,jdbcType=VARCHAR}, 
      #{rawUuid,jdbcType=VARCHAR}, #{platformId,jdbcType=INTEGER}, #{createTime,jdbcType=TIMESTAMP}, 
      #{createUser,jdbcType=VARCHAR}, #{updateTime,jdbcType=TIMESTAMP}, #{updateUser,jdbcType=VARCHAR}, 
      #{deleted,jdbcType=INTEGER}, #{version,jdbcType=INTEGER})
  </insert>
  <insert id="insertSelective" parameterType="com.leniao.entity.HbyProjectErrorInfo" >
    insert into hby_project_errorinfo
    <trim prefix="(" suffix=")" suffixOverrides="," >
      <if test="id != null" >
        id,
      </if>
      <if test="unitId != null" >
        unit_id,
      </if>
      <if test="provinceCode != null" >
        province_code,
      </if>
      <if test="cityCode != null" >
        city_code,
      </if>
      <if test="areaCode != null" >
        area_code,
      </if>
      <if test="industryId != null" >
        industry_id,
      </if>
      <if test="type != null" >
        type,
      </if>
      <if test="devIdpk != null" >
        dev_idpk,
      </if>
      <if test="devSignature != null" >
        dev_signature,
      </if>
      <if test="overlookId != null" >
        overlook_id,
      </if>
      <if test="planId != null" >
        plan_id,
      </if>
      <if test="pollOrCon != null" >
        poll_or_con,
      </if>
      <if test="errorTime != null" >
        error_time,
      </if>
      <if test="normalTime != null" >
        normal_time,
      </if>
      <if test="dealStatus != null" >
        deal_status,
      </if>
      <if test="errorEventType != null" >
        error_event_type,
      </if>
      <if test="errorDesc != null" >
        error_desc,
      </if>
      <if test="volChargeRatio != null" >
        vol_charge_ratio,
      </if>
      <if test="eleChargeRatio != null" >
        ele_charge_ratio,
      </if>
      <if test="pushTime != null" >
        push_time,
      </if>
      <if test="isPush != null" >
        is_push,
      </if>
      <if test="remark != null" >
        remark,
      </if>
      <if test="checkUser != null" >
        check_user,
      </if>
      <if test="checkUserName != null" >
        check_user_name,
      </if>
      <if test="checkTime != null" >
        check_time,
      </if>
      <if test="checkResult != null" >
        check_result,
      </if>
      <if test="checkDesc != null" >
        check_desc,
      </if>
      <if test="fjUrl != null" >
        fj_url,
      </if>
      <if test="fjDesc != null" >
        fj_desc,
      </if>
      <if test="verifyUser != null" >
        verify_user,
      </if>
      <if test="verifyUserName != null" >
        verify_user_name,
      </if>
      <if test="verifyTime != null" >
        verify_time,
      </if>
      <if test="verifySugg != null" >
        verify_sugg,
      </if>
      <if test="verifyResult != null" >
        verify_result,
      </if>
      <if test="rawErrid != null" >
        raw_errID,
      </if>
      <if test="rawNode != null" >
        raw_node,
      </if>
      <if test="rawType != null" >
        raw_type,
      </if>
      <if test="rawValue != null" >
        raw_value,
      </if>
      <if test="rawUnit != null" >
        raw_unit,
      </if>
      <if test="rawUuid != null" >
        raw_UUID,
      </if>
      <if test="platformId != null" >
        platform_id,
      </if>
      <if test="createTime != null" >
        create_time,
      </if>
      <if test="createUser != null" >
        create_user,
      </if>
      <if test="updateTime != null" >
        update_time,
      </if>
      <if test="updateUser != null" >
        update_user,
      </if>
      <if test="deleted != null" >
        deleted,
      </if>
      <if test="version != null" >
        version,
      </if>
    </trim>
    <trim prefix="values (" suffix=")" suffixOverrides="," >
      <if test="id != null" >
        #{id,jdbcType=BIGINT},
      </if>
      <if test="unitId != null" >
        #{unitId,jdbcType=INTEGER},
      </if>
      <if test="provinceCode != null" >
        #{provinceCode,jdbcType=VARCHAR},
      </if>
      <if test="cityCode != null" >
        #{cityCode,jdbcType=VARCHAR},
      </if>
      <if test="areaCode != null" >
        #{areaCode,jdbcType=VARCHAR},
      </if>
      <if test="industryId != null" >
        #{industryId,jdbcType=BIGINT},
      </if>
      <if test="type != null" >
        #{type,jdbcType=INTEGER},
      </if>
      <if test="devIdpk != null" >
        #{devIdpk,jdbcType=INTEGER},
      </if>
      <if test="devSignature != null" >
        #{devSignature,jdbcType=VARCHAR},
      </if>
      <if test="overlookId != null" >
        #{overlookId,jdbcType=VARCHAR},
      </if>
      <if test="planId != null" >
        #{planId,jdbcType=BIGINT},
      </if>
      <if test="pollOrCon != null" >
        #{pollOrCon,jdbcType=INTEGER},
      </if>
      <if test="errorTime != null" >
        #{errorTime,jdbcType=TIMESTAMP},
      </if>
      <if test="normalTime != null" >
        #{normalTime,jdbcType=TIMESTAMP},
      </if>
      <if test="dealStatus != null" >
        #{dealStatus,jdbcType=INTEGER},
      </if>
      <if test="errorEventType != null" >
        #{errorEventType,jdbcType=INTEGER},
      </if>
      <if test="errorDesc != null" >
        #{errorDesc,jdbcType=VARCHAR},
      </if>
      <if test="volChargeRatio != null" >
        #{volChargeRatio,jdbcType=DECIMAL},
      </if>
      <if test="eleChargeRatio != null" >
        #{eleChargeRatio,jdbcType=DECIMAL},
      </if>
      <if test="pushTime != null" >
        #{pushTime,jdbcType=TIMESTAMP},
      </if>
      <if test="isPush != null" >
        #{isPush,jdbcType=INTEGER},
      </if>
      <if test="remark != null" >
        #{remark,jdbcType=VARCHAR},
      </if>
      <if test="checkUser != null" >
        #{checkUser,jdbcType=INTEGER},
      </if>
      <if test="checkUserName != null" >
        #{checkUserName,jdbcType=VARCHAR},
      </if>
      <if test="checkTime != null" >
        #{checkTime,jdbcType=TIMESTAMP},
      </if>
      <if test="checkResult != null" >
        #{checkResult,jdbcType=INTEGER},
      </if>
      <if test="checkDesc != null" >
        #{checkDesc,jdbcType=VARCHAR},
      </if>
      <if test="fjUrl != null" >
        #{fjUrl,jdbcType=VARCHAR},
      </if>
      <if test="fjDesc != null" >
        #{fjDesc,jdbcType=VARCHAR},
      </if>
      <if test="verifyUser != null" >
        #{verifyUser,jdbcType=INTEGER},
      </if>
      <if test="verifyUserName != null" >
        #{verifyUserName,jdbcType=VARCHAR},
      </if>
      <if test="verifyTime != null" >
        #{verifyTime,jdbcType=TIMESTAMP},
      </if>
      <if test="verifySugg != null" >
        #{verifySugg,jdbcType=VARCHAR},
      </if>
      <if test="verifyResult != null" >
        #{verifyResult,jdbcType=INTEGER},
      </if>
      <if test="rawErrid != null" >
        #{rawErrid,jdbcType=INTEGER},
      </if>
      <if test="rawNode != null" >
        #{rawNode,jdbcType=VARCHAR},
      </if>
      <if test="rawType != null" >
        #{rawType,jdbcType=INTEGER},
      </if>
      <if test="rawValue != null" >
        #{rawValue,jdbcType=DECIMAL},
      </if>
      <if test="rawUnit != null" >
        #{rawUnit,jdbcType=VARCHAR},
      </if>
      <if test="rawUuid != null" >
        #{rawUuid,jdbcType=VARCHAR},
      </if>
      <if test="platformId != null" >
        #{platformId,jdbcType=INTEGER},
      </if>
      <if test="createTime != null" >
        #{createTime,jdbcType=TIMESTAMP},
      </if>
      <if test="createUser != null" >
        #{createUser,jdbcType=VARCHAR},
      </if>
      <if test="updateTime != null" >
        #{updateTime,jdbcType=TIMESTAMP},
      </if>
      <if test="updateUser != null" >
        #{updateUser,jdbcType=VARCHAR},
      </if>
      <if test="deleted != null" >
        #{deleted,jdbcType=INTEGER},
      </if>
      <if test="version != null" >
        #{version,jdbcType=INTEGER},
      </if>
    </trim>
  </insert>
  <select id="countByExample" parameterType="com.leniao.entity.HbyProjectErrorInfoExample" resultType="java.lang.Integer" >
    select count(*) from hby_project_errorinfo
    <if test="_parameter != null" >
      <include refid="Example_Where_Clause" />
    </if>
  </select>
  <update id="updateByExampleSelective" parameterType="map" >
    update hby_project_errorinfo
    <set >
      <if test="record.id != null" >
        id = #{record.id,jdbcType=BIGINT},
      </if>
      <if test="record.unitId != null" >
        unit_id = #{record.unitId,jdbcType=INTEGER},
      </if>
      <if test="record.provinceCode != null" >
        province_code = #{record.provinceCode,jdbcType=VARCHAR},
      </if>
      <if test="record.cityCode != null" >
        city_code = #{record.cityCode,jdbcType=VARCHAR},
      </if>
      <if test="record.areaCode != null" >
        area_code = #{record.areaCode,jdbcType=VARCHAR},
      </if>
      <if test="record.industryId != null" >
        industry_id = #{record.industryId,jdbcType=BIGINT},
      </if>
      <if test="record.type != null" >
        type = #{record.type,jdbcType=INTEGER},
      </if>
      <if test="record.devIdpk != null" >
        dev_idpk = #{record.devIdpk,jdbcType=INTEGER},
      </if>
      <if test="record.devSignature != null" >
        dev_signature = #{record.devSignature,jdbcType=VARCHAR},
      </if>
      <if test="record.overlookId != null" >
        overlook_id = #{record.overlookId,jdbcType=VARCHAR},
      </if>
      <if test="record.planId != null" >
        plan_id = #{record.planId,jdbcType=BIGINT},
      </if>
      <if test="record.pollOrCon != null" >
        poll_or_con = #{record.pollOrCon,jdbcType=INTEGER},
      </if>
      <if test="record.errorTime != null" >
        error_time = #{record.errorTime,jdbcType=TIMESTAMP},
      </if>
      <if test="record.normalTime != null" >
        normal_time = #{record.normalTime,jdbcType=TIMESTAMP},
      </if>
      <if test="record.dealStatus != null" >
        deal_status = #{record.dealStatus,jdbcType=INTEGER},
      </if>
      <if test="record.errorEventType != null" >
        error_event_type = #{record.errorEventType,jdbcType=INTEGER},
      </if>
      <if test="record.errorDesc != null" >
        error_desc = #{record.errorDesc,jdbcType=VARCHAR},
      </if>
      <if test="record.volChargeRatio != null" >
        vol_charge_ratio = #{record.volChargeRatio,jdbcType=DECIMAL},
      </if>
      <if test="record.eleChargeRatio != null" >
        ele_charge_ratio = #{record.eleChargeRatio,jdbcType=DECIMAL},
      </if>
      <if test="record.pushTime != null" >
        push_time = #{record.pushTime,jdbcType=TIMESTAMP},
      </if>
      <if test="record.isPush != null" >
        is_push = #{record.isPush,jdbcType=INTEGER},
      </if>
      <if test="record.remark != null" >
        remark = #{record.remark,jdbcType=VARCHAR},
      </if>
      <if test="record.checkUser != null" >
        check_user = #{record.checkUser,jdbcType=INTEGER},
      </if>
      <if test="record.checkUserName != null" >
        check_user_name = #{record.checkUserName,jdbcType=VARCHAR},
      </if>
      <if test="record.checkTime != null" >
        check_time = #{record.checkTime,jdbcType=TIMESTAMP},
      </if>
      <if test="record.checkResult != null" >
        check_result = #{record.checkResult,jdbcType=INTEGER},
      </if>
      <if test="record.checkDesc != null" >
        check_desc = #{record.checkDesc,jdbcType=VARCHAR},
      </if>
      <if test="record.fjUrl != null" >
        fj_url = #{record.fjUrl,jdbcType=VARCHAR},
      </if>
      <if test="record.fjDesc != null" >
        fj_desc = #{record.fjDesc,jdbcType=VARCHAR},
      </if>
      <if test="record.verifyUser != null" >
        verify_user = #{record.verifyUser,jdbcType=INTEGER},
      </if>
      <if test="record.verifyUserName != null" >
        verify_user_name = #{record.verifyUserName,jdbcType=VARCHAR},
      </if>
      <if test="record.verifyTime != null" >
        verify_time = #{record.verifyTime,jdbcType=TIMESTAMP},
      </if>
      <if test="record.verifySugg != null" >
        verify_sugg = #{record.verifySugg,jdbcType=VARCHAR},
      </if>
      <if test="record.verifyResult != null" >
        verify_result = #{record.verifyResult,jdbcType=INTEGER},
      </if>
      <if test="record.rawErrid != null" >
        raw_errID = #{record.rawErrid,jdbcType=INTEGER},
      </if>
      <if test="record.rawNode != null" >
        raw_node = #{record.rawNode,jdbcType=VARCHAR},
      </if>
      <if test="record.rawType != null" >
        raw_type = #{record.rawType,jdbcType=INTEGER},
      </if>
      <if test="record.rawValue != null" >
        raw_value = #{record.rawValue,jdbcType=DECIMAL},
      </if>
      <if test="record.rawUnit != null" >
        raw_unit = #{record.rawUnit,jdbcType=VARCHAR},
      </if>
      <if test="record.rawUuid != null" >
        raw_UUID = #{record.rawUuid,jdbcType=VARCHAR},
      </if>
      <if test="record.platformId != null" >
        platform_id = #{record.platformId,jdbcType=INTEGER},
      </if>
      <if test="record.createTime != null" >
        create_time = #{record.createTime,jdbcType=TIMESTAMP},
      </if>
      <if test="record.createUser != null" >
        create_user = #{record.createUser,jdbcType=VARCHAR},
      </if>
      <if test="record.updateTime != null" >
        update_time = #{record.updateTime,jdbcType=TIMESTAMP},
      </if>
      <if test="record.updateUser != null" >
        update_user = #{record.updateUser,jdbcType=VARCHAR},
      </if>
      <if test="record.deleted != null" >
        deleted = #{record.deleted,jdbcType=INTEGER},
      </if>
      <if test="record.version != null" >
        version = #{record.version,jdbcType=INTEGER},
      </if>
    </set>
    <if test="_parameter != null" >
      <include refid="Update_By_Example_Where_Clause" />
    </if>
  </update>
  <update id="updateByExample" parameterType="map" >
    update hby_project_errorinfo
    set id = #{record.id,jdbcType=BIGINT},
      unit_id = #{record.unitId,jdbcType=INTEGER},
      province_code = #{record.provinceCode,jdbcType=VARCHAR},
      city_code = #{record.cityCode,jdbcType=VARCHAR},
      area_code = #{record.areaCode,jdbcType=VARCHAR},
      industry_id = #{record.industryId,jdbcType=BIGINT},
      type = #{record.type,jdbcType=INTEGER},
      dev_idpk = #{record.devIdpk,jdbcType=INTEGER},
      dev_signature = #{record.devSignature,jdbcType=VARCHAR},
      overlook_id = #{record.overlookId,jdbcType=VARCHAR},
      plan_id = #{record.planId,jdbcType=BIGINT},
      poll_or_con = #{record.pollOrCon,jdbcType=INTEGER},
      error_time = #{record.errorTime,jdbcType=TIMESTAMP},
      normal_time = #{record.normalTime,jdbcType=TIMESTAMP},
      deal_status = #{record.dealStatus,jdbcType=INTEGER},
      error_event_type = #{record.errorEventType,jdbcType=INTEGER},
      error_desc = #{record.errorDesc,jdbcType=VARCHAR},
      vol_charge_ratio = #{record.volChargeRatio,jdbcType=DECIMAL},
      ele_charge_ratio = #{record.eleChargeRatio,jdbcType=DECIMAL},
      push_time = #{record.pushTime,jdbcType=TIMESTAMP},
      is_push = #{record.isPush,jdbcType=INTEGER},
      remark = #{record.remark,jdbcType=VARCHAR},
      check_user = #{record.checkUser,jdbcType=INTEGER},
      check_user_name = #{record.checkUserName,jdbcType=VARCHAR},
      check_time = #{record.checkTime,jdbcType=TIMESTAMP},
      check_result = #{record.checkResult,jdbcType=INTEGER},
      check_desc = #{record.checkDesc,jdbcType=VARCHAR},
      fj_url = #{record.fjUrl,jdbcType=VARCHAR},
      fj_desc = #{record.fjDesc,jdbcType=VARCHAR},
      verify_user = #{record.verifyUser,jdbcType=INTEGER},
      verify_user_name = #{record.verifyUserName,jdbcType=VARCHAR},
      verify_time = #{record.verifyTime,jdbcType=TIMESTAMP},
      verify_sugg = #{record.verifySugg,jdbcType=VARCHAR},
      verify_result = #{record.verifyResult,jdbcType=INTEGER},
      raw_errID = #{record.rawErrid,jdbcType=INTEGER},
      raw_node = #{record.rawNode,jdbcType=VARCHAR},
      raw_type = #{record.rawType,jdbcType=INTEGER},
      raw_value = #{record.rawValue,jdbcType=DECIMAL},
      raw_unit = #{record.rawUnit,jdbcType=VARCHAR},
      raw_UUID = #{record.rawUuid,jdbcType=VARCHAR},
      platform_id = #{record.platformId,jdbcType=INTEGER},
      create_time = #{record.createTime,jdbcType=TIMESTAMP},
      create_user = #{record.createUser,jdbcType=VARCHAR},
      update_time = #{record.updateTime,jdbcType=TIMESTAMP},
      update_user = #{record.updateUser,jdbcType=VARCHAR},
      deleted = #{record.deleted,jdbcType=INTEGER},
      version = #{record.version,jdbcType=INTEGER}
    <if test="_parameter != null" >
      <include refid="Update_By_Example_Where_Clause" />
    </if>
  </update>
  <update id="updateByPrimaryKeySelective" parameterType="com.leniao.entity.HbyProjectErrorInfo" >
    update hby_project_errorinfo
    <set >
      <if test="unitId != null" >
        unit_id = #{unitId,jdbcType=INTEGER},
      </if>
      <if test="provinceCode != null" >
        province_code = #{provinceCode,jdbcType=VARCHAR},
      </if>
      <if test="cityCode != null" >
        city_code = #{cityCode,jdbcType=VARCHAR},
      </if>
      <if test="areaCode != null" >
        area_code = #{areaCode,jdbcType=VARCHAR},
      </if>
      <if test="industryId != null" >
        industry_id = #{industryId,jdbcType=BIGINT},
      </if>
      <if test="type != null" >
        type = #{type,jdbcType=INTEGER},
      </if>
      <if test="devIdpk != null" >
        dev_idpk = #{devIdpk,jdbcType=INTEGER},
      </if>
      <if test="devSignature != null" >
        dev_signature = #{devSignature,jdbcType=VARCHAR},
      </if>
      <if test="overlookId != null" >
        overlook_id = #{overlookId,jdbcType=VARCHAR},
      </if>
      <if test="planId != null" >
        plan_id = #{planId,jdbcType=BIGINT},
      </if>
      <if test="pollOrCon != null" >
        poll_or_con = #{pollOrCon,jdbcType=INTEGER},
      </if>
      <if test="errorTime != null" >
        error_time = #{errorTime,jdbcType=TIMESTAMP},
      </if>
      <if test="normalTime != null" >
        normal_time = #{normalTime,jdbcType=TIMESTAMP},
      </if>
      <if test="dealStatus != null" >
        deal_status = #{dealStatus,jdbcType=INTEGER},
      </if>
      <if test="errorEventType != null" >
        error_event_type = #{errorEventType,jdbcType=INTEGER},
      </if>
      <if test="errorDesc != null" >
        error_desc = #{errorDesc,jdbcType=VARCHAR},
      </if>
      <if test="volChargeRatio != null" >
        vol_charge_ratio = #{volChargeRatio,jdbcType=DECIMAL},
      </if>
      <if test="eleChargeRatio != null" >
        ele_charge_ratio = #{eleChargeRatio,jdbcType=DECIMAL},
      </if>
      <if test="pushTime != null" >
        push_time = #{pushTime,jdbcType=TIMESTAMP},
      </if>
      <if test="isPush != null" >
        is_push = #{isPush,jdbcType=INTEGER},
      </if>
      <if test="remark != null" >
        remark = #{remark,jdbcType=VARCHAR},
      </if>
      <if test="checkUser != null" >
        check_user = #{checkUser,jdbcType=INTEGER},
      </if>
      <if test="checkUserName != null" >
        check_user_name = #{checkUserName,jdbcType=VARCHAR},
      </if>
      <if test="checkTime != null" >
        check_time = #{checkTime,jdbcType=TIMESTAMP},
      </if>
      <if test="checkResult != null" >
        check_result = #{checkResult,jdbcType=INTEGER},
      </if>
      <if test="checkDesc != null" >
        check_desc = #{checkDesc,jdbcType=VARCHAR},
      </if>
      <if test="fjUrl != null" >
        fj_url = #{fjUrl,jdbcType=VARCHAR},
      </if>
      <if test="fjDesc != null" >
        fj_desc = #{fjDesc,jdbcType=VARCHAR},
      </if>
      <if test="verifyUser != null" >
        verify_user = #{verifyUser,jdbcType=INTEGER},
      </if>
      <if test="verifyUserName != null" >
        verify_user_name = #{verifyUserName,jdbcType=VARCHAR},
      </if>
      <if test="verifyTime != null" >
        verify_time = #{verifyTime,jdbcType=TIMESTAMP},
      </if>
      <if test="verifySugg != null" >
        verify_sugg = #{verifySugg,jdbcType=VARCHAR},
      </if>
      <if test="verifyResult != null" >
        verify_result = #{verifyResult,jdbcType=INTEGER},
      </if>
      <if test="rawErrid != null" >
        raw_errID = #{rawErrid,jdbcType=INTEGER},
      </if>
      <if test="rawNode != null" >
        raw_node = #{rawNode,jdbcType=VARCHAR},
      </if>
      <if test="rawType != null" >
        raw_type = #{rawType,jdbcType=INTEGER},
      </if>
      <if test="rawValue != null" >
        raw_value = #{rawValue,jdbcType=DECIMAL},
      </if>
      <if test="rawUnit != null" >
        raw_unit = #{rawUnit,jdbcType=VARCHAR},
      </if>
      <if test="rawUuid != null" >
        raw_UUID = #{rawUuid,jdbcType=VARCHAR},
      </if>
      <if test="platformId != null" >
        platform_id = #{platformId,jdbcType=INTEGER},
      </if>
      <if test="createTime != null" >
        create_time = #{createTime,jdbcType=TIMESTAMP},
      </if>
      <if test="createUser != null" >
        create_user = #{createUser,jdbcType=VARCHAR},
      </if>
      <if test="updateTime != null" >
        update_time = #{updateTime,jdbcType=TIMESTAMP},
      </if>
      <if test="updateUser != null" >
        update_user = #{updateUser,jdbcType=VARCHAR},
      </if>
      <if test="deleted != null" >
        deleted = #{deleted,jdbcType=INTEGER},
      </if>
      <if test="version != null" >
        version = #{version,jdbcType=INTEGER},
      </if>
    </set>
    where id = #{id,jdbcType=BIGINT}
  </update>
  <update id="updateByPrimaryKey" parameterType="com.leniao.entity.HbyProjectErrorInfo" >
    update hby_project_errorinfo
    set unit_id = #{unitId,jdbcType=INTEGER},
      province_code = #{provinceCode,jdbcType=VARCHAR},
      city_code = #{cityCode,jdbcType=VARCHAR},
      area_code = #{areaCode,jdbcType=VARCHAR},
      industry_id = #{industryId,jdbcType=BIGINT},
      type = #{type,jdbcType=INTEGER},
      dev_idpk = #{devIdpk,jdbcType=INTEGER},
      dev_signature = #{devSignature,jdbcType=VARCHAR},
      overlook_id = #{overlookId,jdbcType=VARCHAR},
      plan_id = #{planId,jdbcType=BIGINT},
      poll_or_con = #{pollOrCon,jdbcType=INTEGER},
      error_time = #{errorTime,jdbcType=TIMESTAMP},
      normal_time = #{normalTime,jdbcType=TIMESTAMP},
      deal_status = #{dealStatus,jdbcType=INTEGER},
      error_event_type = #{errorEventType,jdbcType=INTEGER},
      error_desc = #{errorDesc,jdbcType=VARCHAR},
      vol_charge_ratio = #{volChargeRatio,jdbcType=DECIMAL},
      ele_charge_ratio = #{eleChargeRatio,jdbcType=DECIMAL},
      push_time = #{pushTime,jdbcType=TIMESTAMP},
      is_push = #{isPush,jdbcType=INTEGER},
      remark = #{remark,jdbcType=VARCHAR},
      check_user = #{checkUser,jdbcType=INTEGER},
      check_user_name = #{checkUserName,jdbcType=VARCHAR},
      check_time = #{checkTime,jdbcType=TIMESTAMP},
      check_result = #{checkResult,jdbcType=INTEGER},
      check_desc = #{checkDesc,jdbcType=VARCHAR},
      fj_url = #{fjUrl,jdbcType=VARCHAR},
      fj_desc = #{fjDesc,jdbcType=VARCHAR},
      verify_user = #{verifyUser,jdbcType=INTEGER},
      verify_user_name = #{verifyUserName,jdbcType=VARCHAR},
      verify_time = #{verifyTime,jdbcType=TIMESTAMP},
      verify_sugg = #{verifySugg,jdbcType=VARCHAR},
      verify_result = #{verifyResult,jdbcType=INTEGER},
      raw_errID = #{rawErrid,jdbcType=INTEGER},
      raw_node = #{rawNode,jdbcType=VARCHAR},
      raw_type = #{rawType,jdbcType=INTEGER},
      raw_value = #{rawValue,jdbcType=DECIMAL},
      raw_unit = #{rawUnit,jdbcType=VARCHAR},
      raw_UUID = #{rawUuid,jdbcType=VARCHAR},
      platform_id = #{platformId,jdbcType=INTEGER},
      create_time = #{createTime,jdbcType=TIMESTAMP},
      create_user = #{createUser,jdbcType=VARCHAR},
      update_time = #{updateTime,jdbcType=TIMESTAMP},
      update_user = #{updateUser,jdbcType=VARCHAR},
      deleted = #{deleted,jdbcType=INTEGER},
      version = #{version,jdbcType=INTEGER}
    where id = #{id,jdbcType=BIGINT}
  </update>
</mapper>