<?xml version="1.0" encoding="UTF-8"?>
<!DOCTYPE mapper PUBLIC "-//mybatis.org//DTD Mapper 3.0//EN" "http://mybatis.org/dtd/mybatis-3-mapper.dtd">
<mapper namespace="com.leniao.mapper.ProjectInfoMapper">
  <resultMap id="BaseResultMap" type="com.leniao.entity.ProjectInfo">
    <id column="projId" jdbcType="INTEGER" property="projid" />
    <result column="industryId" jdbcType="BIGINT" property="industryid" />
    <result column="projName" jdbcType="VARCHAR" property="projname" />
    <result column="projLocationX" jdbcType="REAL" property="projlocationx" />
    <result column="projLocationY" jdbcType="REAL" property="projlocationy" />
    <result column="proCreateTime" jdbcType="TIMESTAMP" property="procreatetime" />
    <result column="projLocation" jdbcType="VARCHAR" property="projlocation" />
    <result column="proProvince" jdbcType="VARCHAR" property="proprovince" />
    <result column="proCity" jdbcType="VARCHAR" property="procity" />
    <result column="proArea" jdbcType="VARCHAR" property="proarea" />
    <result column="fireGuardId" jdbcType="INTEGER" property="fireguardid" />
    <result column="legalPersonId" jdbcType="INTEGER" property="legalpersonid" />
    <result column="projIntroduction" jdbcType="VARCHAR" property="projintroduction" />
    <result column="projRemark" jdbcType="VARCHAR" property="projremark" />
    <result column="isDelete" jdbcType="INTEGER" property="isdelete" />
    <result column="fileName" jdbcType="VARCHAR" property="filename" />
    <result column="proProvinceCode" jdbcType="VARCHAR" property="proprovincecode" />
    <result column="proCityCode" jdbcType="VARCHAR" property="procitycode" />
    <result column="proAreaCode" jdbcType="VARCHAR" property="proareacode" />
    <result column="platformId" jdbcType="INTEGER" property="platformid" />
  </resultMap>
  <sql id="Example_Where_Clause">
    <where>
      <foreach collection="oredCriteria" item="criteria" separator="or">
        <if test="criteria.valid">
          <trim prefix="(" prefixOverrides="and" suffix=")">
            <foreach collection="criteria.criteria" item="criterion">
              <choose>
                <when test="criterion.noValue">
                  and ${criterion.condition}
                </when>
                <when test="criterion.singleValue">
                  and ${criterion.condition} #{criterion.value}
                </when>
                <when test="criterion.betweenValue">
                  and ${criterion.condition} #{criterion.value} and #{criterion.secondValue}
                </when>
                <when test="criterion.listValue">
                  and ${criterion.condition}
                  <foreach close=")" collection="criterion.value" item="listItem" open="(" separator=",">
                    #{listItem}
                  </foreach>
                </when>
              </choose>
            </foreach>
          </trim>
        </if>
      </foreach>
    </where>
  </sql>
  <sql id="Update_By_Example_Where_Clause">
    <where>
      <foreach collection="example.oredCriteria" item="criteria" separator="or">
        <if test="criteria.valid">
          <trim prefix="(" prefixOverrides="and" suffix=")">
            <foreach collection="criteria.criteria" item="criterion">
              <choose>
                <when test="criterion.noValue">
                  and ${criterion.condition}
                </when>
                <when test="criterion.singleValue">
                  and ${criterion.condition} #{criterion.value}
                </when>
                <when test="criterion.betweenValue">
                  and ${criterion.condition} #{criterion.value} and #{criterion.secondValue}
                </when>
                <when test="criterion.listValue">
                  and ${criterion.condition}
                  <foreach close=")" collection="criterion.value" item="listItem" open="(" separator=",">
                    #{listItem}
                  </foreach>
                </when>
              </choose>
            </foreach>
          </trim>
        </if>
      </foreach>
    </where>
  </sql>
  <sql id="Base_Column_List">
    projId, industryId, projName, projLocationX, projLocationY, proCreateTime, projLocation, 
    proProvince, proCity, proArea, fireGuardId, legalPersonId, projIntroduction, projRemark, 
    isDelete, fileName, proProvinceCode, proCityCode, proAreaCode, platformId
  </sql>
  <select id="selectByExample" parameterType="com.leniao.entity.ProjectInfoExample" resultMap="BaseResultMap">
    select
    <if test="distinct">
      distinct
    </if>
    <include refid="Base_Column_List" />
    from tblnprojectinfo
    <if test="_parameter != null">
      <include refid="Example_Where_Clause" />
    </if>
    <if test="orderByClause != null">
      order by ${orderByClause}
    </if>
  </select>
  <select id="selectByPrimaryKey" parameterType="java.lang.Integer" resultMap="BaseResultMap">
    select 
    <include refid="Base_Column_List" />
    from tblnprojectinfo
    where projId = #{projid,jdbcType=INTEGER}
  </select>
  <delete id="deleteByPrimaryKey" parameterType="java.lang.Integer">
    delete from tblnprojectinfo
    where projId = #{projid,jdbcType=INTEGER}
  </delete>
  <delete id="deleteByExample" parameterType="com.leniao.entity.ProjectInfoExample">
    delete from tblnprojectinfo
    <if test="_parameter != null">
      <include refid="Example_Where_Clause" />
    </if>
  </delete>
  <insert id="insert" parameterType="com.leniao.entity.ProjectInfo">
    insert into tblnprojectinfo (projId, industryId, projName, 
      projLocationX, projLocationY, proCreateTime, 
      projLocation, proProvince, proCity, 
      proArea, fireGuardId, legalPersonId, 
      projIntroduction, projRemark, isDelete, 
      fileName, proProvinceCode, proCityCode, 
      proAreaCode, platformId)
    values (#{projid,jdbcType=INTEGER}, #{industryid,jdbcType=BIGINT}, #{projname,jdbcType=VARCHAR}, 
      #{projlocationx,jdbcType=REAL}, #{projlocationy,jdbcType=REAL}, #{procreatetime,jdbcType=TIMESTAMP}, 
      #{projlocation,jdbcType=VARCHAR}, #{proprovince,jdbcType=VARCHAR}, #{procity,jdbcType=VARCHAR}, 
      #{proarea,jdbcType=VARCHAR}, #{fireguardid,jdbcType=INTEGER}, #{legalpersonid,jdbcType=INTEGER}, 
      #{projintroduction,jdbcType=VARCHAR}, #{projremark,jdbcType=VARCHAR}, #{isdelete,jdbcType=INTEGER}, 
      #{filename,jdbcType=VARCHAR}, #{proprovincecode,jdbcType=VARCHAR}, #{procitycode,jdbcType=VARCHAR}, 
      #{proareacode,jdbcType=VARCHAR}, #{platformid,jdbcType=INTEGER})
  </insert>
  <insert id="insertSelective" parameterType="com.leniao.entity.ProjectInfo">
    insert into tblnprojectinfo
    <trim prefix="(" suffix=")" suffixOverrides=",">
      <if test="projid != null">
        projId,
      </if>
      <if test="industryid != null">
        industryId,
      </if>
      <if test="projname != null">
        projName,
      </if>
      <if test="projlocationx != null">
        projLocationX,
      </if>
      <if test="projlocationy != null">
        projLocationY,
      </if>
      <if test="procreatetime != null">
        proCreateTime,
      </if>
      <if test="projlocation != null">
        projLocation,
      </if>
      <if test="proprovince != null">
        proProvince,
      </if>
      <if test="procity != null">
        proCity,
      </if>
      <if test="proarea != null">
        proArea,
      </if>
      <if test="fireguardid != null">
        fireGuardId,
      </if>
      <if test="legalpersonid != null">
        legalPersonId,
      </if>
      <if test="projintroduction != null">
        projIntroduction,
      </if>
      <if test="projremark != null">
        projRemark,
      </if>
      <if test="isdelete != null">
        isDelete,
      </if>
      <if test="filename != null">
        fileName,
      </if>
      <if test="proprovincecode != null">
        proProvinceCode,
      </if>
      <if test="procitycode != null">
        proCityCode,
      </if>
      <if test="proareacode != null">
        proAreaCode,
      </if>
      <if test="platformid != null">
        platformId,
      </if>
    </trim>
    <trim prefix="values (" suffix=")" suffixOverrides=",">
      <if test="projid != null">
        #{projid,jdbcType=INTEGER},
      </if>
      <if test="industryid != null">
        #{industryid,jdbcType=BIGINT},
      </if>
      <if test="projname != null">
        #{projname,jdbcType=VARCHAR},
      </if>
      <if test="projlocationx != null">
        #{projlocationx,jdbcType=REAL},
      </if>
      <if test="projlocationy != null">
        #{projlocationy,jdbcType=REAL},
      </if>
      <if test="procreatetime != null">
        #{procreatetime,jdbcType=TIMESTAMP},
      </if>
      <if test="projlocation != null">
        #{projlocation,jdbcType=VARCHAR},
      </if>
      <if test="proprovince != null">
        #{proprovince,jdbcType=VARCHAR},
      </if>
      <if test="procity != null">
        #{procity,jdbcType=VARCHAR},
      </if>
      <if test="proarea != null">
        #{proarea,jdbcType=VARCHAR},
      </if>
      <if test="fireguardid != null">
        #{fireguardid,jdbcType=INTEGER},
      </if>
      <if test="legalpersonid != null">
        #{legalpersonid,jdbcType=INTEGER},
      </if>
      <if test="projintroduction != null">
        #{projintroduction,jdbcType=VARCHAR},
      </if>
      <if test="projremark != null">
        #{projremark,jdbcType=VARCHAR},
      </if>
      <if test="isdelete != null">
        #{isdelete,jdbcType=INTEGER},
      </if>
      <if test="filename != null">
        #{filename,jdbcType=VARCHAR},
      </if>
      <if test="proprovincecode != null">
        #{proprovincecode,jdbcType=VARCHAR},
      </if>
      <if test="procitycode != null">
        #{procitycode,jdbcType=VARCHAR},
      </if>
      <if test="proareacode != null">
        #{proareacode,jdbcType=VARCHAR},
      </if>
      <if test="platformid != null">
        #{platformid,jdbcType=INTEGER},
      </if>
    </trim>
  </insert>
  <select id="countByExample" parameterType="com.leniao.entity.ProjectInfoExample" resultType="java.lang.Long">
    select count(*) from tblnprojectinfo
    <if test="_parameter != null">
      <include refid="Example_Where_Clause" />
    </if>
  </select>
  <update id="updateByExampleSelective" parameterType="map">
    update tblnprojectinfo
    <set>
      <if test="record.projid != null">
        projId = #{record.projid,jdbcType=INTEGER},
      </if>
      <if test="record.industryid != null">
        industryId = #{record.industryid,jdbcType=BIGINT},
      </if>
      <if test="record.projname != null">
        projName = #{record.projname,jdbcType=VARCHAR},
      </if>
      <if test="record.projlocationx != null">
        projLocationX = #{record.projlocationx,jdbcType=REAL},
      </if>
      <if test="record.projlocationy != null">
        projLocationY = #{record.projlocationy,jdbcType=REAL},
      </if>
      <if test="record.procreatetime != null">
        proCreateTime = #{record.procreatetime,jdbcType=TIMESTAMP},
      </if>
      <if test="record.projlocation != null">
        projLocation = #{record.projlocation,jdbcType=VARCHAR},
      </if>
      <if test="record.proprovince != null">
        proProvince = #{record.proprovince,jdbcType=VARCHAR},
      </if>
      <if test="record.procity != null">
        proCity = #{record.procity,jdbcType=VARCHAR},
      </if>
      <if test="record.proarea != null">
        proArea = #{record.proarea,jdbcType=VARCHAR},
      </if>
      <if test="record.fireguardid != null">
        fireGuardId = #{record.fireguardid,jdbcType=INTEGER},
      </if>
      <if test="record.legalpersonid != null">
        legalPersonId = #{record.legalpersonid,jdbcType=INTEGER},
      </if>
      <if test="record.projintroduction != null">
        projIntroduction = #{record.projintroduction,jdbcType=VARCHAR},
      </if>
      <if test="record.projremark != null">
        projRemark = #{record.projremark,jdbcType=VARCHAR},
      </if>
      <if test="record.isdelete != null">
        isDelete = #{record.isdelete,jdbcType=INTEGER},
      </if>
      <if test="record.filename != null">
        fileName = #{record.filename,jdbcType=VARCHAR},
      </if>
      <if test="record.proprovincecode != null">
        proProvinceCode = #{record.proprovincecode,jdbcType=VARCHAR},
      </if>
      <if test="record.procitycode != null">
        proCityCode = #{record.procitycode,jdbcType=VARCHAR},
      </if>
      <if test="record.proareacode != null">
        proAreaCode = #{record.proareacode,jdbcType=VARCHAR},
      </if>
      <if test="record.platformid != null">
        platformId = #{record.platformid,jdbcType=INTEGER},
      </if>
    </set>
    <if test="_parameter != null">
      <include refid="Update_By_Example_Where_Clause" />
    </if>
  </update>
  <update id="updateByExample" parameterType="map">
    update tblnprojectinfo
    set projId = #{record.projid,jdbcType=INTEGER},
      industryId = #{record.industryid,jdbcType=BIGINT},
      projName = #{record.projname,jdbcType=VARCHAR},
      projLocationX = #{record.projlocationx,jdbcType=REAL},
      projLocationY = #{record.projlocationy,jdbcType=REAL},
      proCreateTime = #{record.procreatetime,jdbcType=TIMESTAMP},
      projLocation = #{record.projlocation,jdbcType=VARCHAR},
      proProvince = #{record.proprovince,jdbcType=VARCHAR},
      proCity = #{record.procity,jdbcType=VARCHAR},
      proArea = #{record.proarea,jdbcType=VARCHAR},
      fireGuardId = #{record.fireguardid,jdbcType=INTEGER},
      legalPersonId = #{record.legalpersonid,jdbcType=INTEGER},
      projIntroduction = #{record.projintroduction,jdbcType=VARCHAR},
      projRemark = #{record.projremark,jdbcType=VARCHAR},
      isDelete = #{record.isdelete,jdbcType=INTEGER},
      fileName = #{record.filename,jdbcType=VARCHAR},
      proProvinceCode = #{record.proprovincecode,jdbcType=VARCHAR},
      proCityCode = #{record.procitycode,jdbcType=VARCHAR},
      proAreaCode = #{record.proareacode,jdbcType=VARCHAR},
      platformId = #{record.platformid,jdbcType=INTEGER}
    <if test="_parameter != null">
      <include refid="Update_By_Example_Where_Clause" />
    </if>
  </update>
  <update id="updateByPrimaryKeySelective" parameterType="com.leniao.entity.ProjectInfo">
    update tblnprojectinfo
    <set>
      <if test="industryid != null">
        industryId = #{industryid,jdbcType=BIGINT},
      </if>
      <if test="projname != null">
        projName = #{projname,jdbcType=VARCHAR},
      </if>
      <if test="projlocationx != null">
        projLocationX = #{projlocationx,jdbcType=REAL},
      </if>
      <if test="projlocationy != null">
        projLocationY = #{projlocationy,jdbcType=REAL},
      </if>
      <if test="procreatetime != null">
        proCreateTime = #{procreatetime,jdbcType=TIMESTAMP},
      </if>
      <if test="projlocation != null">
        projLocation = #{projlocation,jdbcType=VARCHAR},
      </if>
      <if test="proprovince != null">
        proProvince = #{proprovince,jdbcType=VARCHAR},
      </if>
      <if test="procity != null">
        proCity = #{procity,jdbcType=VARCHAR},
      </if>
      <if test="proarea != null">
        proArea = #{proarea,jdbcType=VARCHAR},
      </if>
      <if test="fireguardid != null">
        fireGuardId = #{fireguardid,jdbcType=INTEGER},
      </if>
      <if test="legalpersonid != null">
        legalPersonId = #{legalpersonid,jdbcType=INTEGER},
      </if>
      <if test="projintroduction != null">
        projIntroduction = #{projintroduction,jdbcType=VARCHAR},
      </if>
      <if test="projremark != null">
        projRemark = #{projremark,jdbcType=VARCHAR},
      </if>
      <if test="isdelete != null">
        isDelete = #{isdelete,jdbcType=INTEGER},
      </if>
      <if test="filename != null">
        fileName = #{filename,jdbcType=VARCHAR},
      </if>
      <if test="proprovincecode != null">
        proProvinceCode = #{proprovincecode,jdbcType=VARCHAR},
      </if>
      <if test="procitycode != null">
        proCityCode = #{procitycode,jdbcType=VARCHAR},
      </if>
      <if test="proareacode != null">
        proAreaCode = #{proareacode,jdbcType=VARCHAR},
      </if>
      <if test="platformid != null">
        platformId = #{platformid,jdbcType=INTEGER},
      </if>
    </set>
    where projId = #{projid,jdbcType=INTEGER}
  </update>
  <update id="updateByPrimaryKey" parameterType="com.leniao.entity.ProjectInfo">
    update tblnprojectinfo
    set industryId = #{industryid,jdbcType=BIGINT},
      projName = #{projname,jdbcType=VARCHAR},
      projLocationX = #{projlocationx,jdbcType=REAL},
      projLocationY = #{projlocationy,jdbcType=REAL},
      proCreateTime = #{procreatetime,jdbcType=TIMESTAMP},
      projLocation = #{projlocation,jdbcType=VARCHAR},
      proProvince = #{proprovince,jdbcType=VARCHAR},
      proCity = #{procity,jdbcType=VARCHAR},
      proArea = #{proarea,jdbcType=VARCHAR},
      fireGuardId = #{fireguardid,jdbcType=INTEGER},
      legalPersonId = #{legalpersonid,jdbcType=INTEGER},
      projIntroduction = #{projintroduction,jdbcType=VARCHAR},
      projRemark = #{projremark,jdbcType=VARCHAR},
      isDelete = #{isdelete,jdbcType=INTEGER},
      fileName = #{filename,jdbcType=VARCHAR},
      proProvinceCode = #{proprovincecode,jdbcType=VARCHAR},
      proCityCode = #{procitycode,jdbcType=VARCHAR},
      proAreaCode = #{proareacode,jdbcType=VARCHAR},
      platformId = #{platformid,jdbcType=INTEGER}
    where projId = #{projid,jdbcType=INTEGER}
  </update>
</mapper>