<?xml version="1.0" encoding="UTF-8" ?>
<!DOCTYPE mapper PUBLIC "-//mybatis.org//DTD Mapper 3.0//EN" "http://mybatis.org/dtd/mybatis-3-mapper.dtd" >
<mapper namespace="com.leniao.mapper.TblnlegalpersoninfoMapper" >
  <resultMap id="BaseResultMap" type="com.leniao.entity.Tblnlegalpersoninfo" >
    <id column="legalPersonId" property="legalpersonid" jdbcType="INTEGER" />
    <result column="legalPersonName" property="legalpersonname" jdbcType="VARCHAR" />
    <result column="legalPersonPhone" property="legalpersonphone" jdbcType="VARCHAR" />
    <result column="legalPersonTel" property="legalpersontel" jdbcType="VARCHAR" />
    <result column="legalRemark" property="legalremark" jdbcType="VARCHAR" />
    <result column="isDelete" property="isdelete" jdbcType="INTEGER" />
    <result column="userId" property="userid" jdbcType="INTEGER" />
    <result column="platformId" property="platformid" jdbcType="INTEGER" />
  </resultMap>
  <sql id="Example_Where_Clause" >
    <where >
      <foreach collection="oredCriteria" item="criteria" separator="or" >
        <if test="criteria.valid" >
          <trim prefix="(" suffix=")" prefixOverrides="and" >
            <foreach collection="criteria.criteria" item="criterion" >
              <choose >
                <when test="criterion.noValue" >
                  and ${criterion.condition}
                </when>
                <when test="criterion.singleValue" >
                  and ${criterion.condition} #{criterion.value}
                </when>
                <when test="criterion.betweenValue" >
                  and ${criterion.condition} #{criterion.value} and #{criterion.secondValue}
                </when>
                <when test="criterion.listValue" >
                  and ${criterion.condition}
                  <foreach collection="criterion.value" item="listItem" open="(" close=")" separator="," >
                    #{listItem}
                  </foreach>
                </when>
              </choose>
            </foreach>
          </trim>
        </if>
      </foreach>
    </where>
  </sql>
  <sql id="Update_By_Example_Where_Clause" >
    <where >
      <foreach collection="example.oredCriteria" item="criteria" separator="or" >
        <if test="criteria.valid" >
          <trim prefix="(" suffix=")" prefixOverrides="and" >
            <foreach collection="criteria.criteria" item="criterion" >
              <choose >
                <when test="criterion.noValue" >
                  and ${criterion.condition}
                </when>
                <when test="criterion.singleValue" >
                  and ${criterion.condition} #{criterion.value}
                </when>
                <when test="criterion.betweenValue" >
                  and ${criterion.condition} #{criterion.value} and #{criterion.secondValue}
                </when>
                <when test="criterion.listValue" >
                  and ${criterion.condition}
                  <foreach collection="criterion.value" item="listItem" open="(" close=")" separator="," >
                    #{listItem}
                  </foreach>
                </when>
              </choose>
            </foreach>
          </trim>
        </if>
      </foreach>
    </where>
  </sql>
  <sql id="Base_Column_List" >
    legalPersonId, legalPersonName, legalPersonPhone, legalPersonTel, legalRemark, isDelete, 
    userId, platformId
  </sql>
  <select id="selectByExample" resultMap="BaseResultMap" parameterType="com.leniao.entity.TblnlegalpersoninfoExample" >
    select
    <if test="distinct" >
      distinct
    </if>
    <include refid="Base_Column_List" />
    from tblnlegalpersoninfo
    <if test="_parameter != null" >
      <include refid="Example_Where_Clause" />
    </if>
    <if test="orderByClause != null" >
      order by ${orderByClause}
    </if>
  </select>
  <select id="selectByPrimaryKey" resultMap="BaseResultMap" parameterType="java.lang.Integer" >
    select 
    <include refid="Base_Column_List" />
    from tblnlegalpersoninfo
    where legalPersonId = #{legalpersonid,jdbcType=INTEGER}
  </select>
  <delete id="deleteByPrimaryKey" parameterType="java.lang.Integer" >
    delete from tblnlegalpersoninfo
    where legalPersonId = #{legalpersonid,jdbcType=INTEGER}
  </delete>
  <delete id="deleteByExample" parameterType="com.leniao.entity.TblnlegalpersoninfoExample" >
    delete from tblnlegalpersoninfo
    <if test="_parameter != null" >
      <include refid="Example_Where_Clause" />
    </if>
  </delete>
  <insert id="insert" parameterType="com.leniao.entity.Tblnlegalpersoninfo" >
    insert into tblnlegalpersoninfo (legalPersonId, legalPersonName, legalPersonPhone, 
      legalPersonTel, legalRemark, isDelete, 
      userId, platformId)
    values (#{legalpersonid,jdbcType=INTEGER}, #{legalpersonname,jdbcType=VARCHAR}, #{legalpersonphone,jdbcType=VARCHAR}, 
      #{legalpersontel,jdbcType=VARCHAR}, #{legalremark,jdbcType=VARCHAR}, #{isdelete,jdbcType=INTEGER}, 
      #{userid,jdbcType=INTEGER}, #{platformid,jdbcType=INTEGER})
  </insert>
  <insert id="insertSelective" parameterType="com.leniao.entity.Tblnlegalpersoninfo" >
    insert into tblnlegalpersoninfo
    <trim prefix="(" suffix=")" suffixOverrides="," >
      <if test="legalpersonid != null" >
        legalPersonId,
      </if>
      <if test="legalpersonname != null" >
        legalPersonName,
      </if>
      <if test="legalpersonphone != null" >
        legalPersonPhone,
      </if>
      <if test="legalpersontel != null" >
        legalPersonTel,
      </if>
      <if test="legalremark != null" >
        legalRemark,
      </if>
      <if test="isdelete != null" >
        isDelete,
      </if>
      <if test="userid != null" >
        userId,
      </if>
      <if test="platformid != null" >
        platformId,
      </if>
    </trim>
    <trim prefix="values (" suffix=")" suffixOverrides="," >
      <if test="legalpersonid != null" >
        #{legalpersonid,jdbcType=INTEGER},
      </if>
      <if test="legalpersonname != null" >
        #{legalpersonname,jdbcType=VARCHAR},
      </if>
      <if test="legalpersonphone != null" >
        #{legalpersonphone,jdbcType=VARCHAR},
      </if>
      <if test="legalpersontel != null" >
        #{legalpersontel,jdbcType=VARCHAR},
      </if>
      <if test="legalremark != null" >
        #{legalremark,jdbcType=VARCHAR},
      </if>
      <if test="isdelete != null" >
        #{isdelete,jdbcType=INTEGER},
      </if>
      <if test="userid != null" >
        #{userid,jdbcType=INTEGER},
      </if>
      <if test="platformid != null" >
        #{platformid,jdbcType=INTEGER},
      </if>
    </trim>
  </insert>
  <select id="countByExample" parameterType="com.leniao.entity.TblnlegalpersoninfoExample" resultType="java.lang.Integer" >
    select count(*) from tblnlegalpersoninfo
    <if test="_parameter != null" >
      <include refid="Example_Where_Clause" />
    </if>
  </select>
  <update id="updateByExampleSelective" parameterType="map" >
    update tblnlegalpersoninfo
    <set >
      <if test="record.legalpersonid != null" >
        legalPersonId = #{record.legalpersonid,jdbcType=INTEGER},
      </if>
      <if test="record.legalpersonname != null" >
        legalPersonName = #{record.legalpersonname,jdbcType=VARCHAR},
      </if>
      <if test="record.legalpersonphone != null" >
        legalPersonPhone = #{record.legalpersonphone,jdbcType=VARCHAR},
      </if>
      <if test="record.legalpersontel != null" >
        legalPersonTel = #{record.legalpersontel,jdbcType=VARCHAR},
      </if>
      <if test="record.legalremark != null" >
        legalRemark = #{record.legalremark,jdbcType=VARCHAR},
      </if>
      <if test="record.isdelete != null" >
        isDelete = #{record.isdelete,jdbcType=INTEGER},
      </if>
      <if test="record.userid != null" >
        userId = #{record.userid,jdbcType=INTEGER},
      </if>
      <if test="record.platformid != null" >
        platformId = #{record.platformid,jdbcType=INTEGER},
      </if>
    </set>
    <if test="_parameter != null" >
      <include refid="Update_By_Example_Where_Clause" />
    </if>
  </update>
  <update id="updateByExample" parameterType="map" >
    update tblnlegalpersoninfo
    set legalPersonId = #{record.legalpersonid,jdbcType=INTEGER},
      legalPersonName = #{record.legalpersonname,jdbcType=VARCHAR},
      legalPersonPhone = #{record.legalpersonphone,jdbcType=VARCHAR},
      legalPersonTel = #{record.legalpersontel,jdbcType=VARCHAR},
      legalRemark = #{record.legalremark,jdbcType=VARCHAR},
      isDelete = #{record.isdelete,jdbcType=INTEGER},
      userId = #{record.userid,jdbcType=INTEGER},
      platformId = #{record.platformid,jdbcType=INTEGER}
    <if test="_parameter != null" >
      <include refid="Update_By_Example_Where_Clause" />
    </if>
  </update>
  <update id="updateByPrimaryKeySelective" parameterType="com.leniao.entity.Tblnlegalpersoninfo" >
    update tblnlegalpersoninfo
    <set >
      <if test="legalpersonname != null" >
        legalPersonName = #{legalpersonname,jdbcType=VARCHAR},
      </if>
      <if test="legalpersonphone != null" >
        legalPersonPhone = #{legalpersonphone,jdbcType=VARCHAR},
      </if>
      <if test="legalpersontel != null" >
        legalPersonTel = #{legalpersontel,jdbcType=VARCHAR},
      </if>
      <if test="legalremark != null" >
        legalRemark = #{legalremark,jdbcType=VARCHAR},
      </if>
      <if test="isdelete != null" >
        isDelete = #{isdelete,jdbcType=INTEGER},
      </if>
      <if test="userid != null" >
        userId = #{userid,jdbcType=INTEGER},
      </if>
      <if test="platformid != null" >
        platformId = #{platformid,jdbcType=INTEGER},
      </if>
    </set>
    where legalPersonId = #{legalpersonid,jdbcType=INTEGER}
  </update>
  <update id="updateByPrimaryKey" parameterType="com.leniao.entity.Tblnlegalpersoninfo" >
    update tblnlegalpersoninfo
    set legalPersonName = #{legalpersonname,jdbcType=VARCHAR},
      legalPersonPhone = #{legalpersonphone,jdbcType=VARCHAR},
      legalPersonTel = #{legalpersontel,jdbcType=VARCHAR},
      legalRemark = #{legalremark,jdbcType=VARCHAR},
      isDelete = #{isdelete,jdbcType=INTEGER},
      userId = #{userid,jdbcType=INTEGER},
      platformId = #{platformid,jdbcType=INTEGER}
    where legalPersonId = #{legalpersonid,jdbcType=INTEGER}
  </update>
</mapper>