<?xml version="1.0" encoding="UTF-8"?>
<!DOCTYPE mapper PUBLIC "-//mybatis.org//DTD Mapper 3.0//EN" "http://mybatis.org/dtd/mybatis-3-mapper.dtd">
<mapper namespace="com.leniao.mapper.TbLnUserInfoMapper">
  <resultMap id="BaseResultMap" type="com.leniao.entity.TbLnUserInfo">
    <id column="userId" jdbcType="INTEGER" property="userid" />
    <result column="userName" jdbcType="VARCHAR" property="username" />
    <result column="userPwd" jdbcType="VARCHAR" property="userpwd" />
    <result column="userSex" jdbcType="VARCHAR" property="usersex" />
    <result column="userProvince" jdbcType="VARCHAR" property="userprovince" />
    <result column="userCity" jdbcType="VARCHAR" property="usercity" />
    <result column="userArea" jdbcType="VARCHAR" property="userarea" />
    <result column="userPhone" jdbcType="VARCHAR" property="userphone" />
    <result column="userQQ" jdbcType="VARCHAR" property="userqq" />
    <result column="userWeChat" jdbcType="VARCHAR" property="userwechat" />
    <result column="userRightId" jdbcType="INTEGER" property="userrightid" />
    <result column="userCreateTime" jdbcType="TIMESTAMP" property="usercreatetime" />
    <result column="userIsLeave" jdbcType="INTEGER" property="userisleave" />
    <result column="userRemark" jdbcType="VARCHAR" property="userremark" />
    <result column="code" jdbcType="VARCHAR" property="code" />
    <result column="deviceId" jdbcType="VARCHAR" property="deviceid" />
    <result column="isDelete" jdbcType="INTEGER" property="isdelete" />
    <result column="isSend" jdbcType="INTEGER" property="issend" />
    <result column="userEamil" jdbcType="VARCHAR" property="usereamil" />
    <result column="platformId" jdbcType="INTEGER" property="platformid" />
    <result column="qrCodename" jdbcType="VARCHAR" property="qrcodename" />
    <result column="reportNature" jdbcType="VARCHAR" property="reportnature" />
    <result column="deviceType" jdbcType="VARCHAR" property="devicetype" />
    <result column="userLogo" jdbcType="VARCHAR" property="userlogo" />
    <result column="wxOpenId" jdbcType="VARCHAR" property="wxopenid" />
  </resultMap>
  <sql id="Example_Where_Clause">
    <where>
      <foreach collection="oredCriteria" item="criteria" separator="or">
        <if test="criteria.valid">
          <trim prefix="(" prefixOverrides="and" suffix=")">
            <foreach collection="criteria.criteria" item="criterion">
              <choose>
                <when test="criterion.noValue">
                  and ${criterion.condition}
                </when>
                <when test="criterion.singleValue">
                  and ${criterion.condition} #{criterion.value}
                </when>
                <when test="criterion.betweenValue">
                  and ${criterion.condition} #{criterion.value} and #{criterion.secondValue}
                </when>
                <when test="criterion.listValue">
                  and ${criterion.condition}
                  <foreach close=")" collection="criterion.value" item="listItem" open="(" separator=",">
                    #{listItem}
                  </foreach>
                </when>
              </choose>
            </foreach>
          </trim>
        </if>
      </foreach>
    </where>
  </sql>
  <sql id="Update_By_Example_Where_Clause">
    <where>
      <foreach collection="example.oredCriteria" item="criteria" separator="or">
        <if test="criteria.valid">
          <trim prefix="(" prefixOverrides="and" suffix=")">
            <foreach collection="criteria.criteria" item="criterion">
              <choose>
                <when test="criterion.noValue">
                  and ${criterion.condition}
                </when>
                <when test="criterion.singleValue">
                  and ${criterion.condition} #{criterion.value}
                </when>
                <when test="criterion.betweenValue">
                  and ${criterion.condition} #{criterion.value} and #{criterion.secondValue}
                </when>
                <when test="criterion.listValue">
                  and ${criterion.condition}
                  <foreach close=")" collection="criterion.value" item="listItem" open="(" separator=",">
                    #{listItem}
                  </foreach>
                </when>
              </choose>
            </foreach>
          </trim>
        </if>
      </foreach>
    </where>
  </sql>
  <sql id="Base_Column_List">
    userId, userName, userPwd, userSex, userProvince, userCity, userArea, userPhone, 
    userQQ, userWeChat, userRightId, userCreateTime, userIsLeave, userRemark, code, deviceId, 
    isDelete, isSend, userEamil, platformId, qrCodename, reportNature, deviceType, userLogo, 
    wxOpenId
  </sql>
  <select id="selectByExample" parameterType="com.leniao.entity.TbLnUserInfoExample" resultMap="BaseResultMap">
    select
    <if test="distinct">
      distinct
    </if>
    <include refid="Base_Column_List" />
    from tblnuserinfo
    <if test="_parameter != null">
      <include refid="Example_Where_Clause" />
    </if>
    <if test="orderByClause != null">
      order by ${orderByClause}
    </if>
  </select>
  <select id="selectByPrimaryKey" parameterType="java.lang.Integer" resultMap="BaseResultMap">
    select 
    <include refid="Base_Column_List" />
    from tblnuserinfo
    where userId = #{userid,jdbcType=INTEGER}
  </select>
  <delete id="deleteByPrimaryKey" parameterType="java.lang.Integer">
    delete from tblnuserinfo
    where userId = #{userid,jdbcType=INTEGER}
  </delete>
  <delete id="deleteByExample" parameterType="com.leniao.entity.TbLnUserInfoExample">
    delete from tblnuserinfo
    <if test="_parameter != null">
      <include refid="Example_Where_Clause" />
    </if>
  </delete>
  <insert id="insert" useGeneratedKeys="true"  keyProperty="userid" parameterType="com.leniao.entity.TbLnUserInfo">
    insert into tblnuserinfo (userId, userName, userPwd, 
      userSex, userProvince, userCity, 
      userArea, userPhone, userQQ, 
      userWeChat, userRightId, userCreateTime, 
      userIsLeave, userRemark, code, 
      deviceId, isDelete, isSend, 
      userEamil, platformId, qrCodename, 
      reportNature, deviceType, userLogo, 
      wxOpenId)
    values (#{userid,jdbcType=INTEGER}, #{username,jdbcType=VARCHAR}, #{userpwd,jdbcType=VARCHAR}, 
      #{usersex,jdbcType=VARCHAR}, #{userprovince,jdbcType=VARCHAR}, #{usercity,jdbcType=VARCHAR}, 
      #{userarea,jdbcType=VARCHAR}, #{userphone,jdbcType=VARCHAR}, #{userqq,jdbcType=VARCHAR}, 
      #{userwechat,jdbcType=VARCHAR}, #{userrightid,jdbcType=INTEGER}, #{usercreatetime,jdbcType=TIMESTAMP}, 
      #{userisleave,jdbcType=INTEGER}, #{userremark,jdbcType=VARCHAR}, #{code,jdbcType=VARCHAR}, 
      #{deviceid,jdbcType=VARCHAR}, #{isdelete,jdbcType=INTEGER}, #{issend,jdbcType=INTEGER}, 
      #{usereamil,jdbcType=VARCHAR}, #{platformid,jdbcType=INTEGER}, #{qrcodename,jdbcType=VARCHAR}, 
      #{reportnature,jdbcType=VARCHAR}, #{devicetype,jdbcType=VARCHAR}, #{userlogo,jdbcType=VARCHAR}, 
      #{wxopenid,jdbcType=VARCHAR})
  </insert>
  <insert id="insertSelective" parameterType="com.leniao.entity.TbLnUserInfo">
    insert into tblnuserinfo
    <trim prefix="(" suffix=")" suffixOverrides=",">
      <if test="userid != null">
        userId,
      </if>
      <if test="username != null">
        userName,
      </if>
      <if test="userpwd != null">
        userPwd,
      </if>
      <if test="usersex != null">
        userSex,
      </if>
      <if test="userprovince != null">
        userProvince,
      </if>
      <if test="usercity != null">
        userCity,
      </if>
      <if test="userarea != null">
        userArea,
      </if>
      <if test="userphone != null">
        userPhone,
      </if>
      <if test="userqq != null">
        userQQ,
      </if>
      <if test="userwechat != null">
        userWeChat,
      </if>
      <if test="userrightid != null">
        userRightId,
      </if>
      <if test="usercreatetime != null">
        userCreateTime,
      </if>
      <if test="userisleave != null">
        userIsLeave,
      </if>
      <if test="userremark != null">
        userRemark,
      </if>
      <if test="code != null">
        code,
      </if>
      <if test="deviceid != null">
        deviceId,
      </if>
      <if test="isdelete != null">
        isDelete,
      </if>
      <if test="issend != null">
        isSend,
      </if>
      <if test="usereamil != null">
        userEamil,
      </if>
      <if test="platformid != null">
        platformId,
      </if>
      <if test="qrcodename != null">
        qrCodename,
      </if>
      <if test="reportnature != null">
        reportNature,
      </if>
      <if test="devicetype != null">
        deviceType,
      </if>
      <if test="userlogo != null">
        userLogo,
      </if>
      <if test="wxopenid != null">
        wxOpenId,
      </if>
    </trim>
    <trim prefix="values (" suffix=")" suffixOverrides=",">
      <if test="userid != null">
        #{userid,jdbcType=INTEGER},
      </if>
      <if test="username != null">
        #{username,jdbcType=VARCHAR},
      </if>
      <if test="userpwd != null">
        #{userpwd,jdbcType=VARCHAR},
      </if>
      <if test="usersex != null">
        #{usersex,jdbcType=VARCHAR},
      </if>
      <if test="userprovince != null">
        #{userprovince,jdbcType=VARCHAR},
      </if>
      <if test="usercity != null">
        #{usercity,jdbcType=VARCHAR},
      </if>
      <if test="userarea != null">
        #{userarea,jdbcType=VARCHAR},
      </if>
      <if test="userphone != null">
        #{userphone,jdbcType=VARCHAR},
      </if>
      <if test="userqq != null">
        #{userqq,jdbcType=VARCHAR},
      </if>
      <if test="userwechat != null">
        #{userwechat,jdbcType=VARCHAR},
      </if>
      <if test="userrightid != null">
        #{userrightid,jdbcType=INTEGER},
      </if>
      <if test="usercreatetime != null">
        #{usercreatetime,jdbcType=TIMESTAMP},
      </if>
      <if test="userisleave != null">
        #{userisleave,jdbcType=INTEGER},
      </if>
      <if test="userremark != null">
        #{userremark,jdbcType=VARCHAR},
      </if>
      <if test="code != null">
        #{code,jdbcType=VARCHAR},
      </if>
      <if test="deviceid != null">
        #{deviceid,jdbcType=VARCHAR},
      </if>
      <if test="isdelete != null">
        #{isdelete,jdbcType=INTEGER},
      </if>
      <if test="issend != null">
        #{issend,jdbcType=INTEGER},
      </if>
      <if test="usereamil != null">
        #{usereamil,jdbcType=VARCHAR},
      </if>
      <if test="platformid != null">
        #{platformid,jdbcType=INTEGER},
      </if>
      <if test="qrcodename != null">
        #{qrcodename,jdbcType=VARCHAR},
      </if>
      <if test="reportnature != null">
        #{reportnature,jdbcType=VARCHAR},
      </if>
      <if test="devicetype != null">
        #{devicetype,jdbcType=VARCHAR},
      </if>
      <if test="userlogo != null">
        #{userlogo,jdbcType=VARCHAR},
      </if>
      <if test="wxopenid != null">
        #{wxopenid,jdbcType=VARCHAR},
      </if>
    </trim>
  </insert>
  <select id="countByExample" parameterType="com.leniao.entity.TbLnUserInfoExample" resultType="java.lang.Long">
    select count(*) from tblnuserinfo
    <if test="_parameter != null">
      <include refid="Example_Where_Clause" />
    </if>
  </select>
  <update id="updateByExampleSelective" parameterType="map">
    update tblnuserinfo
    <set>
      <if test="record.userid != null">
        userId = #{record.userid,jdbcType=INTEGER},
      </if>
      <if test="record.username != null">
        userName = #{record.username,jdbcType=VARCHAR},
      </if>
      <if test="record.userpwd != null">
        userPwd = #{record.userpwd,jdbcType=VARCHAR},
      </if>
      <if test="record.usersex != null">
        userSex = #{record.usersex,jdbcType=VARCHAR},
      </if>
      <if test="record.userprovince != null">
        userProvince = #{record.userprovince,jdbcType=VARCHAR},
      </if>
      <if test="record.usercity != null">
        userCity = #{record.usercity,jdbcType=VARCHAR},
      </if>
      <if test="record.userarea != null">
        userArea = #{record.userarea,jdbcType=VARCHAR},
      </if>
      <if test="record.userphone != null">
        userPhone = #{record.userphone,jdbcType=VARCHAR},
      </if>
      <if test="record.userqq != null">
        userQQ = #{record.userqq,jdbcType=VARCHAR},
      </if>
      <if test="record.userwechat != null">
        userWeChat = #{record.userwechat,jdbcType=VARCHAR},
      </if>
      <if test="record.userrightid != null">
        userRightId = #{record.userrightid,jdbcType=INTEGER},
      </if>
      <if test="record.usercreatetime != null">
        userCreateTime = #{record.usercreatetime,jdbcType=TIMESTAMP},
      </if>
      <if test="record.userisleave != null">
        userIsLeave = #{record.userisleave,jdbcType=INTEGER},
      </if>
      <if test="record.userremark != null">
        userRemark = #{record.userremark,jdbcType=VARCHAR},
      </if>
      <if test="record.code != null">
        code = #{record.code,jdbcType=VARCHAR},
      </if>
      <if test="record.deviceid != null">
        deviceId = #{record.deviceid,jdbcType=VARCHAR},
      </if>
      <if test="record.isdelete != null">
        isDelete = #{record.isdelete,jdbcType=INTEGER},
      </if>
      <if test="record.issend != null">
        isSend = #{record.issend,jdbcType=INTEGER},
      </if>
      <if test="record.usereamil != null">
        userEamil = #{record.usereamil,jdbcType=VARCHAR},
      </if>
      <if test="record.platformid != null">
        platformId = #{record.platformid,jdbcType=INTEGER},
      </if>
      <if test="record.qrcodename != null">
        qrCodename = #{record.qrcodename,jdbcType=VARCHAR},
      </if>
      <if test="record.reportnature != null">
        reportNature = #{record.reportnature,jdbcType=VARCHAR},
      </if>
      <if test="record.devicetype != null">
        deviceType = #{record.devicetype,jdbcType=VARCHAR},
      </if>
      <if test="record.userlogo != null">
        userLogo = #{record.userlogo,jdbcType=VARCHAR},
      </if>
      <if test="record.wxopenid != null">
        wxOpenId = #{record.wxopenid,jdbcType=VARCHAR},
      </if>
    </set>
    <if test="_parameter != null">
      <include refid="Update_By_Example_Where_Clause" />
    </if>
  </update>
  <update id="updateByExample" parameterType="map">
    update tblnuserinfo
    set userId = #{record.userid,jdbcType=INTEGER},
      userName = #{record.username,jdbcType=VARCHAR},
      userPwd = #{record.userpwd,jdbcType=VARCHAR},
      userSex = #{record.usersex,jdbcType=VARCHAR},
      userProvince = #{record.userprovince,jdbcType=VARCHAR},
      userCity = #{record.usercity,jdbcType=VARCHAR},
      userArea = #{record.userarea,jdbcType=VARCHAR},
      userPhone = #{record.userphone,jdbcType=VARCHAR},
      userQQ = #{record.userqq,jdbcType=VARCHAR},
      userWeChat = #{record.userwechat,jdbcType=VARCHAR},
      userRightId = #{record.userrightid,jdbcType=INTEGER},
      userCreateTime = #{record.usercreatetime,jdbcType=TIMESTAMP},
      userIsLeave = #{record.userisleave,jdbcType=INTEGER},
      userRemark = #{record.userremark,jdbcType=VARCHAR},
      code = #{record.code,jdbcType=VARCHAR},
      deviceId = #{record.deviceid,jdbcType=VARCHAR},
      isDelete = #{record.isdelete,jdbcType=INTEGER},
      isSend = #{record.issend,jdbcType=INTEGER},
      userEamil = #{record.usereamil,jdbcType=VARCHAR},
      platformId = #{record.platformid,jdbcType=INTEGER},
      qrCodename = #{record.qrcodename,jdbcType=VARCHAR},
      reportNature = #{record.reportnature,jdbcType=VARCHAR},
      deviceType = #{record.devicetype,jdbcType=VARCHAR},
      userLogo = #{record.userlogo,jdbcType=VARCHAR},
      wxOpenId = #{record.wxopenid,jdbcType=VARCHAR}
    <if test="_parameter != null">
      <include refid="Update_By_Example_Where_Clause" />
    </if>
  </update>
  <update id="updateByPrimaryKeySelective" parameterType="com.leniao.entity.TbLnUserInfo">
    update tblnuserinfo
    <set>
      <if test="username != null">
        userName = #{username,jdbcType=VARCHAR},
      </if>
      <if test="userpwd != null">
        userPwd = #{userpwd,jdbcType=VARCHAR},
      </if>
      <if test="usersex != null">
        userSex = #{usersex,jdbcType=VARCHAR},
      </if>
      <if test="userprovince != null">
        userProvince = #{userprovince,jdbcType=VARCHAR},
      </if>
      <if test="usercity != null">
        userCity = #{usercity,jdbcType=VARCHAR},
      </if>
      <if test="userarea != null">
        userArea = #{userarea,jdbcType=VARCHAR},
      </if>
      <if test="userphone != null">
        userPhone = #{userphone,jdbcType=VARCHAR},
      </if>
      <if test="userqq != null">
        userQQ = #{userqq,jdbcType=VARCHAR},
      </if>
      <if test="userwechat != null">
        userWeChat = #{userwechat,jdbcType=VARCHAR},
      </if>
      <if test="userrightid != null">
        userRightId = #{userrightid,jdbcType=INTEGER},
      </if>
      <if test="usercreatetime != null">
        userCreateTime = #{usercreatetime,jdbcType=TIMESTAMP},
      </if>
      <if test="userisleave != null">
        userIsLeave = #{userisleave,jdbcType=INTEGER},
      </if>
      <if test="userremark != null">
        userRemark = #{userremark,jdbcType=VARCHAR},
      </if>
      <if test="code != null">
        code = #{code,jdbcType=VARCHAR},
      </if>
      <if test="deviceid != null">
        deviceId = #{deviceid,jdbcType=VARCHAR},
      </if>
      <if test="isdelete != null">
        isDelete = #{isdelete,jdbcType=INTEGER},
      </if>
      <if test="issend != null">
        isSend = #{issend,jdbcType=INTEGER},
      </if>
      <if test="usereamil != null">
        userEamil = #{usereamil,jdbcType=VARCHAR},
      </if>
      <if test="platformid != null">
        platformId = #{platformid,jdbcType=INTEGER},
      </if>
      <if test="qrcodename != null">
        qrCodename = #{qrcodename,jdbcType=VARCHAR},
      </if>
      <if test="reportnature != null">
        reportNature = #{reportnature,jdbcType=VARCHAR},
      </if>
      <if test="devicetype != null">
        deviceType = #{devicetype,jdbcType=VARCHAR},
      </if>
      <if test="userlogo != null">
        userLogo = #{userlogo,jdbcType=VARCHAR},
      </if>
      <if test="wxopenid != null">
        wxOpenId = #{wxopenid,jdbcType=VARCHAR},
      </if>
    </set>
    where userId = #{userid,jdbcType=INTEGER}
  </update>
  <update id="updateByPrimaryKey" parameterType="com.leniao.entity.TbLnUserInfo">
    update tblnuserinfo
    set userName = #{username,jdbcType=VARCHAR},
      userPwd = #{userpwd,jdbcType=VARCHAR},
      userSex = #{usersex,jdbcType=VARCHAR},
      userProvince = #{userprovince,jdbcType=VARCHAR},
      userCity = #{usercity,jdbcType=VARCHAR},
      userArea = #{userarea,jdbcType=VARCHAR},
      userPhone = #{userphone,jdbcType=VARCHAR},
      userQQ = #{userqq,jdbcType=VARCHAR},
      userWeChat = #{userwechat,jdbcType=VARCHAR},
      userRightId = #{userrightid,jdbcType=INTEGER},
      userCreateTime = #{usercreatetime,jdbcType=TIMESTAMP},
      userIsLeave = #{userisleave,jdbcType=INTEGER},
      userRemark = #{userremark,jdbcType=VARCHAR},
      code = #{code,jdbcType=VARCHAR},
      deviceId = #{deviceid,jdbcType=VARCHAR},
      isDelete = #{isdelete,jdbcType=INTEGER},
      isSend = #{issend,jdbcType=INTEGER},
      userEamil = #{usereamil,jdbcType=VARCHAR},
      platformId = #{platformid,jdbcType=INTEGER},
      qrCodename = #{qrcodename,jdbcType=VARCHAR},
      reportNature = #{reportnature,jdbcType=VARCHAR},
      deviceType = #{devicetype,jdbcType=VARCHAR},
      userLogo = #{userlogo,jdbcType=VARCHAR},
      wxOpenId = #{wxopenid,jdbcType=VARCHAR}
    where userId = #{userid,jdbcType=INTEGER}
  </update>
</mapper>