<?xml version="1.0" encoding="UTF-8" ?>
<!DOCTYPE mapper PUBLIC "-//mybatis.org//DTD Mapper 3.0//EN" "http://mybatis.org/dtd/mybatis-3-mapper.dtd" >
<mapper namespace="com.leniao.mapper.TblndevicenodeinfoMapper" >
  <resultMap id="BaseResultMap" type="com.leniao.entity.Tblndevicenodeinfo" >
    <id column="pkId" property="pkid" jdbcType="INTEGER" />
    <result column="devTy" property="devty" jdbcType="INTEGER" />
    <result column="devNode1" property="devnode1" jdbcType="VARCHAR" />
    <result column="devNode1Desc" property="devnode1desc" jdbcType="VARCHAR" />
    <result column="devUint" property="devuint" jdbcType="VARCHAR" />
  </resultMap>
  <sql id="Example_Where_Clause" >
    <where >
      <foreach collection="oredCriteria" item="criteria" separator="or" >
        <if test="criteria.valid" >
          <trim prefix="(" suffix=")" prefixOverrides="and" >
            <foreach collection="criteria.criteria" item="criterion" >
              <choose >
                <when test="criterion.noValue" >
                  and ${criterion.condition}
                </when>
                <when test="criterion.singleValue" >
                  and ${criterion.condition} #{criterion.value}
                </when>
                <when test="criterion.betweenValue" >
                  and ${criterion.condition} #{criterion.value} and #{criterion.secondValue}
                </when>
                <when test="criterion.listValue" >
                  and ${criterion.condition}
                  <foreach collection="criterion.value" item="listItem" open="(" close=")" separator="," >
                    #{listItem}
                  </foreach>
                </when>
              </choose>
            </foreach>
          </trim>
        </if>
      </foreach>
    </where>
  </sql>
  <sql id="Update_By_Example_Where_Clause" >
    <where >
      <foreach collection="example.oredCriteria" item="criteria" separator="or" >
        <if test="criteria.valid" >
          <trim prefix="(" suffix=")" prefixOverrides="and" >
            <foreach collection="criteria.criteria" item="criterion" >
              <choose >
                <when test="criterion.noValue" >
                  and ${criterion.condition}
                </when>
                <when test="criterion.singleValue" >
                  and ${criterion.condition} #{criterion.value}
                </when>
                <when test="criterion.betweenValue" >
                  and ${criterion.condition} #{criterion.value} and #{criterion.secondValue}
                </when>
                <when test="criterion.listValue" >
                  and ${criterion.condition}
                  <foreach collection="criterion.value" item="listItem" open="(" close=")" separator="," >
                    #{listItem}
                  </foreach>
                </when>
              </choose>
            </foreach>
          </trim>
        </if>
      </foreach>
    </where>
  </sql>
  <sql id="Base_Column_List" >
    pkId, devTy, devNode1, devNode1Desc, devUint
  </sql>
  <select id="selectByExample" resultMap="BaseResultMap" parameterType="com.leniao.entity.TblndevicenodeinfoExample" >
    select
    <if test="distinct" >
      distinct
    </if>
    <include refid="Base_Column_List" />
    from tblndevicenodeinfo
    <if test="_parameter != null" >
      <include refid="Example_Where_Clause" />
    </if>
    <if test="orderByClause != null" >
      order by ${orderByClause}
    </if>
  </select>
  <select id="selectByPrimaryKey" resultMap="BaseResultMap" parameterType="java.lang.Integer" >
    select 
    <include refid="Base_Column_List" />
    from tblndevicenodeinfo
    where pkId = #{pkid,jdbcType=INTEGER}
  </select>
  <delete id="deleteByPrimaryKey" parameterType="java.lang.Integer" >
    delete from tblndevicenodeinfo
    where pkId = #{pkid,jdbcType=INTEGER}
  </delete>
  <delete id="deleteByExample" parameterType="com.leniao.entity.TblndevicenodeinfoExample" >
    delete from tblndevicenodeinfo
    <if test="_parameter != null" >
      <include refid="Example_Where_Clause" />
    </if>
  </delete>
  <insert id="insert" parameterType="com.leniao.entity.Tblndevicenodeinfo" >
    insert into tblndevicenodeinfo (pkId, devTy, devNode1, 
      devNode1Desc, devUint)
    values (#{pkid,jdbcType=INTEGER}, #{devty,jdbcType=INTEGER}, #{devnode1,jdbcType=VARCHAR}, 
      #{devnode1desc,jdbcType=VARCHAR}, #{devuint,jdbcType=VARCHAR})
  </insert>
  <insert id="insertSelective" parameterType="com.leniao.entity.Tblndevicenodeinfo" >
    insert into tblndevicenodeinfo
    <trim prefix="(" suffix=")" suffixOverrides="," >
      <if test="pkid != null" >
        pkId,
      </if>
      <if test="devty != null" >
        devTy,
      </if>
      <if test="devnode1 != null" >
        devNode1,
      </if>
      <if test="devnode1desc != null" >
        devNode1Desc,
      </if>
      <if test="devuint != null" >
        devUint,
      </if>
    </trim>
    <trim prefix="values (" suffix=")" suffixOverrides="," >
      <if test="pkid != null" >
        #{pkid,jdbcType=INTEGER},
      </if>
      <if test="devty != null" >
        #{devty,jdbcType=INTEGER},
      </if>
      <if test="devnode1 != null" >
        #{devnode1,jdbcType=VARCHAR},
      </if>
      <if test="devnode1desc != null" >
        #{devnode1desc,jdbcType=VARCHAR},
      </if>
      <if test="devuint != null" >
        #{devuint,jdbcType=VARCHAR},
      </if>
    </trim>
  </insert>
  <select id="countByExample" parameterType="com.leniao.entity.TblndevicenodeinfoExample" resultType="java.lang.Integer" >
    select count(*) from tblndevicenodeinfo
    <if test="_parameter != null" >
      <include refid="Example_Where_Clause" />
    </if>
  </select>
  <update id="updateByExampleSelective" parameterType="map" >
    update tblndevicenodeinfo
    <set >
      <if test="record.pkid != null" >
        pkId = #{record.pkid,jdbcType=INTEGER},
      </if>
      <if test="record.devty != null" >
        devTy = #{record.devty,jdbcType=INTEGER},
      </if>
      <if test="record.devnode1 != null" >
        devNode1 = #{record.devnode1,jdbcType=VARCHAR},
      </if>
      <if test="record.devnode1desc != null" >
        devNode1Desc = #{record.devnode1desc,jdbcType=VARCHAR},
      </if>
      <if test="record.devuint != null" >
        devUint = #{record.devuint,jdbcType=VARCHAR},
      </if>
    </set>
    <if test="_parameter != null" >
      <include refid="Update_By_Example_Where_Clause" />
    </if>
  </update>
  <update id="updateByExample" parameterType="map" >
    update tblndevicenodeinfo
    set pkId = #{record.pkid,jdbcType=INTEGER},
      devTy = #{record.devty,jdbcType=INTEGER},
      devNode1 = #{record.devnode1,jdbcType=VARCHAR},
      devNode1Desc = #{record.devnode1desc,jdbcType=VARCHAR},
      devUint = #{record.devuint,jdbcType=VARCHAR}
    <if test="_parameter != null" >
      <include refid="Update_By_Example_Where_Clause" />
    </if>
  </update>
  <update id="updateByPrimaryKeySelective" parameterType="com.leniao.entity.Tblndevicenodeinfo" >
    update tblndevicenodeinfo
    <set >
      <if test="devty != null" >
        devTy = #{devty,jdbcType=INTEGER},
      </if>
      <if test="devnode1 != null" >
        devNode1 = #{devnode1,jdbcType=VARCHAR},
      </if>
      <if test="devnode1desc != null" >
        devNode1Desc = #{devnode1desc,jdbcType=VARCHAR},
      </if>
      <if test="devuint != null" >
        devUint = #{devuint,jdbcType=VARCHAR},
      </if>
    </set>
    where pkId = #{pkid,jdbcType=INTEGER}
  </update>
  <update id="updateByPrimaryKey" parameterType="com.leniao.entity.Tblndevicenodeinfo" >
    update tblndevicenodeinfo
    set devTy = #{devty,jdbcType=INTEGER},
      devNode1 = #{devnode1,jdbcType=VARCHAR},
      devNode1Desc = #{devnode1desc,jdbcType=VARCHAR},
      devUint = #{devuint,jdbcType=VARCHAR}
    where pkId = #{pkid,jdbcType=INTEGER}
  </update>
</mapper>