<?xml version="1.0" encoding="UTF-8" ?>
<!DOCTYPE mapper PUBLIC "-//mybatis.org//DTD Mapper 3.0//EN" "http://mybatis.org/dtd/mybatis-3-mapper.dtd" >
<mapper namespace="com.leniao.mapper.TblnGroupAddressMapper" >
  <resultMap id="BaseResultMap" type="com.leniao.entity.TblnGroupAddress" >
    <id column="ADID" property="adid" jdbcType="VARCHAR" />
    <result column="UserID" property="userid" jdbcType="INTEGER" />
    <result column="AdProvince" property="adprovince" jdbcType="VARCHAR" />
    <result column="AdCity" property="adcity" jdbcType="VARCHAR" />
    <result column="AdArea" property="adarea" jdbcType="VARCHAR" />
    <result column="CProvinceCode" property="cprovincecode" jdbcType="VARCHAR" />
    <result column="CCityCode" property="ccitycode" jdbcType="VARCHAR" />
    <result column="CAreaCode" property="careacode" jdbcType="VARCHAR" />
    <result column="OnlyRead" property="onlyread" jdbcType="INTEGER" />
    <result column="ADDUSER" property="adduser" jdbcType="VARCHAR" />
    <result column="ADDTIME" property="addtime" jdbcType="TIMESTAMP" />
    <result column="ISDEL" property="isdel" jdbcType="INTEGER" />
    <result column="ISLOCK" property="islock" jdbcType="INTEGER" />
    <result column="GroupID" property="groupid" jdbcType="VARCHAR" />
  </resultMap>
  <sql id="Example_Where_Clause" >
    <where >
      <foreach collection="oredCriteria" item="criteria" separator="or" >
        <if test="criteria.valid" >
          <trim prefix="(" suffix=")" prefixOverrides="and" >
            <foreach collection="criteria.criteria" item="criterion" >
              <choose >
                <when test="criterion.noValue" >
                  and ${criterion.condition}
                </when>
                <when test="criterion.singleValue" >
                  and ${criterion.condition} #{criterion.value}
                </when>
                <when test="criterion.betweenValue" >
                  and ${criterion.condition} #{criterion.value} and #{criterion.secondValue}
                </when>
                <when test="criterion.listValue" >
                  and ${criterion.condition}
                  <foreach collection="criterion.value" item="listItem" open="(" close=")" separator="," >
                    #{listItem}
                  </foreach>
                </when>
              </choose>
            </foreach>
          </trim>
        </if>
      </foreach>
    </where>
  </sql>
  <sql id="Update_By_Example_Where_Clause" >
    <where >
      <foreach collection="example.oredCriteria" item="criteria" separator="or" >
        <if test="criteria.valid" >
          <trim prefix="(" suffix=")" prefixOverrides="and" >
            <foreach collection="criteria.criteria" item="criterion" >
              <choose >
                <when test="criterion.noValue" >
                  and ${criterion.condition}
                </when>
                <when test="criterion.singleValue" >
                  and ${criterion.condition} #{criterion.value}
                </when>
                <when test="criterion.betweenValue" >
                  and ${criterion.condition} #{criterion.value} and #{criterion.secondValue}
                </when>
                <when test="criterion.listValue" >
                  and ${criterion.condition}
                  <foreach collection="criterion.value" item="listItem" open="(" close=")" separator="," >
                    #{listItem}
                  </foreach>
                </when>
              </choose>
            </foreach>
          </trim>
        </if>
      </foreach>
    </where>
  </sql>
  <sql id="Base_Column_List" >
    ADID, UserID, AdProvince, AdCity, AdArea, CProvinceCode, CCityCode, CAreaCode, OnlyRead, 
    ADDUSER, ADDTIME, ISDEL, ISLOCK, GroupID
  </sql>
  <select id="selectByExample" resultMap="BaseResultMap" parameterType="com.leniao.entity.TblnGroupAddressExample" >
    select
    <if test="distinct" >
      distinct
    </if>
    <include refid="Base_Column_List" />
    from tblngroupaddress
    <if test="_parameter != null" >
      <include refid="Example_Where_Clause" />
    </if>
    <if test="orderByClause != null" >
      order by ${orderByClause}
    </if>
  </select>
  <select id="selectByPrimaryKey" resultMap="BaseResultMap" parameterType="java.lang.String" >
    select 
    <include refid="Base_Column_List" />
    from tblngroupaddress
    where ADID = #{adid,jdbcType=VARCHAR}
  </select>
  <delete id="deleteByPrimaryKey" parameterType="java.lang.String" >
    delete from tblngroupaddress
    where ADID = #{adid,jdbcType=VARCHAR}
  </delete>
  <delete id="deleteByExample" parameterType="com.leniao.entity.TblnGroupAddressExample" >
    delete from tblngroupaddress
    <if test="_parameter != null" >
      <include refid="Example_Where_Clause" />
    </if>
  </delete>
  <insert id="insert" parameterType="com.leniao.entity.TblnGroupAddress" >
    insert into tblngroupaddress (ADID, UserID, AdProvince, 
      AdCity, AdArea, CProvinceCode, 
      CCityCode, CAreaCode, OnlyRead, 
      ADDUSER, ADDTIME, ISDEL, 
      ISLOCK, GroupID)
    values (#{adid,jdbcType=VARCHAR}, #{userid,jdbcType=INTEGER}, #{adprovince,jdbcType=VARCHAR}, 
      #{adcity,jdbcType=VARCHAR}, #{adarea,jdbcType=VARCHAR}, #{cprovincecode,jdbcType=VARCHAR}, 
      #{ccitycode,jdbcType=VARCHAR}, #{careacode,jdbcType=VARCHAR}, #{onlyread,jdbcType=INTEGER}, 
      #{adduser,jdbcType=VARCHAR}, #{addtime,jdbcType=TIMESTAMP}, #{isdel,jdbcType=INTEGER}, 
      #{islock,jdbcType=INTEGER}, #{groupid,jdbcType=VARCHAR})
  </insert>
  <insert id="insertSelective" parameterType="com.leniao.entity.TblnGroupAddress" >
    insert into tblngroupaddress
    <trim prefix="(" suffix=")" suffixOverrides="," >
      <if test="adid != null" >
        ADID,
      </if>
      <if test="userid != null" >
        UserID,
      </if>
      <if test="adprovince != null" >
        AdProvince,
      </if>
      <if test="adcity != null" >
        AdCity,
      </if>
      <if test="adarea != null" >
        AdArea,
      </if>
      <if test="cprovincecode != null" >
        CProvinceCode,
      </if>
      <if test="ccitycode != null" >
        CCityCode,
      </if>
      <if test="careacode != null" >
        CAreaCode,
      </if>
      <if test="onlyread != null" >
        OnlyRead,
      </if>
      <if test="adduser != null" >
        ADDUSER,
      </if>
      <if test="addtime != null" >
        ADDTIME,
      </if>
      <if test="isdel != null" >
        ISDEL,
      </if>
      <if test="islock != null" >
        ISLOCK,
      </if>
      <if test="groupid != null" >
        GroupID,
      </if>
    </trim>
    <trim prefix="values (" suffix=")" suffixOverrides="," >
      <if test="adid != null" >
        #{adid,jdbcType=VARCHAR},
      </if>
      <if test="userid != null" >
        #{userid,jdbcType=INTEGER},
      </if>
      <if test="adprovince != null" >
        #{adprovince,jdbcType=VARCHAR},
      </if>
      <if test="adcity != null" >
        #{adcity,jdbcType=VARCHAR},
      </if>
      <if test="adarea != null" >
        #{adarea,jdbcType=VARCHAR},
      </if>
      <if test="cprovincecode != null" >
        #{cprovincecode,jdbcType=VARCHAR},
      </if>
      <if test="ccitycode != null" >
        #{ccitycode,jdbcType=VARCHAR},
      </if>
      <if test="careacode != null" >
        #{careacode,jdbcType=VARCHAR},
      </if>
      <if test="onlyread != null" >
        #{onlyread,jdbcType=INTEGER},
      </if>
      <if test="adduser != null" >
        #{adduser,jdbcType=VARCHAR},
      </if>
      <if test="addtime != null" >
        #{addtime,jdbcType=TIMESTAMP},
      </if>
      <if test="isdel != null" >
        #{isdel,jdbcType=INTEGER},
      </if>
      <if test="islock != null" >
        #{islock,jdbcType=INTEGER},
      </if>
      <if test="groupid != null" >
        #{groupid,jdbcType=VARCHAR},
      </if>
    </trim>
  </insert>
  <select id="countByExample" parameterType="com.leniao.entity.TblnGroupAddressExample" resultType="java.lang.Integer" >
    select count(*) from tblngroupaddress
    <if test="_parameter != null" >
      <include refid="Example_Where_Clause" />
    </if>
  </select>
  <update id="updateByExampleSelective" parameterType="map" >
    update tblngroupaddress
    <set >
      <if test="record.adid != null" >
        ADID = #{record.adid,jdbcType=VARCHAR},
      </if>
      <if test="record.userid != null" >
        UserID = #{record.userid,jdbcType=INTEGER},
      </if>
      <if test="record.adprovince != null" >
        AdProvince = #{record.adprovince,jdbcType=VARCHAR},
      </if>
      <if test="record.adcity != null" >
        AdCity = #{record.adcity,jdbcType=VARCHAR},
      </if>
      <if test="record.adarea != null" >
        AdArea = #{record.adarea,jdbcType=VARCHAR},
      </if>
      <if test="record.cprovincecode != null" >
        CProvinceCode = #{record.cprovincecode,jdbcType=VARCHAR},
      </if>
      <if test="record.ccitycode != null" >
        CCityCode = #{record.ccitycode,jdbcType=VARCHAR},
      </if>
      <if test="record.careacode != null" >
        CAreaCode = #{record.careacode,jdbcType=VARCHAR},
      </if>
      <if test="record.onlyread != null" >
        OnlyRead = #{record.onlyread,jdbcType=INTEGER},
      </if>
      <if test="record.adduser != null" >
        ADDUSER = #{record.adduser,jdbcType=VARCHAR},
      </if>
      <if test="record.addtime != null" >
        ADDTIME = #{record.addtime,jdbcType=TIMESTAMP},
      </if>
      <if test="record.isdel != null" >
        ISDEL = #{record.isdel,jdbcType=INTEGER},
      </if>
      <if test="record.islock != null" >
        ISLOCK = #{record.islock,jdbcType=INTEGER},
      </if>
      <if test="record.groupid != null" >
        GroupID = #{record.groupid,jdbcType=VARCHAR},
      </if>
    </set>
    <if test="_parameter != null" >
      <include refid="Update_By_Example_Where_Clause" />
    </if>
  </update>
  <update id="updateByExample" parameterType="map" >
    update tblngroupaddress
    set ADID = #{record.adid,jdbcType=VARCHAR},
      UserID = #{record.userid,jdbcType=INTEGER},
      AdProvince = #{record.adprovince,jdbcType=VARCHAR},
      AdCity = #{record.adcity,jdbcType=VARCHAR},
      AdArea = #{record.adarea,jdbcType=VARCHAR},
      CProvinceCode = #{record.cprovincecode,jdbcType=VARCHAR},
      CCityCode = #{record.ccitycode,jdbcType=VARCHAR},
      CAreaCode = #{record.careacode,jdbcType=VARCHAR},
      OnlyRead = #{record.onlyread,jdbcType=INTEGER},
      ADDUSER = #{record.adduser,jdbcType=VARCHAR},
      ADDTIME = #{record.addtime,jdbcType=TIMESTAMP},
      ISDEL = #{record.isdel,jdbcType=INTEGER},
      ISLOCK = #{record.islock,jdbcType=INTEGER},
      GroupID = #{record.groupid,jdbcType=VARCHAR}
    <if test="_parameter != null" >
      <include refid="Update_By_Example_Where_Clause" />
    </if>
  </update>
  <update id="updateByPrimaryKeySelective" parameterType="com.leniao.entity.TblnGroupAddress" >
    update tblngroupaddress
    <set >
      <if test="userid != null" >
        UserID = #{userid,jdbcType=INTEGER},
      </if>
      <if test="adprovince != null" >
        AdProvince = #{adprovince,jdbcType=VARCHAR},
      </if>
      <if test="adcity != null" >
        AdCity = #{adcity,jdbcType=VARCHAR},
      </if>
      <if test="adarea != null" >
        AdArea = #{adarea,jdbcType=VARCHAR},
      </if>
      <if test="cprovincecode != null" >
        CProvinceCode = #{cprovincecode,jdbcType=VARCHAR},
      </if>
      <if test="ccitycode != null" >
        CCityCode = #{ccitycode,jdbcType=VARCHAR},
      </if>
      <if test="careacode != null" >
        CAreaCode = #{careacode,jdbcType=VARCHAR},
      </if>
      <if test="onlyread != null" >
        OnlyRead = #{onlyread,jdbcType=INTEGER},
      </if>
      <if test="adduser != null" >
        ADDUSER = #{adduser,jdbcType=VARCHAR},
      </if>
      <if test="addtime != null" >
        ADDTIME = #{addtime,jdbcType=TIMESTAMP},
      </if>
      <if test="isdel != null" >
        ISDEL = #{isdel,jdbcType=INTEGER},
      </if>
      <if test="islock != null" >
        ISLOCK = #{islock,jdbcType=INTEGER},
      </if>
      <if test="groupid != null" >
        GroupID = #{groupid,jdbcType=VARCHAR},
      </if>
    </set>
    where ADID = #{adid,jdbcType=VARCHAR}
  </update>
  <update id="updateByPrimaryKey" parameterType="com.leniao.entity.TblnGroupAddress" >
    update tblngroupaddress
    set UserID = #{userid,jdbcType=INTEGER},
      AdProvince = #{adprovince,jdbcType=VARCHAR},
      AdCity = #{adcity,jdbcType=VARCHAR},
      AdArea = #{adarea,jdbcType=VARCHAR},
      CProvinceCode = #{cprovincecode,jdbcType=VARCHAR},
      CCityCode = #{ccitycode,jdbcType=VARCHAR},
      CAreaCode = #{careacode,jdbcType=VARCHAR},
      OnlyRead = #{onlyread,jdbcType=INTEGER},
      ADDUSER = #{adduser,jdbcType=VARCHAR},
      ADDTIME = #{addtime,jdbcType=TIMESTAMP},
      ISDEL = #{isdel,jdbcType=INTEGER},
      ISLOCK = #{islock,jdbcType=INTEGER},
      GroupID = #{groupid,jdbcType=VARCHAR}
    where ADID = #{adid,jdbcType=VARCHAR}
  </update>
</mapper>