<?xml version="1.0" encoding="UTF-8" ?>
<!DOCTYPE mapper PUBLIC "-//mybatis.org//DTD Mapper 3.0//EN" "http://mybatis.org/dtd/mybatis-3-mapper.dtd" >
<mapper namespace="com.leniao.mapper.TblngridGradehistoryMapper" >
  <resultMap id="BaseResultMap" type="com.leniao.entity.TblngridGradehistory" >
    <id column="Id" property="id" jdbcType="INTEGER" />
    <result column="projId" property="projid" jdbcType="VARCHAR" />
    <result column="unitId" property="unitid" jdbcType="INTEGER" />
    <result column="procDate" property="procdate" jdbcType="DATE" />
    <result column="warnwi" property="warnwi" jdbcType="DECIMAL" />
    <result column="faultwi" property="faultwi" jdbcType="DECIMAL" />
    <result column="servicewi" property="servicewi" jdbcType="DECIMAL" />
    <result column="feedbackwi" property="feedbackwi" jdbcType="DECIMAL" />
    <result column="operationwi" property="operationwi" jdbcType="DECIMAL" />
    <result column="warnCount" property="warncount" jdbcType="INTEGER" />
    <result column="faultCount" property="faultcount" jdbcType="INTEGER" />
    <result column="serviceCount" property="servicecount" jdbcType="INTEGER" />
    <result column="feedbackCount" property="feedbackcount" jdbcType="INTEGER" />
    <result column="operationCount" property="operationcount" jdbcType="INTEGER" />
    <result column="warngrade" property="warngrade" jdbcType="DECIMAL" />
    <result column="faultgrade" property="faultgrade" jdbcType="DECIMAL" />
    <result column="servicegrade" property="servicegrade" jdbcType="DECIMAL" />
    <result column="feedbackgrade" property="feedbackgrade" jdbcType="DECIMAL" />
    <result column="operationgrade" property="operationgrade" jdbcType="DECIMAL" />
    <result column="totalgrade" property="totalgrade" jdbcType="DECIMAL" />
    <result column="addtime" property="addtime" jdbcType="TIMESTAMP" />
  </resultMap>
  <sql id="Example_Where_Clause" >
    <where >
      <foreach collection="oredCriteria" item="criteria" separator="or" >
        <if test="criteria.valid" >
          <trim prefix="(" suffix=")" prefixOverrides="and" >
            <foreach collection="criteria.criteria" item="criterion" >
              <choose >
                <when test="criterion.noValue" >
                  and ${criterion.condition}
                </when>
                <when test="criterion.singleValue" >
                  and ${criterion.condition} #{criterion.value}
                </when>
                <when test="criterion.betweenValue" >
                  and ${criterion.condition} #{criterion.value} and #{criterion.secondValue}
                </when>
                <when test="criterion.listValue" >
                  and ${criterion.condition}
                  <foreach collection="criterion.value" item="listItem" open="(" close=")" separator="," >
                    #{listItem}
                  </foreach>
                </when>
              </choose>
            </foreach>
          </trim>
        </if>
      </foreach>
    </where>
  </sql>
  <sql id="Update_By_Example_Where_Clause" >
    <where >
      <foreach collection="example.oredCriteria" item="criteria" separator="or" >
        <if test="criteria.valid" >
          <trim prefix="(" suffix=")" prefixOverrides="and" >
            <foreach collection="criteria.criteria" item="criterion" >
              <choose >
                <when test="criterion.noValue" >
                  and ${criterion.condition}
                </when>
                <when test="criterion.singleValue" >
                  and ${criterion.condition} #{criterion.value}
                </when>
                <when test="criterion.betweenValue" >
                  and ${criterion.condition} #{criterion.value} and #{criterion.secondValue}
                </when>
                <when test="criterion.listValue" >
                  and ${criterion.condition}
                  <foreach collection="criterion.value" item="listItem" open="(" close=")" separator="," >
                    #{listItem}
                  </foreach>
                </when>
              </choose>
            </foreach>
          </trim>
        </if>
      </foreach>
    </where>
  </sql>
  <sql id="Base_Column_List" >
    Id, projId, unitId, procDate, warnwi, faultwi, servicewi, feedbackwi, operationwi, 
    warnCount, faultCount, serviceCount, feedbackCount, operationCount, warngrade, faultgrade, 
    servicegrade, feedbackgrade, operationgrade, totalgrade, addtime
  </sql>
  <select id="selectByExample" resultMap="BaseResultMap" parameterType="com.leniao.entity.TblngridGradehistoryExample" >
    select
    <if test="distinct" >
      distinct
    </if>
    <include refid="Base_Column_List" />
    from tblngrid_gradehistory
    <if test="_parameter != null" >
      <include refid="Example_Where_Clause" />
    </if>
    <if test="orderByClause != null" >
      order by ${orderByClause}
    </if>
  </select>
  <select id="selectByPrimaryKey" resultMap="BaseResultMap" parameterType="java.lang.Integer" >
    select 
    <include refid="Base_Column_List" />
    from tblngrid_gradehistory
    where Id = #{id,jdbcType=INTEGER}
  </select>
  <delete id="deleteByPrimaryKey" parameterType="java.lang.Integer" >
    delete from tblngrid_gradehistory
    where Id = #{id,jdbcType=INTEGER}
  </delete>
  <delete id="deleteByExample" parameterType="com.leniao.entity.TblngridGradehistoryExample" >
    delete from tblngrid_gradehistory
    <if test="_parameter != null" >
      <include refid="Example_Where_Clause" />
    </if>
  </delete>
  <insert id="insert" parameterType="com.leniao.entity.TblngridGradehistory" >
    insert into tblngrid_gradehistory (Id, projId, unitId, 
      procDate, warnwi, faultwi, 
      servicewi, feedbackwi, operationwi, 
      warnCount, faultCount, serviceCount, 
      feedbackCount, operationCount, warngrade, 
      faultgrade, servicegrade, feedbackgrade, 
      operationgrade, totalgrade, addtime
      )
    values (#{id,jdbcType=INTEGER}, #{projid,jdbcType=VARCHAR}, #{unitid,jdbcType=INTEGER}, 
      #{procdate,jdbcType=DATE}, #{warnwi,jdbcType=DECIMAL}, #{faultwi,jdbcType=DECIMAL}, 
      #{servicewi,jdbcType=DECIMAL}, #{feedbackwi,jdbcType=DECIMAL}, #{operationwi,jdbcType=DECIMAL}, 
      #{warncount,jdbcType=INTEGER}, #{faultcount,jdbcType=INTEGER}, #{servicecount,jdbcType=INTEGER}, 
      #{feedbackcount,jdbcType=INTEGER}, #{operationcount,jdbcType=INTEGER}, #{warngrade,jdbcType=DECIMAL}, 
      #{faultgrade,jdbcType=DECIMAL}, #{servicegrade,jdbcType=DECIMAL}, #{feedbackgrade,jdbcType=DECIMAL}, 
      #{operationgrade,jdbcType=DECIMAL}, #{totalgrade,jdbcType=DECIMAL}, #{addtime,jdbcType=TIMESTAMP}
      )
  </insert>
  <insert id="insertSelective" parameterType="com.leniao.entity.TblngridGradehistory" >
    insert into tblngrid_gradehistory
    <trim prefix="(" suffix=")" suffixOverrides="," >
      <if test="id != null" >
        Id,
      </if>
      <if test="projid != null" >
        projId,
      </if>
      <if test="unitid != null" >
        unitId,
      </if>
      <if test="procdate != null" >
        procDate,
      </if>
      <if test="warnwi != null" >
        warnwi,
      </if>
      <if test="faultwi != null" >
        faultwi,
      </if>
      <if test="servicewi != null" >
        servicewi,
      </if>
      <if test="feedbackwi != null" >
        feedbackwi,
      </if>
      <if test="operationwi != null" >
        operationwi,
      </if>
      <if test="warncount != null" >
        warnCount,
      </if>
      <if test="faultcount != null" >
        faultCount,
      </if>
      <if test="servicecount != null" >
        serviceCount,
      </if>
      <if test="feedbackcount != null" >
        feedbackCount,
      </if>
      <if test="operationcount != null" >
        operationCount,
      </if>
      <if test="warngrade != null" >
        warngrade,
      </if>
      <if test="faultgrade != null" >
        faultgrade,
      </if>
      <if test="servicegrade != null" >
        servicegrade,
      </if>
      <if test="feedbackgrade != null" >
        feedbackgrade,
      </if>
      <if test="operationgrade != null" >
        operationgrade,
      </if>
      <if test="totalgrade != null" >
        totalgrade,
      </if>
      <if test="addtime != null" >
        addtime,
      </if>
    </trim>
    <trim prefix="values (" suffix=")" suffixOverrides="," >
      <if test="id != null" >
        #{id,jdbcType=INTEGER},
      </if>
      <if test="projid != null" >
        #{projid,jdbcType=VARCHAR},
      </if>
      <if test="unitid != null" >
        #{unitid,jdbcType=INTEGER},
      </if>
      <if test="procdate != null" >
        #{procdate,jdbcType=DATE},
      </if>
      <if test="warnwi != null" >
        #{warnwi,jdbcType=DECIMAL},
      </if>
      <if test="faultwi != null" >
        #{faultwi,jdbcType=DECIMAL},
      </if>
      <if test="servicewi != null" >
        #{servicewi,jdbcType=DECIMAL},
      </if>
      <if test="feedbackwi != null" >
        #{feedbackwi,jdbcType=DECIMAL},
      </if>
      <if test="operationwi != null" >
        #{operationwi,jdbcType=DECIMAL},
      </if>
      <if test="warncount != null" >
        #{warncount,jdbcType=INTEGER},
      </if>
      <if test="faultcount != null" >
        #{faultcount,jdbcType=INTEGER},
      </if>
      <if test="servicecount != null" >
        #{servicecount,jdbcType=INTEGER},
      </if>
      <if test="feedbackcount != null" >
        #{feedbackcount,jdbcType=INTEGER},
      </if>
      <if test="operationcount != null" >
        #{operationcount,jdbcType=INTEGER},
      </if>
      <if test="warngrade != null" >
        #{warngrade,jdbcType=DECIMAL},
      </if>
      <if test="faultgrade != null" >
        #{faultgrade,jdbcType=DECIMAL},
      </if>
      <if test="servicegrade != null" >
        #{servicegrade,jdbcType=DECIMAL},
      </if>
      <if test="feedbackgrade != null" >
        #{feedbackgrade,jdbcType=DECIMAL},
      </if>
      <if test="operationgrade != null" >
        #{operationgrade,jdbcType=DECIMAL},
      </if>
      <if test="totalgrade != null" >
        #{totalgrade,jdbcType=DECIMAL},
      </if>
      <if test="addtime != null" >
        #{addtime,jdbcType=TIMESTAMP},
      </if>
    </trim>
  </insert>
  <select id="countByExample" parameterType="com.leniao.entity.TblngridGradehistoryExample" resultType="java.lang.Integer" >
    select count(*) from tblngrid_gradehistory
    <if test="_parameter != null" >
      <include refid="Example_Where_Clause" />
    </if>
  </select>
  <update id="updateByExampleSelective" parameterType="map" >
    update tblngrid_gradehistory
    <set >
      <if test="record.id != null" >
        Id = #{record.id,jdbcType=INTEGER},
      </if>
      <if test="record.projid != null" >
        projId = #{record.projid,jdbcType=VARCHAR},
      </if>
      <if test="record.unitid != null" >
        unitId = #{record.unitid,jdbcType=INTEGER},
      </if>
      <if test="record.procdate != null" >
        procDate = #{record.procdate,jdbcType=DATE},
      </if>
      <if test="record.warnwi != null" >
        warnwi = #{record.warnwi,jdbcType=DECIMAL},
      </if>
      <if test="record.faultwi != null" >
        faultwi = #{record.faultwi,jdbcType=DECIMAL},
      </if>
      <if test="record.servicewi != null" >
        servicewi = #{record.servicewi,jdbcType=DECIMAL},
      </if>
      <if test="record.feedbackwi != null" >
        feedbackwi = #{record.feedbackwi,jdbcType=DECIMAL},
      </if>
      <if test="record.operationwi != null" >
        operationwi = #{record.operationwi,jdbcType=DECIMAL},
      </if>
      <if test="record.warncount != null" >
        warnCount = #{record.warncount,jdbcType=INTEGER},
      </if>
      <if test="record.faultcount != null" >
        faultCount = #{record.faultcount,jdbcType=INTEGER},
      </if>
      <if test="record.servicecount != null" >
        serviceCount = #{record.servicecount,jdbcType=INTEGER},
      </if>
      <if test="record.feedbackcount != null" >
        feedbackCount = #{record.feedbackcount,jdbcType=INTEGER},
      </if>
      <if test="record.operationcount != null" >
        operationCount = #{record.operationcount,jdbcType=INTEGER},
      </if>
      <if test="record.warngrade != null" >
        warngrade = #{record.warngrade,jdbcType=DECIMAL},
      </if>
      <if test="record.faultgrade != null" >
        faultgrade = #{record.faultgrade,jdbcType=DECIMAL},
      </if>
      <if test="record.servicegrade != null" >
        servicegrade = #{record.servicegrade,jdbcType=DECIMAL},
      </if>
      <if test="record.feedbackgrade != null" >
        feedbackgrade = #{record.feedbackgrade,jdbcType=DECIMAL},
      </if>
      <if test="record.operationgrade != null" >
        operationgrade = #{record.operationgrade,jdbcType=DECIMAL},
      </if>
      <if test="record.totalgrade != null" >
        totalgrade = #{record.totalgrade,jdbcType=DECIMAL},
      </if>
      <if test="record.addtime != null" >
        addtime = #{record.addtime,jdbcType=TIMESTAMP},
      </if>
    </set>
    <if test="_parameter != null" >
      <include refid="Update_By_Example_Where_Clause" />
    </if>
  </update>
  <update id="updateByExample" parameterType="map" >
    update tblngrid_gradehistory
    set Id = #{record.id,jdbcType=INTEGER},
      projId = #{record.projid,jdbcType=VARCHAR},
      unitId = #{record.unitid,jdbcType=INTEGER},
      procDate = #{record.procdate,jdbcType=DATE},
      warnwi = #{record.warnwi,jdbcType=DECIMAL},
      faultwi = #{record.faultwi,jdbcType=DECIMAL},
      servicewi = #{record.servicewi,jdbcType=DECIMAL},
      feedbackwi = #{record.feedbackwi,jdbcType=DECIMAL},
      operationwi = #{record.operationwi,jdbcType=DECIMAL},
      warnCount = #{record.warncount,jdbcType=INTEGER},
      faultCount = #{record.faultcount,jdbcType=INTEGER},
      serviceCount = #{record.servicecount,jdbcType=INTEGER},
      feedbackCount = #{record.feedbackcount,jdbcType=INTEGER},
      operationCount = #{record.operationcount,jdbcType=INTEGER},
      warngrade = #{record.warngrade,jdbcType=DECIMAL},
      faultgrade = #{record.faultgrade,jdbcType=DECIMAL},
      servicegrade = #{record.servicegrade,jdbcType=DECIMAL},
      feedbackgrade = #{record.feedbackgrade,jdbcType=DECIMAL},
      operationgrade = #{record.operationgrade,jdbcType=DECIMAL},
      totalgrade = #{record.totalgrade,jdbcType=DECIMAL},
      addtime = #{record.addtime,jdbcType=TIMESTAMP}
    <if test="_parameter != null" >
      <include refid="Update_By_Example_Where_Clause" />
    </if>
  </update>
  <update id="updateByPrimaryKeySelective" parameterType="com.leniao.entity.TblngridGradehistory" >
    update tblngrid_gradehistory
    <set >
      <if test="projid != null" >
        projId = #{projid,jdbcType=VARCHAR},
      </if>
      <if test="unitid != null" >
        unitId = #{unitid,jdbcType=INTEGER},
      </if>
      <if test="procdate != null" >
        procDate = #{procdate,jdbcType=DATE},
      </if>
      <if test="warnwi != null" >
        warnwi = #{warnwi,jdbcType=DECIMAL},
      </if>
      <if test="faultwi != null" >
        faultwi = #{faultwi,jdbcType=DECIMAL},
      </if>
      <if test="servicewi != null" >
        servicewi = #{servicewi,jdbcType=DECIMAL},
      </if>
      <if test="feedbackwi != null" >
        feedbackwi = #{feedbackwi,jdbcType=DECIMAL},
      </if>
      <if test="operationwi != null" >
        operationwi = #{operationwi,jdbcType=DECIMAL},
      </if>
      <if test="warncount != null" >
        warnCount = #{warncount,jdbcType=INTEGER},
      </if>
      <if test="faultcount != null" >
        faultCount = #{faultcount,jdbcType=INTEGER},
      </if>
      <if test="servicecount != null" >
        serviceCount = #{servicecount,jdbcType=INTEGER},
      </if>
      <if test="feedbackcount != null" >
        feedbackCount = #{feedbackcount,jdbcType=INTEGER},
      </if>
      <if test="operationcount != null" >
        operationCount = #{operationcount,jdbcType=INTEGER},
      </if>
      <if test="warngrade != null" >
        warngrade = #{warngrade,jdbcType=DECIMAL},
      </if>
      <if test="faultgrade != null" >
        faultgrade = #{faultgrade,jdbcType=DECIMAL},
      </if>
      <if test="servicegrade != null" >
        servicegrade = #{servicegrade,jdbcType=DECIMAL},
      </if>
      <if test="feedbackgrade != null" >
        feedbackgrade = #{feedbackgrade,jdbcType=DECIMAL},
      </if>
      <if test="operationgrade != null" >
        operationgrade = #{operationgrade,jdbcType=DECIMAL},
      </if>
      <if test="totalgrade != null" >
        totalgrade = #{totalgrade,jdbcType=DECIMAL},
      </if>
      <if test="addtime != null" >
        addtime = #{addtime,jdbcType=TIMESTAMP},
      </if>
    </set>
    where Id = #{id,jdbcType=INTEGER}
  </update>
  <update id="updateByPrimaryKey" parameterType="com.leniao.entity.TblngridGradehistory" >
    update tblngrid_gradehistory
    set projId = #{projid,jdbcType=VARCHAR},
      unitId = #{unitid,jdbcType=INTEGER},
      procDate = #{procdate,jdbcType=DATE},
      warnwi = #{warnwi,jdbcType=DECIMAL},
      faultwi = #{faultwi,jdbcType=DECIMAL},
      servicewi = #{servicewi,jdbcType=DECIMAL},
      feedbackwi = #{feedbackwi,jdbcType=DECIMAL},
      operationwi = #{operationwi,jdbcType=DECIMAL},
      warnCount = #{warncount,jdbcType=INTEGER},
      faultCount = #{faultcount,jdbcType=INTEGER},
      serviceCount = #{servicecount,jdbcType=INTEGER},
      feedbackCount = #{feedbackcount,jdbcType=INTEGER},
      operationCount = #{operationcount,jdbcType=INTEGER},
      warngrade = #{warngrade,jdbcType=DECIMAL},
      faultgrade = #{faultgrade,jdbcType=DECIMAL},
      servicegrade = #{servicegrade,jdbcType=DECIMAL},
      feedbackgrade = #{feedbackgrade,jdbcType=DECIMAL},
      operationgrade = #{operationgrade,jdbcType=DECIMAL},
      totalgrade = #{totalgrade,jdbcType=DECIMAL},
      addtime = #{addtime,jdbcType=TIMESTAMP}
    where Id = #{id,jdbcType=INTEGER}
  </update>
</mapper>