<?xml version="1.0" encoding="UTF-8" ?>
<!DOCTYPE mapper PUBLIC "-//mybatis.org//DTD Mapper 3.0//EN" "http://mybatis.org/dtd/mybatis-3-mapper.dtd" >
<mapper namespace="com.leniao.mapper.TblndeviceparainfoMapper" >
  <resultMap id="BaseResultMap" type="com.leniao.entity.Tblndeviceparainfo" >
    <id column="devNodepk" property="devnodepk" jdbcType="INTEGER" />
    <id column="devIdpk" property="devidpk" jdbcType="INTEGER" />
    <result column="paraValue" property="paravalue" jdbcType="DECIMAL" />
    <result column="paraIsOpen" property="paraisopen" jdbcType="CHAR" />
    <result column="paraProp" property="paraprop" jdbcType="INTEGER" />
  </resultMap>
  <sql id="Example_Where_Clause" >
    <where >
      <foreach collection="oredCriteria" item="criteria" separator="or" >
        <if test="criteria.valid" >
          <trim prefix="(" suffix=")" prefixOverrides="and" >
            <foreach collection="criteria.criteria" item="criterion" >
              <choose >
                <when test="criterion.noValue" >
                  and ${criterion.condition}
                </when>
                <when test="criterion.singleValue" >
                  and ${criterion.condition} #{criterion.value}
                </when>
                <when test="criterion.betweenValue" >
                  and ${criterion.condition} #{criterion.value} and #{criterion.secondValue}
                </when>
                <when test="criterion.listValue" >
                  and ${criterion.condition}
                  <foreach collection="criterion.value" item="listItem" open="(" close=")" separator="," >
                    #{listItem}
                  </foreach>
                </when>
              </choose>
            </foreach>
          </trim>
        </if>
      </foreach>
    </where>
  </sql>
  <sql id="Update_By_Example_Where_Clause" >
    <where >
      <foreach collection="example.oredCriteria" item="criteria" separator="or" >
        <if test="criteria.valid" >
          <trim prefix="(" suffix=")" prefixOverrides="and" >
            <foreach collection="criteria.criteria" item="criterion" >
              <choose >
                <when test="criterion.noValue" >
                  and ${criterion.condition}
                </when>
                <when test="criterion.singleValue" >
                  and ${criterion.condition} #{criterion.value}
                </when>
                <when test="criterion.betweenValue" >
                  and ${criterion.condition} #{criterion.value} and #{criterion.secondValue}
                </when>
                <when test="criterion.listValue" >
                  and ${criterion.condition}
                  <foreach collection="criterion.value" item="listItem" open="(" close=")" separator="," >
                    #{listItem}
                  </foreach>
                </when>
              </choose>
            </foreach>
          </trim>
        </if>
      </foreach>
    </where>
  </sql>
  <sql id="Base_Column_List" >
    devNodepk, devIdpk, paraValue, paraIsOpen, paraProp
  </sql>
  <select id="selectByExample" resultMap="BaseResultMap" parameterType="com.leniao.entity.TblndeviceparainfoExample" >
    select
    <if test="distinct" >
      distinct
    </if>
    <include refid="Base_Column_List" />
    from tblndeviceparainfo
    <if test="_parameter != null" >
      <include refid="Example_Where_Clause" />
    </if>
    <if test="orderByClause != null" >
      order by ${orderByClause}
    </if>
  </select>
  <select id="selectByPrimaryKey" resultMap="BaseResultMap" parameterType="com.leniao.entity.TblndeviceparainfoKey" >
    select 
    <include refid="Base_Column_List" />
    from tblndeviceparainfo
    where devNodepk = #{devnodepk,jdbcType=INTEGER}
      and devIdpk = #{devidpk,jdbcType=INTEGER}
  </select>
  <delete id="deleteByPrimaryKey" parameterType="com.leniao.entity.TblndeviceparainfoKey" >
    delete from tblndeviceparainfo
    where devNodepk = #{devnodepk,jdbcType=INTEGER}
      and devIdpk = #{devidpk,jdbcType=INTEGER}
  </delete>
  <delete id="deleteByExample" parameterType="com.leniao.entity.TblndeviceparainfoExample" >
    delete from tblndeviceparainfo
    <if test="_parameter != null" >
      <include refid="Example_Where_Clause" />
    </if>
  </delete>
  <insert id="insert" parameterType="com.leniao.entity.Tblndeviceparainfo" >
    insert into tblndeviceparainfo (devNodepk, devIdpk, paraValue, 
      paraIsOpen, paraProp)
    values (#{devnodepk,jdbcType=INTEGER}, #{devidpk,jdbcType=INTEGER}, #{paravalue,jdbcType=DECIMAL}, 
      #{paraisopen,jdbcType=CHAR}, #{paraprop,jdbcType=INTEGER})
  </insert>
  <insert id="insertSelective" parameterType="com.leniao.entity.Tblndeviceparainfo" >
    insert into tblndeviceparainfo
    <trim prefix="(" suffix=")" suffixOverrides="," >
      <if test="devnodepk != null" >
        devNodepk,
      </if>
      <if test="devidpk != null" >
        devIdpk,
      </if>
      <if test="paravalue != null" >
        paraValue,
      </if>
      <if test="paraisopen != null" >
        paraIsOpen,
      </if>
      <if test="paraprop != null" >
        paraProp,
      </if>
    </trim>
    <trim prefix="values (" suffix=")" suffixOverrides="," >
      <if test="devnodepk != null" >
        #{devnodepk,jdbcType=INTEGER},
      </if>
      <if test="devidpk != null" >
        #{devidpk,jdbcType=INTEGER},
      </if>
      <if test="paravalue != null" >
        #{paravalue,jdbcType=DECIMAL},
      </if>
      <if test="paraisopen != null" >
        #{paraisopen,jdbcType=CHAR},
      </if>
      <if test="paraprop != null" >
        #{paraprop,jdbcType=INTEGER},
      </if>
    </trim>
  </insert>
  <select id="countByExample" parameterType="com.leniao.entity.TblndeviceparainfoExample" resultType="java.lang.Integer" >
    select count(*) from tblndeviceparainfo
    <if test="_parameter != null" >
      <include refid="Example_Where_Clause" />
    </if>
  </select>
  <update id="updateByExampleSelective" parameterType="map" >
    update tblndeviceparainfo
    <set >
      <if test="record.devnodepk != null" >
        devNodepk = #{record.devnodepk,jdbcType=INTEGER},
      </if>
      <if test="record.devidpk != null" >
        devIdpk = #{record.devidpk,jdbcType=INTEGER},
      </if>
      <if test="record.paravalue != null" >
        paraValue = #{record.paravalue,jdbcType=DECIMAL},
      </if>
      <if test="record.paraisopen != null" >
        paraIsOpen = #{record.paraisopen,jdbcType=CHAR},
      </if>
      <if test="record.paraprop != null" >
        paraProp = #{record.paraprop,jdbcType=INTEGER},
      </if>
    </set>
    <if test="_parameter != null" >
      <include refid="Update_By_Example_Where_Clause" />
    </if>
  </update>
  <update id="updateByExample" parameterType="map" >
    update tblndeviceparainfo
    set devNodepk = #{record.devnodepk,jdbcType=INTEGER},
      devIdpk = #{record.devidpk,jdbcType=INTEGER},
      paraValue = #{record.paravalue,jdbcType=DECIMAL},
      paraIsOpen = #{record.paraisopen,jdbcType=CHAR},
      paraProp = #{record.paraprop,jdbcType=INTEGER}
    <if test="_parameter != null" >
      <include refid="Update_By_Example_Where_Clause" />
    </if>
  </update>
  <update id="updateByPrimaryKeySelective" parameterType="com.leniao.entity.Tblndeviceparainfo" >
    update tblndeviceparainfo
    <set >
      <if test="paravalue != null" >
        paraValue = #{paravalue,jdbcType=DECIMAL},
      </if>
      <if test="paraisopen != null" >
        paraIsOpen = #{paraisopen,jdbcType=CHAR},
      </if>
      <if test="paraprop != null" >
        paraProp = #{paraprop,jdbcType=INTEGER},
      </if>
    </set>
    where devNodepk = #{devnodepk,jdbcType=INTEGER}
      and devIdpk = #{devidpk,jdbcType=INTEGER}
  </update>
  <update id="updateByPrimaryKey" parameterType="com.leniao.entity.Tblndeviceparainfo" >
    update tblndeviceparainfo
    set paraValue = #{paravalue,jdbcType=DECIMAL},
      paraIsOpen = #{paraisopen,jdbcType=CHAR},
      paraProp = #{paraprop,jdbcType=INTEGER}
    where devNodepk = #{devnodepk,jdbcType=INTEGER}
      and devIdpk = #{devidpk,jdbcType=INTEGER}
  </update>
</mapper>