<?xml version="1.0" encoding="UTF-8" ?>
<!DOCTYPE mapper PUBLIC "-//mybatis.org//DTD Mapper 3.0//EN" "http://mybatis.org/dtd/mybatis-3-mapper.dtd" >
<mapper namespace="com.leniao.mapper.TblnGroupInfoMapper" >
  <resultMap id="BaseResultMap" type="com.leniao.entity.TblnGroupInfo" >
    <id column="GroupID" property="groupid" jdbcType="VARCHAR" />
    <result column="GroupName" property="groupname" jdbcType="VARCHAR" />
    <result column="GroupType" property="grouptype" jdbcType="INTEGER" />
    <result column="UserID" property="userid" jdbcType="INTEGER" />
    <result column="CompanyID" property="companyid" jdbcType="VARCHAR" />
    <result column="GContent" property="gcontent" jdbcType="VARCHAR" />
    <result column="ADDUSER" property="adduser" jdbcType="VARCHAR" />
    <result column="ADDTIME" property="addtime" jdbcType="TIMESTAMP" />
    <result column="ISDEL" property="isdel" jdbcType="INTEGER" />
    <result column="ISLOCK" property="islock" jdbcType="INTEGER" />
    <result column="USERNAME" property="username" jdbcType="VARCHAR" />
    <result column="USERTEL" property="usertel" jdbcType="VARCHAR" />
    <result column="platformId" property="platformid" jdbcType="INTEGER" />
    <result column="userType" property="usertype" jdbcType="INTEGER" />
  </resultMap>
  <sql id="Example_Where_Clause" >
    <where >
      <foreach collection="oredCriteria" item="criteria" separator="or" >
        <if test="criteria.valid" >
          <trim prefix="(" suffix=")" prefixOverrides="and" >
            <foreach collection="criteria.criteria" item="criterion" >
              <choose >
                <when test="criterion.noValue" >
                  and ${criterion.condition}
                </when>
                <when test="criterion.singleValue" >
                  and ${criterion.condition} #{criterion.value}
                </when>
                <when test="criterion.betweenValue" >
                  and ${criterion.condition} #{criterion.value} and #{criterion.secondValue}
                </when>
                <when test="criterion.listValue" >
                  and ${criterion.condition}
                  <foreach collection="criterion.value" item="listItem" open="(" close=")" separator="," >
                    #{listItem}
                  </foreach>
                </when>
              </choose>
            </foreach>
          </trim>
        </if>
      </foreach>
    </where>
  </sql>
  <sql id="Update_By_Example_Where_Clause" >
    <where >
      <foreach collection="example.oredCriteria" item="criteria" separator="or" >
        <if test="criteria.valid" >
          <trim prefix="(" suffix=")" prefixOverrides="and" >
            <foreach collection="criteria.criteria" item="criterion" >
              <choose >
                <when test="criterion.noValue" >
                  and ${criterion.condition}
                </when>
                <when test="criterion.singleValue" >
                  and ${criterion.condition} #{criterion.value}
                </when>
                <when test="criterion.betweenValue" >
                  and ${criterion.condition} #{criterion.value} and #{criterion.secondValue}
                </when>
                <when test="criterion.listValue" >
                  and ${criterion.condition}
                  <foreach collection="criterion.value" item="listItem" open="(" close=")" separator="," >
                    #{listItem}
                  </foreach>
                </when>
              </choose>
            </foreach>
          </trim>
        </if>
      </foreach>
    </where>
  </sql>
  <sql id="Base_Column_List" >
    GroupID, GroupName, GroupType, UserID, CompanyID, GContent, ADDUSER, ADDTIME, ISDEL, 
    ISLOCK, USERNAME, USERTEL, platformId, userType
  </sql>
  <select id="selectByExample" resultMap="BaseResultMap" parameterType="com.leniao.entity.TblnGroupInfoExample" >
    select
    <if test="distinct" >
      distinct
    </if>
    <include refid="Base_Column_List" />
    from tblngroupinfo
    <if test="_parameter != null" >
      <include refid="Example_Where_Clause" />
    </if>
    <if test="orderByClause != null" >
      order by ${orderByClause}
    </if>
  </select>
  <select id="selectByPrimaryKey" resultMap="BaseResultMap" parameterType="java.lang.String" >
    select 
    <include refid="Base_Column_List" />
    from tblngroupinfo
    where GroupID = #{groupid,jdbcType=VARCHAR}
  </select>
  <delete id="deleteByPrimaryKey" parameterType="java.lang.String" >
    delete from tblngroupinfo
    where GroupID = #{groupid,jdbcType=VARCHAR}
  </delete>
  <delete id="deleteByExample" parameterType="com.leniao.entity.TblnGroupInfoExample" >
    delete from tblngroupinfo
    <if test="_parameter != null" >
      <include refid="Example_Where_Clause" />
    </if>
  </delete>
  <insert id="insert" parameterType="com.leniao.entity.TblnGroupInfo" >
    insert into tblngroupinfo (GroupID, GroupName, GroupType, 
      UserID, CompanyID, GContent, 
      ADDUSER, ADDTIME, ISDEL, 
      ISLOCK, USERNAME, USERTEL, 
      platformId, userType)
    values (#{groupid,jdbcType=VARCHAR}, #{groupname,jdbcType=VARCHAR}, #{grouptype,jdbcType=INTEGER}, 
      #{userid,jdbcType=INTEGER}, #{companyid,jdbcType=VARCHAR}, #{gcontent,jdbcType=VARCHAR}, 
      #{adduser,jdbcType=VARCHAR}, #{addtime,jdbcType=TIMESTAMP}, #{isdel,jdbcType=INTEGER}, 
      #{islock,jdbcType=INTEGER}, #{username,jdbcType=VARCHAR}, #{usertel,jdbcType=VARCHAR}, 
      #{platformid,jdbcType=INTEGER}, #{usertype,jdbcType=INTEGER})
  </insert>
  <insert id="insertSelective" parameterType="com.leniao.entity.TblnGroupInfo" >
    insert into tblngroupinfo
    <trim prefix="(" suffix=")" suffixOverrides="," >
      <if test="groupid != null" >
        GroupID,
      </if>
      <if test="groupname != null" >
        GroupName,
      </if>
      <if test="grouptype != null" >
        GroupType,
      </if>
      <if test="userid != null" >
        UserID,
      </if>
      <if test="companyid != null" >
        CompanyID,
      </if>
      <if test="gcontent != null" >
        GContent,
      </if>
      <if test="adduser != null" >
        ADDUSER,
      </if>
      <if test="addtime != null" >
        ADDTIME,
      </if>
      <if test="isdel != null" >
        ISDEL,
      </if>
      <if test="islock != null" >
        ISLOCK,
      </if>
      <if test="username != null" >
        USERNAME,
      </if>
      <if test="usertel != null" >
        USERTEL,
      </if>
      <if test="platformid != null" >
        platformId,
      </if>
      <if test="usertype != null" >
        userType,
      </if>
    </trim>
    <trim prefix="values (" suffix=")" suffixOverrides="," >
      <if test="groupid != null" >
        #{groupid,jdbcType=VARCHAR},
      </if>
      <if test="groupname != null" >
        #{groupname,jdbcType=VARCHAR},
      </if>
      <if test="grouptype != null" >
        #{grouptype,jdbcType=INTEGER},
      </if>
      <if test="userid != null" >
        #{userid,jdbcType=INTEGER},
      </if>
      <if test="companyid != null" >
        #{companyid,jdbcType=VARCHAR},
      </if>
      <if test="gcontent != null" >
        #{gcontent,jdbcType=VARCHAR},
      </if>
      <if test="adduser != null" >
        #{adduser,jdbcType=VARCHAR},
      </if>
      <if test="addtime != null" >
        #{addtime,jdbcType=TIMESTAMP},
      </if>
      <if test="isdel != null" >
        #{isdel,jdbcType=INTEGER},
      </if>
      <if test="islock != null" >
        #{islock,jdbcType=INTEGER},
      </if>
      <if test="username != null" >
        #{username,jdbcType=VARCHAR},
      </if>
      <if test="usertel != null" >
        #{usertel,jdbcType=VARCHAR},
      </if>
      <if test="platformid != null" >
        #{platformid,jdbcType=INTEGER},
      </if>
      <if test="usertype != null" >
        #{usertype,jdbcType=INTEGER},
      </if>
    </trim>
  </insert>
  <select id="countByExample" parameterType="com.leniao.entity.TblnGroupInfoExample" resultType="java.lang.Integer" >
    select count(*) from tblngroupinfo
    <if test="_parameter != null" >
      <include refid="Example_Where_Clause" />
    </if>
  </select>
  <update id="updateByExampleSelective" parameterType="map" >
    update tblngroupinfo
    <set >
      <if test="record.groupid != null" >
        GroupID = #{record.groupid,jdbcType=VARCHAR},
      </if>
      <if test="record.groupname != null" >
        GroupName = #{record.groupname,jdbcType=VARCHAR},
      </if>
      <if test="record.grouptype != null" >
        GroupType = #{record.grouptype,jdbcType=INTEGER},
      </if>
      <if test="record.userid != null" >
        UserID = #{record.userid,jdbcType=INTEGER},
      </if>
      <if test="record.companyid != null" >
        CompanyID = #{record.companyid,jdbcType=VARCHAR},
      </if>
      <if test="record.gcontent != null" >
        GContent = #{record.gcontent,jdbcType=VARCHAR},
      </if>
      <if test="record.adduser != null" >
        ADDUSER = #{record.adduser,jdbcType=VARCHAR},
      </if>
      <if test="record.addtime != null" >
        ADDTIME = #{record.addtime,jdbcType=TIMESTAMP},
      </if>
      <if test="record.isdel != null" >
        ISDEL = #{record.isdel,jdbcType=INTEGER},
      </if>
      <if test="record.islock != null" >
        ISLOCK = #{record.islock,jdbcType=INTEGER},
      </if>
      <if test="record.username != null" >
        USERNAME = #{record.username,jdbcType=VARCHAR},
      </if>
      <if test="record.usertel != null" >
        USERTEL = #{record.usertel,jdbcType=VARCHAR},
      </if>
      <if test="record.platformid != null" >
        platformId = #{record.platformid,jdbcType=INTEGER},
      </if>
      <if test="record.usertype != null" >
        userType = #{record.usertype,jdbcType=INTEGER},
      </if>
    </set>
    <if test="_parameter != null" >
      <include refid="Update_By_Example_Where_Clause" />
    </if>
  </update>
  <update id="updateByExample" parameterType="map" >
    update tblngroupinfo
    set GroupID = #{record.groupid,jdbcType=VARCHAR},
      GroupName = #{record.groupname,jdbcType=VARCHAR},
      GroupType = #{record.grouptype,jdbcType=INTEGER},
      UserID = #{record.userid,jdbcType=INTEGER},
      CompanyID = #{record.companyid,jdbcType=VARCHAR},
      GContent = #{record.gcontent,jdbcType=VARCHAR},
      ADDUSER = #{record.adduser,jdbcType=VARCHAR},
      ADDTIME = #{record.addtime,jdbcType=TIMESTAMP},
      ISDEL = #{record.isdel,jdbcType=INTEGER},
      ISLOCK = #{record.islock,jdbcType=INTEGER},
      USERNAME = #{record.username,jdbcType=VARCHAR},
      USERTEL = #{record.usertel,jdbcType=VARCHAR},
      platformId = #{record.platformid,jdbcType=INTEGER},
      userType = #{record.usertype,jdbcType=INTEGER}
    <if test="_parameter != null" >
      <include refid="Update_By_Example_Where_Clause" />
    </if>
  </update>
  <update id="updateByPrimaryKeySelective" parameterType="com.leniao.entity.TblnGroupInfo" >
    update tblngroupinfo
    <set >
      <if test="groupname != null" >
        GroupName = #{groupname,jdbcType=VARCHAR},
      </if>
      <if test="grouptype != null" >
        GroupType = #{grouptype,jdbcType=INTEGER},
      </if>
      <if test="userid != null" >
        UserID = #{userid,jdbcType=INTEGER},
      </if>
      <if test="companyid != null" >
        CompanyID = #{companyid,jdbcType=VARCHAR},
      </if>
      <if test="gcontent != null" >
        GContent = #{gcontent,jdbcType=VARCHAR},
      </if>
      <if test="adduser != null" >
        ADDUSER = #{adduser,jdbcType=VARCHAR},
      </if>
      <if test="addtime != null" >
        ADDTIME = #{addtime,jdbcType=TIMESTAMP},
      </if>
      <if test="isdel != null" >
        ISDEL = #{isdel,jdbcType=INTEGER},
      </if>
      <if test="islock != null" >
        ISLOCK = #{islock,jdbcType=INTEGER},
      </if>
      <if test="username != null" >
        USERNAME = #{username,jdbcType=VARCHAR},
      </if>
      <if test="usertel != null" >
        USERTEL = #{usertel,jdbcType=VARCHAR},
      </if>
      <if test="platformid != null" >
        platformId = #{platformid,jdbcType=INTEGER},
      </if>
      <if test="usertype != null" >
        userType = #{usertype,jdbcType=INTEGER},
      </if>
    </set>
    where GroupID = #{groupid,jdbcType=VARCHAR}
  </update>
  <update id="updateByPrimaryKey" parameterType="com.leniao.entity.TblnGroupInfo" >
    update tblngroupinfo
    set GroupName = #{groupname,jdbcType=VARCHAR},
      GroupType = #{grouptype,jdbcType=INTEGER},
      UserID = #{userid,jdbcType=INTEGER},
      CompanyID = #{companyid,jdbcType=VARCHAR},
      GContent = #{gcontent,jdbcType=VARCHAR},
      ADDUSER = #{adduser,jdbcType=VARCHAR},
      ADDTIME = #{addtime,jdbcType=TIMESTAMP},
      ISDEL = #{isdel,jdbcType=INTEGER},
      ISLOCK = #{islock,jdbcType=INTEGER},
      USERNAME = #{username,jdbcType=VARCHAR},
      USERTEL = #{usertel,jdbcType=VARCHAR},
      platformId = #{platformid,jdbcType=INTEGER},
      userType = #{usertype,jdbcType=INTEGER}
    where GroupID = #{groupid,jdbcType=VARCHAR}
  </update>
</mapper>