<?xml version="1.0" encoding="UTF-8"?>
<!DOCTYPE mapper PUBLIC "-//mybatis.org//DTD Mapper 3.0//EN" "http://mybatis.org/dtd/mybatis-3-mapper.dtd">
<mapper namespace="com.leniao.mapper.TblndeviceinfoMapper">
  <resultMap id="BaseResultMap" type="com.leniao.entity.Tblndeviceinfo">
    <id column="devIdpk" jdbcType="INTEGER" property="devidpk" />
    <result column="devSysId" jdbcType="INTEGER" property="devsysid" />
    <result column="devParentIdpk" jdbcType="INTEGER" property="devparentidpk" />
    <result column="firmId" jdbcType="INTEGER" property="firmid" />
    <result column="projId" jdbcType="INTEGER" property="projid" />
    <result column="devSignature" jdbcType="VARCHAR" property="devsignature" />
    <result column="devId" jdbcType="INTEGER" property="devid" />
    <result column="devTy" jdbcType="VARCHAR" property="devty" />
    <result column="devLoginTime" jdbcType="TIMESTAMP" property="devlogintime" />
    <result column="devProductTime" jdbcType="TIMESTAMP" property="devproducttime" />
    <result column="devIsScrap" jdbcType="INTEGER" property="devisscrap" />
    <result column="devScrapTime" jdbcType="TIMESTAMP" property="devscraptime" />
    <result column="drawingId" jdbcType="INTEGER" property="drawingid" />
    <result column="devPlotX" jdbcType="REAL" property="devplotx" />
    <result column="devPlotY" jdbcType="REAL" property="devploty" />
    <result column="devRemark" jdbcType="VARCHAR" property="devremark" />
    <result column="isDelete" jdbcType="INTEGER" property="isdelete" />
    <result column="road" jdbcType="INTEGER" property="road" />
    <result column="installLocation" jdbcType="VARCHAR" property="installlocation" />
    <result column="IsSendOther" jdbcType="VARCHAR" property="issendother" />
    <result column="devgroupId" jdbcType="INTEGER" property="devgroupid" />
    <result column="devTyId" jdbcType="INTEGER" property="devtyid" />
    <result column="IsSend" jdbcType="VARCHAR" property="issend" />
    <result column="SystemID" jdbcType="VARCHAR" property="systemid" />
    <result column="OlddevSignature" jdbcType="VARCHAR" property="olddevsignature" />
    <result column="ChangeTime" jdbcType="TIMESTAMP" property="changetime" />
    <result column="picurl" jdbcType="VARCHAR" property="picurl" />
    <result column="IsMaskNet" jdbcType="TINYINT" property="ismasknet" />
    <result column="machineNo" jdbcType="VARCHAR" property="machineno" />
    <result column="IsClose" jdbcType="TINYINT" property="isclose" />
  </resultMap>
  <sql id="Example_Where_Clause">
    <where>
      <foreach collection="oredCriteria" item="criteria" separator="or">
        <if test="criteria.valid">
          <trim prefix="(" prefixOverrides="and" suffix=")">
            <foreach collection="criteria.criteria" item="criterion">
              <choose>
                <when test="criterion.noValue">
                  and ${criterion.condition}
                </when>
                <when test="criterion.singleValue">
                  and ${criterion.condition} #{criterion.value}
                </when>
                <when test="criterion.betweenValue">
                  and ${criterion.condition} #{criterion.value} and #{criterion.secondValue}
                </when>
                <when test="criterion.listValue">
                  and ${criterion.condition}
                  <foreach close=")" collection="criterion.value" item="listItem" open="(" separator=",">
                    #{listItem}
                  </foreach>
                </when>
              </choose>
            </foreach>
          </trim>
        </if>
      </foreach>
    </where>
  </sql>
  <sql id="Update_By_Example_Where_Clause">
    <where>
      <foreach collection="example.oredCriteria" item="criteria" separator="or">
        <if test="criteria.valid">
          <trim prefix="(" prefixOverrides="and" suffix=")">
            <foreach collection="criteria.criteria" item="criterion">
              <choose>
                <when test="criterion.noValue">
                  and ${criterion.condition}
                </when>
                <when test="criterion.singleValue">
                  and ${criterion.condition} #{criterion.value}
                </when>
                <when test="criterion.betweenValue">
                  and ${criterion.condition} #{criterion.value} and #{criterion.secondValue}
                </when>
                <when test="criterion.listValue">
                  and ${criterion.condition}
                  <foreach close=")" collection="criterion.value" item="listItem" open="(" separator=",">
                    #{listItem}
                  </foreach>
                </when>
              </choose>
            </foreach>
          </trim>
        </if>
      </foreach>
    </where>
  </sql>
  <sql id="Base_Column_List">
    devIdpk, devSysId, devParentIdpk, firmId, projId, devSignature, devId, devTy, devLoginTime, 
    devProductTime, devIsScrap, devScrapTime, drawingId, devPlotX, devPlotY, devRemark, 
    isDelete, road, installLocation, IsSendOther, devgroupId, devTyId, IsSend, SystemID, 
    OlddevSignature, ChangeTime, picurl, IsMaskNet, machineNo, IsClose
  </sql>
  <select id="selectByExample" parameterType="com.leniao.entity.TblndeviceinfoExample" resultMap="BaseResultMap">
    select
    <if test="distinct">
      distinct
    </if>
    <include refid="Base_Column_List" />
    from tblndeviceinfo
    <if test="_parameter != null">
      <include refid="Example_Where_Clause" />
    </if>
    <if test="orderByClause != null">
      order by ${orderByClause}
    </if>
  </select>
  <select id="selectByPrimaryKey" parameterType="java.lang.Integer" resultMap="BaseResultMap">
    select 
    <include refid="Base_Column_List" />
    from tblndeviceinfo
    where devIdpk = #{devidpk,jdbcType=INTEGER}
  </select>
  <delete id="deleteByPrimaryKey" parameterType="java.lang.Integer">
    delete from tblndeviceinfo
    where devIdpk = #{devidpk,jdbcType=INTEGER}
  </delete>
  <delete id="deleteByExample" parameterType="com.leniao.entity.TblndeviceinfoExample">
    delete from tblndeviceinfo
    <if test="_parameter != null">
      <include refid="Example_Where_Clause" />
    </if>
  </delete>
  <insert id="insert" parameterType="com.leniao.entity.Tblndeviceinfo">
    insert into tblndeviceinfo (devIdpk, devSysId, devParentIdpk, 
      firmId, projId, devSignature, 
      devId, devTy, devLoginTime, 
      devProductTime, devIsScrap, devScrapTime, 
      drawingId, devPlotX, devPlotY, 
      devRemark, isDelete, road, 
      installLocation, IsSendOther, devgroupId, 
      devTyId, IsSend, SystemID, 
      OlddevSignature, ChangeTime, picurl, 
      IsMaskNet, machineNo, IsClose
      )
    values (#{devidpk,jdbcType=INTEGER}, #{devsysid,jdbcType=INTEGER}, #{devparentidpk,jdbcType=INTEGER}, 
      #{firmid,jdbcType=INTEGER}, #{projid,jdbcType=INTEGER}, #{devsignature,jdbcType=VARCHAR}, 
      #{devid,jdbcType=INTEGER}, #{devty,jdbcType=VARCHAR}, #{devlogintime,jdbcType=TIMESTAMP}, 
      #{devproducttime,jdbcType=TIMESTAMP}, #{devisscrap,jdbcType=INTEGER}, #{devscraptime,jdbcType=TIMESTAMP}, 
      #{drawingid,jdbcType=INTEGER}, #{devplotx,jdbcType=REAL}, #{devploty,jdbcType=REAL}, 
      #{devremark,jdbcType=VARCHAR}, #{isdelete,jdbcType=INTEGER}, #{road,jdbcType=INTEGER}, 
      #{installlocation,jdbcType=VARCHAR}, #{issendother,jdbcType=VARCHAR}, #{devgroupid,jdbcType=INTEGER}, 
      #{devtyid,jdbcType=INTEGER}, #{issend,jdbcType=VARCHAR}, #{systemid,jdbcType=VARCHAR}, 
      #{olddevsignature,jdbcType=VARCHAR}, #{changetime,jdbcType=TIMESTAMP}, #{picurl,jdbcType=VARCHAR}, 
      #{ismasknet,jdbcType=TINYINT}, #{machineno,jdbcType=VARCHAR}, #{isclose,jdbcType=TINYINT}
      )
  </insert>
  <insert id="insertSelective" parameterType="com.leniao.entity.Tblndeviceinfo">
    insert into tblndeviceinfo
    <trim prefix="(" suffix=")" suffixOverrides=",">
      <if test="devidpk != null">
        devIdpk,
      </if>
      <if test="devsysid != null">
        devSysId,
      </if>
      <if test="devparentidpk != null">
        devParentIdpk,
      </if>
      <if test="firmid != null">
        firmId,
      </if>
      <if test="projid != null">
        projId,
      </if>
      <if test="devsignature != null">
        devSignature,
      </if>
      <if test="devid != null">
        devId,
      </if>
      <if test="devty != null">
        devTy,
      </if>
      <if test="devlogintime != null">
        devLoginTime,
      </if>
      <if test="devproducttime != null">
        devProductTime,
      </if>
      <if test="devisscrap != null">
        devIsScrap,
      </if>
      <if test="devscraptime != null">
        devScrapTime,
      </if>
      <if test="drawingid != null">
        drawingId,
      </if>
      <if test="devplotx != null">
        devPlotX,
      </if>
      <if test="devploty != null">
        devPlotY,
      </if>
      <if test="devremark != null">
        devRemark,
      </if>
      <if test="isdelete != null">
        isDelete,
      </if>
      <if test="road != null">
        road,
      </if>
      <if test="installlocation != null">
        installLocation,
      </if>
      <if test="issendother != null">
        IsSendOther,
      </if>
      <if test="devgroupid != null">
        devgroupId,
      </if>
      <if test="devtyid != null">
        devTyId,
      </if>
      <if test="issend != null">
        IsSend,
      </if>
      <if test="systemid != null">
        SystemID,
      </if>
      <if test="olddevsignature != null">
        OlddevSignature,
      </if>
      <if test="changetime != null">
        ChangeTime,
      </if>
      <if test="picurl != null">
        picurl,
      </if>
      <if test="ismasknet != null">
        IsMaskNet,
      </if>
      <if test="machineno != null">
        machineNo,
      </if>
      <if test="isclose != null">
        IsClose,
      </if>
    </trim>
    <trim prefix="values (" suffix=")" suffixOverrides=",">
      <if test="devidpk != null">
        #{devidpk,jdbcType=INTEGER},
      </if>
      <if test="devsysid != null">
        #{devsysid,jdbcType=INTEGER},
      </if>
      <if test="devparentidpk != null">
        #{devparentidpk,jdbcType=INTEGER},
      </if>
      <if test="firmid != null">
        #{firmid,jdbcType=INTEGER},
      </if>
      <if test="projid != null">
        #{projid,jdbcType=INTEGER},
      </if>
      <if test="devsignature != null">
        #{devsignature,jdbcType=VARCHAR},
      </if>
      <if test="devid != null">
        #{devid,jdbcType=INTEGER},
      </if>
      <if test="devty != null">
        #{devty,jdbcType=VARCHAR},
      </if>
      <if test="devlogintime != null">
        #{devlogintime,jdbcType=TIMESTAMP},
      </if>
      <if test="devproducttime != null">
        #{devproducttime,jdbcType=TIMESTAMP},
      </if>
      <if test="devisscrap != null">
        #{devisscrap,jdbcType=INTEGER},
      </if>
      <if test="devscraptime != null">
        #{devscraptime,jdbcType=TIMESTAMP},
      </if>
      <if test="drawingid != null">
        #{drawingid,jdbcType=INTEGER},
      </if>
      <if test="devplotx != null">
        #{devplotx,jdbcType=REAL},
      </if>
      <if test="devploty != null">
        #{devploty,jdbcType=REAL},
      </if>
      <if test="devremark != null">
        #{devremark,jdbcType=VARCHAR},
      </if>
      <if test="isdelete != null">
        #{isdelete,jdbcType=INTEGER},
      </if>
      <if test="road != null">
        #{road,jdbcType=INTEGER},
      </if>
      <if test="installlocation != null">
        #{installlocation,jdbcType=VARCHAR},
      </if>
      <if test="issendother != null">
        #{issendother,jdbcType=VARCHAR},
      </if>
      <if test="devgroupid != null">
        #{devgroupid,jdbcType=INTEGER},
      </if>
      <if test="devtyid != null">
        #{devtyid,jdbcType=INTEGER},
      </if>
      <if test="issend != null">
        #{issend,jdbcType=VARCHAR},
      </if>
      <if test="systemid != null">
        #{systemid,jdbcType=VARCHAR},
      </if>
      <if test="olddevsignature != null">
        #{olddevsignature,jdbcType=VARCHAR},
      </if>
      <if test="changetime != null">
        #{changetime,jdbcType=TIMESTAMP},
      </if>
      <if test="picurl != null">
        #{picurl,jdbcType=VARCHAR},
      </if>
      <if test="ismasknet != null">
        #{ismasknet,jdbcType=TINYINT},
      </if>
      <if test="machineno != null">
        #{machineno,jdbcType=VARCHAR},
      </if>
      <if test="isclose != null">
        #{isclose,jdbcType=TINYINT},
      </if>
    </trim>
  </insert>
  <select id="countByExample" parameterType="com.leniao.entity.TblndeviceinfoExample" resultType="java.lang.Long">
    select count(*) from tblndeviceinfo
    <if test="_parameter != null">
      <include refid="Example_Where_Clause" />
    </if>
  </select>
  <update id="updateByExampleSelective" parameterType="map">
    update tblndeviceinfo
    <set>
      <if test="record.devidpk != null">
        devIdpk = #{record.devidpk,jdbcType=INTEGER},
      </if>
      <if test="record.devsysid != null">
        devSysId = #{record.devsysid,jdbcType=INTEGER},
      </if>
      <if test="record.devparentidpk != null">
        devParentIdpk = #{record.devparentidpk,jdbcType=INTEGER},
      </if>
      <if test="record.firmid != null">
        firmId = #{record.firmid,jdbcType=INTEGER},
      </if>
      <if test="record.projid != null">
        projId = #{record.projid,jdbcType=INTEGER},
      </if>
      <if test="record.devsignature != null">
        devSignature = #{record.devsignature,jdbcType=VARCHAR},
      </if>
      <if test="record.devid != null">
        devId = #{record.devid,jdbcType=INTEGER},
      </if>
      <if test="record.devty != null">
        devTy = #{record.devty,jdbcType=VARCHAR},
      </if>
      <if test="record.devlogintime != null">
        devLoginTime = #{record.devlogintime,jdbcType=TIMESTAMP},
      </if>
      <if test="record.devproducttime != null">
        devProductTime = #{record.devproducttime,jdbcType=TIMESTAMP},
      </if>
      <if test="record.devisscrap != null">
        devIsScrap = #{record.devisscrap,jdbcType=INTEGER},
      </if>
      <if test="record.devscraptime != null">
        devScrapTime = #{record.devscraptime,jdbcType=TIMESTAMP},
      </if>
      <if test="record.drawingid != null">
        drawingId = #{record.drawingid,jdbcType=INTEGER},
      </if>
      <if test="record.devplotx != null">
        devPlotX = #{record.devplotx,jdbcType=REAL},
      </if>
      <if test="record.devploty != null">
        devPlotY = #{record.devploty,jdbcType=REAL},
      </if>
      <if test="record.devremark != null">
        devRemark = #{record.devremark,jdbcType=VARCHAR},
      </if>
      <if test="record.isdelete != null">
        isDelete = #{record.isdelete,jdbcType=INTEGER},
      </if>
      <if test="record.road != null">
        road = #{record.road,jdbcType=INTEGER},
      </if>
      <if test="record.installlocation != null">
        installLocation = #{record.installlocation,jdbcType=VARCHAR},
      </if>
      <if test="record.issendother != null">
        IsSendOther = #{record.issendother,jdbcType=VARCHAR},
      </if>
      <if test="record.devgroupid != null">
        devgroupId = #{record.devgroupid,jdbcType=INTEGER},
      </if>
      <if test="record.devtyid != null">
        devTyId = #{record.devtyid,jdbcType=INTEGER},
      </if>
      <if test="record.issend != null">
        IsSend = #{record.issend,jdbcType=VARCHAR},
      </if>
      <if test="record.systemid != null">
        SystemID = #{record.systemid,jdbcType=VARCHAR},
      </if>
      <if test="record.olddevsignature != null">
        OlddevSignature = #{record.olddevsignature,jdbcType=VARCHAR},
      </if>
      <if test="record.changetime != null">
        ChangeTime = #{record.changetime,jdbcType=TIMESTAMP},
      </if>
      <if test="record.picurl != null">
        picurl = #{record.picurl,jdbcType=VARCHAR},
      </if>
      <if test="record.ismasknet != null">
        IsMaskNet = #{record.ismasknet,jdbcType=TINYINT},
      </if>
      <if test="record.machineno != null">
        machineNo = #{record.machineno,jdbcType=VARCHAR},
      </if>
      <if test="record.isclose != null">
        IsClose = #{record.isclose,jdbcType=TINYINT},
      </if>
    </set>
    <if test="_parameter != null">
      <include refid="Update_By_Example_Where_Clause" />
    </if>
  </update>
  <update id="updateByExample" parameterType="map">
    update tblndeviceinfo
    set devIdpk = #{record.devidpk,jdbcType=INTEGER},
      devSysId = #{record.devsysid,jdbcType=INTEGER},
      devParentIdpk = #{record.devparentidpk,jdbcType=INTEGER},
      firmId = #{record.firmid,jdbcType=INTEGER},
      projId = #{record.projid,jdbcType=INTEGER},
      devSignature = #{record.devsignature,jdbcType=VARCHAR},
      devId = #{record.devid,jdbcType=INTEGER},
      devTy = #{record.devty,jdbcType=VARCHAR},
      devLoginTime = #{record.devlogintime,jdbcType=TIMESTAMP},
      devProductTime = #{record.devproducttime,jdbcType=TIMESTAMP},
      devIsScrap = #{record.devisscrap,jdbcType=INTEGER},
      devScrapTime = #{record.devscraptime,jdbcType=TIMESTAMP},
      drawingId = #{record.drawingid,jdbcType=INTEGER},
      devPlotX = #{record.devplotx,jdbcType=REAL},
      devPlotY = #{record.devploty,jdbcType=REAL},
      devRemark = #{record.devremark,jdbcType=VARCHAR},
      isDelete = #{record.isdelete,jdbcType=INTEGER},
      road = #{record.road,jdbcType=INTEGER},
      installLocation = #{record.installlocation,jdbcType=VARCHAR},
      IsSendOther = #{record.issendother,jdbcType=VARCHAR},
      devgroupId = #{record.devgroupid,jdbcType=INTEGER},
      devTyId = #{record.devtyid,jdbcType=INTEGER},
      IsSend = #{record.issend,jdbcType=VARCHAR},
      SystemID = #{record.systemid,jdbcType=VARCHAR},
      OlddevSignature = #{record.olddevsignature,jdbcType=VARCHAR},
      ChangeTime = #{record.changetime,jdbcType=TIMESTAMP},
      picurl = #{record.picurl,jdbcType=VARCHAR},
      IsMaskNet = #{record.ismasknet,jdbcType=TINYINT},
      machineNo = #{record.machineno,jdbcType=VARCHAR},
      IsClose = #{record.isclose,jdbcType=TINYINT}
    <if test="_parameter != null">
      <include refid="Update_By_Example_Where_Clause" />
    </if>
  </update>
  <update id="updateByPrimaryKeySelective" parameterType="com.leniao.entity.Tblndeviceinfo">
    update tblndeviceinfo
    <set>
      <if test="devsysid != null">
        devSysId = #{devsysid,jdbcType=INTEGER},
      </if>
      <if test="devparentidpk != null">
        devParentIdpk = #{devparentidpk,jdbcType=INTEGER},
      </if>
      <if test="firmid != null">
        firmId = #{firmid,jdbcType=INTEGER},
      </if>
      <if test="projid != null">
        projId = #{projid,jdbcType=INTEGER},
      </if>
      <if test="devsignature != null">
        devSignature = #{devsignature,jdbcType=VARCHAR},
      </if>
      <if test="devid != null">
        devId = #{devid,jdbcType=INTEGER},
      </if>
      <if test="devty != null">
        devTy = #{devty,jdbcType=VARCHAR},
      </if>
      <if test="devlogintime != null">
        devLoginTime = #{devlogintime,jdbcType=TIMESTAMP},
      </if>
      <if test="devproducttime != null">
        devProductTime = #{devproducttime,jdbcType=TIMESTAMP},
      </if>
      <if test="devisscrap != null">
        devIsScrap = #{devisscrap,jdbcType=INTEGER},
      </if>
      <if test="devscraptime != null">
        devScrapTime = #{devscraptime,jdbcType=TIMESTAMP},
      </if>
      <if test="drawingid != null">
        drawingId = #{drawingid,jdbcType=INTEGER},
      </if>
      <if test="devplotx != null">
        devPlotX = #{devplotx,jdbcType=REAL},
      </if>
      <if test="devploty != null">
        devPlotY = #{devploty,jdbcType=REAL},
      </if>
      <if test="devremark != null">
        devRemark = #{devremark,jdbcType=VARCHAR},
      </if>
      <if test="isdelete != null">
        isDelete = #{isdelete,jdbcType=INTEGER},
      </if>
      <if test="road != null">
        road = #{road,jdbcType=INTEGER},
      </if>
      <if test="installlocation != null">
        installLocation = #{installlocation,jdbcType=VARCHAR},
      </if>
      <if test="issendother != null">
        IsSendOther = #{issendother,jdbcType=VARCHAR},
      </if>
      <if test="devgroupid != null">
        devgroupId = #{devgroupid,jdbcType=INTEGER},
      </if>
      <if test="devtyid != null">
        devTyId = #{devtyid,jdbcType=INTEGER},
      </if>
      <if test="issend != null">
        IsSend = #{issend,jdbcType=VARCHAR},
      </if>
      <if test="systemid != null">
        SystemID = #{systemid,jdbcType=VARCHAR},
      </if>
      <if test="olddevsignature != null">
        OlddevSignature = #{olddevsignature,jdbcType=VARCHAR},
      </if>
      <if test="changetime != null">
        ChangeTime = #{changetime,jdbcType=TIMESTAMP},
      </if>
      <if test="picurl != null">
        picurl = #{picurl,jdbcType=VARCHAR},
      </if>
      <if test="ismasknet != null">
        IsMaskNet = #{ismasknet,jdbcType=TINYINT},
      </if>
      <if test="machineno != null">
        machineNo = #{machineno,jdbcType=VARCHAR},
      </if>
      <if test="isclose != null">
        IsClose = #{isclose,jdbcType=TINYINT},
      </if>
    </set>
    where devIdpk = #{devidpk,jdbcType=INTEGER}
  </update>
  <update id="updateByPrimaryKey" parameterType="com.leniao.entity.Tblndeviceinfo">
    update tblndeviceinfo
    set devSysId = #{devsysid,jdbcType=INTEGER},
      devParentIdpk = #{devparentidpk,jdbcType=INTEGER},
      firmId = #{firmid,jdbcType=INTEGER},
      projId = #{projid,jdbcType=INTEGER},
      devSignature = #{devsignature,jdbcType=VARCHAR},
      devId = #{devid,jdbcType=INTEGER},
      devTy = #{devty,jdbcType=VARCHAR},
      devLoginTime = #{devlogintime,jdbcType=TIMESTAMP},
      devProductTime = #{devproducttime,jdbcType=TIMESTAMP},
      devIsScrap = #{devisscrap,jdbcType=INTEGER},
      devScrapTime = #{devscraptime,jdbcType=TIMESTAMP},
      drawingId = #{drawingid,jdbcType=INTEGER},
      devPlotX = #{devplotx,jdbcType=REAL},
      devPlotY = #{devploty,jdbcType=REAL},
      devRemark = #{devremark,jdbcType=VARCHAR},
      isDelete = #{isdelete,jdbcType=INTEGER},
      road = #{road,jdbcType=INTEGER},
      installLocation = #{installlocation,jdbcType=VARCHAR},
      IsSendOther = #{issendother,jdbcType=VARCHAR},
      devgroupId = #{devgroupid,jdbcType=INTEGER},
      devTyId = #{devtyid,jdbcType=INTEGER},
      IsSend = #{issend,jdbcType=VARCHAR},
      SystemID = #{systemid,jdbcType=VARCHAR},
      OlddevSignature = #{olddevsignature,jdbcType=VARCHAR},
      ChangeTime = #{changetime,jdbcType=TIMESTAMP},
      picurl = #{picurl,jdbcType=VARCHAR},
      IsMaskNet = #{ismasknet,jdbcType=TINYINT},
      machineNo = #{machineno,jdbcType=VARCHAR},
      IsClose = #{isclose,jdbcType=TINYINT}
    where devIdpk = #{devidpk,jdbcType=INTEGER}
  </update>

  <!--#####################################################++++++++++++++++++++++++++++++++++++++++++============================-->
  <!--根据项目id  设备系统id 分页查询设备列表-->
  <select id="selectByPaging" statementType="CALLABLE" resultMap="BaseResultMap" parameterType="java.util.Map">
        <![CDATA[{call ProcPage(
        #{PageIndex,mode=IN,jdbcType=INTEGER},
        #{PageSize,mode=IN,jdbcType=INTEGER},
        #{TableColumn,mode=IN,jdbcType=VARCHAR},
        #{TableName,mode=IN,jdbcType=VARCHAR},
        #{SearchSql,mode=IN,jdbcType=VARCHAR},
        #{OrderString,mode=IN,jdbcType=VARCHAR},

        #{PageCount,mode=OUT,jdbcType=INTEGER},
        #{PageRowCount,mode=OUT,jdbcType=INTEGER}
        )}]]>
    </select>
  <select id="findDevStatusList" resultType="com.leniao.model.devlist.DevStatusListInfo">
        ${sql}
  </select>
    <select id="selectDevUnitId" resultType="java.lang.Integer">
        SELECT projId FROM `tblndeviceinfo` WHERE devIdpk = #{devIdpk}
    </select>
</mapper>