<?xml version="1.0" encoding="UTF-8" ?>
<!DOCTYPE mapper PUBLIC "-//mybatis.org//DTD Mapper 3.0//EN" "http://mybatis.org/dtd/mybatis-3-mapper.dtd" >
<mapper namespace="com.leniao.mapper.TblnfireguardinfoMapper" >
  <resultMap id="BaseResultMap" type="com.leniao.entity.Tblnfireguardinfo" >
    <id column="fireGuardId" property="fireguardid" jdbcType="INTEGER" />
    <result column="fireGuardName" property="fireguardname" jdbcType="VARCHAR" />
    <result column="fireGuardPhone" property="fireguardphone" jdbcType="VARCHAR" />
    <result column="fireGuardTel" property="fireguardtel" jdbcType="VARCHAR" />
    <result column="fireRemark" property="fireremark" jdbcType="VARCHAR" />
    <result column="isDelete" property="isdelete" jdbcType="INTEGER" />
    <result column="createTime" property="createtime" jdbcType="TIMESTAMP" />
    <result column="userId" property="userid" jdbcType="INTEGER" />
    <result column="platformId" property="platformid" jdbcType="INTEGER" />
  </resultMap>
  <sql id="Example_Where_Clause" >
    <where >
      <foreach collection="oredCriteria" item="criteria" separator="or" >
        <if test="criteria.valid" >
          <trim prefix="(" suffix=")" prefixOverrides="and" >
            <foreach collection="criteria.criteria" item="criterion" >
              <choose >
                <when test="criterion.noValue" >
                  and ${criterion.condition}
                </when>
                <when test="criterion.singleValue" >
                  and ${criterion.condition} #{criterion.value}
                </when>
                <when test="criterion.betweenValue" >
                  and ${criterion.condition} #{criterion.value} and #{criterion.secondValue}
                </when>
                <when test="criterion.listValue" >
                  and ${criterion.condition}
                  <foreach collection="criterion.value" item="listItem" open="(" close=")" separator="," >
                    #{listItem}
                  </foreach>
                </when>
              </choose>
            </foreach>
          </trim>
        </if>
      </foreach>
    </where>
  </sql>
  <sql id="Update_By_Example_Where_Clause" >
    <where >
      <foreach collection="example.oredCriteria" item="criteria" separator="or" >
        <if test="criteria.valid" >
          <trim prefix="(" suffix=")" prefixOverrides="and" >
            <foreach collection="criteria.criteria" item="criterion" >
              <choose >
                <when test="criterion.noValue" >
                  and ${criterion.condition}
                </when>
                <when test="criterion.singleValue" >
                  and ${criterion.condition} #{criterion.value}
                </when>
                <when test="criterion.betweenValue" >
                  and ${criterion.condition} #{criterion.value} and #{criterion.secondValue}
                </when>
                <when test="criterion.listValue" >
                  and ${criterion.condition}
                  <foreach collection="criterion.value" item="listItem" open="(" close=")" separator="," >
                    #{listItem}
                  </foreach>
                </when>
              </choose>
            </foreach>
          </trim>
        </if>
      </foreach>
    </where>
  </sql>
  <sql id="Base_Column_List" >
    fireGuardId, fireGuardName, fireGuardPhone, fireGuardTel, fireRemark, isDelete, createTime, 
    userId, platformId
  </sql>
  <select id="selectByExample" resultMap="BaseResultMap" parameterType="com.leniao.entity.TblnfireguardinfoExample" >
    select
    <if test="distinct" >
      distinct
    </if>
    <include refid="Base_Column_List" />
    from tblnfireguardinfo
    <if test="_parameter != null" >
      <include refid="Example_Where_Clause" />
    </if>
    <if test="orderByClause != null" >
      order by ${orderByClause}
    </if>
  </select>
  <select id="selectByPrimaryKey" resultMap="BaseResultMap" parameterType="java.lang.Integer" >
    select 
    <include refid="Base_Column_List" />
    from tblnfireguardinfo
    where fireGuardId = #{fireguardid,jdbcType=INTEGER}
  </select>
  <delete id="deleteByPrimaryKey" parameterType="java.lang.Integer" >
    delete from tblnfireguardinfo
    where fireGuardId = #{fireguardid,jdbcType=INTEGER}
  </delete>
  <delete id="deleteByExample" parameterType="com.leniao.entity.TblnfireguardinfoExample" >
    delete from tblnfireguardinfo
    <if test="_parameter != null" >
      <include refid="Example_Where_Clause" />
    </if>
  </delete>
  <insert id="insert" parameterType="com.leniao.entity.Tblnfireguardinfo" >
    insert into tblnfireguardinfo (fireGuardId, fireGuardName, fireGuardPhone, 
      fireGuardTel, fireRemark, isDelete, 
      createTime, userId, platformId
      )
    values (#{fireguardid,jdbcType=INTEGER}, #{fireguardname,jdbcType=VARCHAR}, #{fireguardphone,jdbcType=VARCHAR}, 
      #{fireguardtel,jdbcType=VARCHAR}, #{fireremark,jdbcType=VARCHAR}, #{isdelete,jdbcType=INTEGER}, 
      #{createtime,jdbcType=TIMESTAMP}, #{userid,jdbcType=INTEGER}, #{platformid,jdbcType=INTEGER}
      )
  </insert>
  <insert id="insertSelective" parameterType="com.leniao.entity.Tblnfireguardinfo" >
    insert into tblnfireguardinfo
    <trim prefix="(" suffix=")" suffixOverrides="," >
      <if test="fireguardid != null" >
        fireGuardId,
      </if>
      <if test="fireguardname != null" >
        fireGuardName,
      </if>
      <if test="fireguardphone != null" >
        fireGuardPhone,
      </if>
      <if test="fireguardtel != null" >
        fireGuardTel,
      </if>
      <if test="fireremark != null" >
        fireRemark,
      </if>
      <if test="isdelete != null" >
        isDelete,
      </if>
      <if test="createtime != null" >
        createTime,
      </if>
      <if test="userid != null" >
        userId,
      </if>
      <if test="platformid != null" >
        platformId,
      </if>
    </trim>
    <trim prefix="values (" suffix=")" suffixOverrides="," >
      <if test="fireguardid != null" >
        #{fireguardid,jdbcType=INTEGER},
      </if>
      <if test="fireguardname != null" >
        #{fireguardname,jdbcType=VARCHAR},
      </if>
      <if test="fireguardphone != null" >
        #{fireguardphone,jdbcType=VARCHAR},
      </if>
      <if test="fireguardtel != null" >
        #{fireguardtel,jdbcType=VARCHAR},
      </if>
      <if test="fireremark != null" >
        #{fireremark,jdbcType=VARCHAR},
      </if>
      <if test="isdelete != null" >
        #{isdelete,jdbcType=INTEGER},
      </if>
      <if test="createtime != null" >
        #{createtime,jdbcType=TIMESTAMP},
      </if>
      <if test="userid != null" >
        #{userid,jdbcType=INTEGER},
      </if>
      <if test="platformid != null" >
        #{platformid,jdbcType=INTEGER},
      </if>
    </trim>
  </insert>
  <select id="countByExample" parameterType="com.leniao.entity.TblnfireguardinfoExample" resultType="java.lang.Integer" >
    select count(*) from tblnfireguardinfo
    <if test="_parameter != null" >
      <include refid="Example_Where_Clause" />
    </if>
  </select>
  <update id="updateByExampleSelective" parameterType="map" >
    update tblnfireguardinfo
    <set >
      <if test="record.fireguardid != null" >
        fireGuardId = #{record.fireguardid,jdbcType=INTEGER},
      </if>
      <if test="record.fireguardname != null" >
        fireGuardName = #{record.fireguardname,jdbcType=VARCHAR},
      </if>
      <if test="record.fireguardphone != null" >
        fireGuardPhone = #{record.fireguardphone,jdbcType=VARCHAR},
      </if>
      <if test="record.fireguardtel != null" >
        fireGuardTel = #{record.fireguardtel,jdbcType=VARCHAR},
      </if>
      <if test="record.fireremark != null" >
        fireRemark = #{record.fireremark,jdbcType=VARCHAR},
      </if>
      <if test="record.isdelete != null" >
        isDelete = #{record.isdelete,jdbcType=INTEGER},
      </if>
      <if test="record.createtime != null" >
        createTime = #{record.createtime,jdbcType=TIMESTAMP},
      </if>
      <if test="record.userid != null" >
        userId = #{record.userid,jdbcType=INTEGER},
      </if>
      <if test="record.platformid != null" >
        platformId = #{record.platformid,jdbcType=INTEGER},
      </if>
    </set>
    <if test="_parameter != null" >
      <include refid="Update_By_Example_Where_Clause" />
    </if>
  </update>
  <update id="updateByExample" parameterType="map" >
    update tblnfireguardinfo
    set fireGuardId = #{record.fireguardid,jdbcType=INTEGER},
      fireGuardName = #{record.fireguardname,jdbcType=VARCHAR},
      fireGuardPhone = #{record.fireguardphone,jdbcType=VARCHAR},
      fireGuardTel = #{record.fireguardtel,jdbcType=VARCHAR},
      fireRemark = #{record.fireremark,jdbcType=VARCHAR},
      isDelete = #{record.isdelete,jdbcType=INTEGER},
      createTime = #{record.createtime,jdbcType=TIMESTAMP},
      userId = #{record.userid,jdbcType=INTEGER},
      platformId = #{record.platformid,jdbcType=INTEGER}
    <if test="_parameter != null" >
      <include refid="Update_By_Example_Where_Clause" />
    </if>
  </update>
  <update id="updateByPrimaryKeySelective" parameterType="com.leniao.entity.Tblnfireguardinfo" >
    update tblnfireguardinfo
    <set >
      <if test="fireguardname != null" >
        fireGuardName = #{fireguardname,jdbcType=VARCHAR},
      </if>
      <if test="fireguardphone != null" >
        fireGuardPhone = #{fireguardphone,jdbcType=VARCHAR},
      </if>
      <if test="fireguardtel != null" >
        fireGuardTel = #{fireguardtel,jdbcType=VARCHAR},
      </if>
      <if test="fireremark != null" >
        fireRemark = #{fireremark,jdbcType=VARCHAR},
      </if>
      <if test="isdelete != null" >
        isDelete = #{isdelete,jdbcType=INTEGER},
      </if>
      <if test="createtime != null" >
        createTime = #{createtime,jdbcType=TIMESTAMP},
      </if>
      <if test="userid != null" >
        userId = #{userid,jdbcType=INTEGER},
      </if>
      <if test="platformid != null" >
        platformId = #{platformid,jdbcType=INTEGER},
      </if>
    </set>
    where fireGuardId = #{fireguardid,jdbcType=INTEGER}
  </update>
  <update id="updateByPrimaryKey" parameterType="com.leniao.entity.Tblnfireguardinfo" >
    update tblnfireguardinfo
    set fireGuardName = #{fireguardname,jdbcType=VARCHAR},
      fireGuardPhone = #{fireguardphone,jdbcType=VARCHAR},
      fireGuardTel = #{fireguardtel,jdbcType=VARCHAR},
      fireRemark = #{fireremark,jdbcType=VARCHAR},
      isDelete = #{isdelete,jdbcType=INTEGER},
      createTime = #{createtime,jdbcType=TIMESTAMP},
      userId = #{userid,jdbcType=INTEGER},
      platformId = #{platformid,jdbcType=INTEGER}
    where fireGuardId = #{fireguardid,jdbcType=INTEGER}
  </update>
</mapper>