<?xml version="1.0" encoding="UTF-8"?>
<!DOCTYPE mapper PUBLIC "-//mybatis.org//DTD Mapper 3.0//EN" "http://mybatis.org/dtd/mybatis-3-mapper.dtd">
<mapper namespace="com.leniao.mapper.WebSiteInfoMapper">
  <resultMap id="BaseResultMap" type="com.leniao.entity.WebSiteInfo">
    <id column="wid" jdbcType="INTEGER" property="wid" />
    <result column="siteid" jdbcType="INTEGER" property="siteid" />
    <result column="sitename" jdbcType="VARCHAR" property="sitename" />
    <result column="addtime" jdbcType="TIMESTAMP" property="addtime" />
    <result column="userid" jdbcType="INTEGER" property="userid" />
    <result column="isdel" jdbcType="INTEGER" property="isdel" />
    <result column="islock" jdbcType="INTEGER" property="islock" />
    <result column="weburl" jdbcType="VARCHAR" property="weburl" />
  </resultMap>
  <sql id="Example_Where_Clause">
    <where>
      <foreach collection="oredCriteria" item="criteria" separator="or">
        <if test="criteria.valid">
          <trim prefix="(" prefixOverrides="and" suffix=")">
            <foreach collection="criteria.criteria" item="criterion">
              <choose>
                <when test="criterion.noValue">
                  and ${criterion.condition}
                </when>
                <when test="criterion.singleValue">
                  and ${criterion.condition} #{criterion.value}
                </when>
                <when test="criterion.betweenValue">
                  and ${criterion.condition} #{criterion.value} and #{criterion.secondValue}
                </when>
                <when test="criterion.listValue">
                  and ${criterion.condition}
                  <foreach close=")" collection="criterion.value" item="listItem" open="(" separator=",">
                    #{listItem}
                  </foreach>
                </when>
              </choose>
            </foreach>
          </trim>
        </if>
      </foreach>
    </where>
  </sql>
  <sql id="Update_By_Example_Where_Clause">
    <where>
      <foreach collection="example.oredCriteria" item="criteria" separator="or">
        <if test="criteria.valid">
          <trim prefix="(" prefixOverrides="and" suffix=")">
            <foreach collection="criteria.criteria" item="criterion">
              <choose>
                <when test="criterion.noValue">
                  and ${criterion.condition}
                </when>
                <when test="criterion.singleValue">
                  and ${criterion.condition} #{criterion.value}
                </when>
                <when test="criterion.betweenValue">
                  and ${criterion.condition} #{criterion.value} and #{criterion.secondValue}
                </when>
                <when test="criterion.listValue">
                  and ${criterion.condition}
                  <foreach close=")" collection="criterion.value" item="listItem" open="(" separator=",">
                    #{listItem}
                  </foreach>
                </when>
              </choose>
            </foreach>
          </trim>
        </if>
      </foreach>
    </where>
  </sql>
  <sql id="Base_Column_List">
    wid, siteid, sitename, addtime, userid, isdel, islock, weburl
  </sql>
  <select id="selectByExample" parameterType="com.leniao.entity.WebSiteInfoExample" resultMap="BaseResultMap">
    select
    <if test="distinct">
      distinct
    </if>
    <include refid="Base_Column_List" />
    from tblnwebsiteinfo
    <if test="_parameter != null">
      <include refid="Example_Where_Clause" />
    </if>
    <if test="orderByClause != null">
      order by ${orderByClause}
    </if>
  </select>
  <select id="selectByPrimaryKey" parameterType="java.lang.Integer" resultMap="BaseResultMap">
    select 
    <include refid="Base_Column_List" />
    from tblnwebsiteinfo
    where wid = #{wid,jdbcType=INTEGER}
  </select>
  <delete id="deleteByPrimaryKey" parameterType="java.lang.Integer">
    delete from tblnwebsiteinfo
    where wid = #{wid,jdbcType=INTEGER}
  </delete>
  <delete id="deleteByExample" parameterType="com.leniao.entity.WebSiteInfoExample">
    delete from tblnwebsiteinfo
    <if test="_parameter != null">
      <include refid="Example_Where_Clause" />
    </if>
  </delete>
  <insert id="insert" parameterType="com.leniao.entity.WebSiteInfo">
    insert into tblnwebsiteinfo (wid, siteid, sitename, 
      addtime, userid, isdel, 
      islock, weburl)
    values (#{wid,jdbcType=INTEGER}, #{siteid,jdbcType=INTEGER}, #{sitename,jdbcType=VARCHAR}, 
      #{addtime,jdbcType=TIMESTAMP}, #{userid,jdbcType=INTEGER}, #{isdel,jdbcType=INTEGER}, 
      #{islock,jdbcType=INTEGER}, #{weburl,jdbcType=VARCHAR})
  </insert>
  <insert id="insertSelective" parameterType="com.leniao.entity.WebSiteInfo">
    insert into tblnwebsiteinfo
    <trim prefix="(" suffix=")" suffixOverrides=",">
      <if test="wid != null">
        wid,
      </if>
      <if test="siteid != null">
        siteid,
      </if>
      <if test="sitename != null">
        sitename,
      </if>
      <if test="addtime != null">
        addtime,
      </if>
      <if test="userid != null">
        userid,
      </if>
      <if test="isdel != null">
        isdel,
      </if>
      <if test="islock != null">
        islock,
      </if>
      <if test="weburl != null">
        weburl,
      </if>
    </trim>
    <trim prefix="values (" suffix=")" suffixOverrides=",">
      <if test="wid != null">
        #{wid,jdbcType=INTEGER},
      </if>
      <if test="siteid != null">
        #{siteid,jdbcType=INTEGER},
      </if>
      <if test="sitename != null">
        #{sitename,jdbcType=VARCHAR},
      </if>
      <if test="addtime != null">
        #{addtime,jdbcType=TIMESTAMP},
      </if>
      <if test="userid != null">
        #{userid,jdbcType=INTEGER},
      </if>
      <if test="isdel != null">
        #{isdel,jdbcType=INTEGER},
      </if>
      <if test="islock != null">
        #{islock,jdbcType=INTEGER},
      </if>
      <if test="weburl != null">
        #{weburl,jdbcType=VARCHAR},
      </if>
    </trim>
  </insert>
  <select id="countByExample" parameterType="com.leniao.entity.WebSiteInfoExample" resultType="java.lang.Long">
    select count(*) from tblnwebsiteinfo
    <if test="_parameter != null">
      <include refid="Example_Where_Clause" />
    </if>
  </select>
  <update id="updateByExampleSelective" parameterType="map">
    update tblnwebsiteinfo
    <set>
      <if test="record.wid != null">
        wid = #{record.wid,jdbcType=INTEGER},
      </if>
      <if test="record.siteid != null">
        siteid = #{record.siteid,jdbcType=INTEGER},
      </if>
      <if test="record.sitename != null">
        sitename = #{record.sitename,jdbcType=VARCHAR},
      </if>
      <if test="record.addtime != null">
        addtime = #{record.addtime,jdbcType=TIMESTAMP},
      </if>
      <if test="record.userid != null">
        userid = #{record.userid,jdbcType=INTEGER},
      </if>
      <if test="record.isdel != null">
        isdel = #{record.isdel,jdbcType=INTEGER},
      </if>
      <if test="record.islock != null">
        islock = #{record.islock,jdbcType=INTEGER},
      </if>
      <if test="record.weburl != null">
        weburl = #{record.weburl,jdbcType=VARCHAR},
      </if>
    </set>
    <if test="_parameter != null">
      <include refid="Update_By_Example_Where_Clause" />
    </if>
  </update>
  <update id="updateByExample" parameterType="map">
    update tblnwebsiteinfo
    set wid = #{record.wid,jdbcType=INTEGER},
      siteid = #{record.siteid,jdbcType=INTEGER},
      sitename = #{record.sitename,jdbcType=VARCHAR},
      addtime = #{record.addtime,jdbcType=TIMESTAMP},
      userid = #{record.userid,jdbcType=INTEGER},
      isdel = #{record.isdel,jdbcType=INTEGER},
      islock = #{record.islock,jdbcType=INTEGER},
      weburl = #{record.weburl,jdbcType=VARCHAR}
    <if test="_parameter != null">
      <include refid="Update_By_Example_Where_Clause" />
    </if>
  </update>
  <update id="updateByPrimaryKeySelective" parameterType="com.leniao.entity.WebSiteInfo">
    update tblnwebsiteinfo
    <set>
      <if test="siteid != null">
        siteid = #{siteid,jdbcType=INTEGER},
      </if>
      <if test="sitename != null">
        sitename = #{sitename,jdbcType=VARCHAR},
      </if>
      <if test="addtime != null">
        addtime = #{addtime,jdbcType=TIMESTAMP},
      </if>
      <if test="userid != null">
        userid = #{userid,jdbcType=INTEGER},
      </if>
      <if test="isdel != null">
        isdel = #{isdel,jdbcType=INTEGER},
      </if>
      <if test="islock != null">
        islock = #{islock,jdbcType=INTEGER},
      </if>
      <if test="weburl != null">
        weburl = #{weburl,jdbcType=VARCHAR},
      </if>
    </set>
    where wid = #{wid,jdbcType=INTEGER}
  </update>
  <update id="updateByPrimaryKey" parameterType="com.leniao.entity.WebSiteInfo">
    update tblnwebsiteinfo
    set siteid = #{siteid,jdbcType=INTEGER},
      sitename = #{sitename,jdbcType=VARCHAR},
      addtime = #{addtime,jdbcType=TIMESTAMP},
      userid = #{userid,jdbcType=INTEGER},
      isdel = #{isdel,jdbcType=INTEGER},
      islock = #{islock,jdbcType=INTEGER},
      weburl = #{weburl,jdbcType=VARCHAR}
    where wid = #{wid,jdbcType=INTEGER}
  </update>
</mapper>